engine,agent,mcts_iterations,mcts_rollout_depth,mcts_exploration,size,map_type,enemy_profile,item_profile,wall_profile,enemy_count_setting,items,wall_density,player_hp,enemy_hp,ofat_factor,ofat_value,max_steps,seed,episode,map_seed,experiment_name,cell_id,won,turns,damage_taken,final_hp,remaining_enemies,map_width,map_height,generated_enemy_count,generated_obstacle_count,generated_obstacle_density,structurally_valid,reachable_floor_fraction,interior_wall_density,dead_end_count,chokepoint_count,min_enemy_attack_distance,avg_enemy_attack_distance,max_enemy_attack_distance
griddly,random,,,,medium,baseline,medium_plus,many,open,medium_plus,many,low,4,2,baseline,baseline,120,11,0,11,ofat_real,ofat:factor=baseline:value=baseline:size=medium:map_type=baseline:enemy_profile=medium_plus:item_profile=many:wall_profile=open:player_hp=4:enemy_hp=2:agent=random,0,11,4,0,3,13,11,3,16,0.09,1,0.963855421686747,0.16161616161616163,6,8,4,4.333333333333333,5
griddly,random,,,,medium,baseline,medium_plus,many,open,medium_plus,many,low,4,2,baseline,baseline,120,11,1,12,ofat_real,ofat:factor=baseline:value=baseline:size=medium:map_type=baseline:enemy_profile=medium_plus:item_profile=many:wall_profile=open:player_hp=4:enemy_hp=2:agent=random,0,9,4,0,2,13,11,3,7,0.09,1,0.967391304347826,0.0707070707070707,2,2,3,5.0,7
griddly,random,,,,medium,baseline,medium_plus,many,open,medium_plus,many,low,4,2,baseline,baseline,120,11,2,13,ofat_real,ofat:factor=baseline:value=baseline:size=medium:map_type=baseline:enemy_profile=medium_plus:item_profile=many:wall_profile=open:player_hp=4:enemy_hp=2:agent=random,0,10,4,0,3,13,11,3,8,0.09,1,0.967032967032967,0.08080808080808081,3,5,2,5.333333333333333,9
griddly,random,,,,medium,baseline,medium_plus,many,open,medium_plus,many,low,4,2,baseline,baseline,120,11,3,14,ofat_real,ofat:factor=baseline:value=baseline:size=medium:map_type=baseline:enemy_profile=medium_plus:item_profile=many:wall_profile=open:player_hp=4:enemy_hp=2:agent=random,0,12,4,0,3,13,11,3,6,0.09,1,0.967741935483871,0.06060606060606061,2,4,3,8.333333333333334,12
griddly,random,,,,medium,baseline,medium_plus,many,open,medium_plus,many,low,4,2,baseline,baseline,120,11,4,15,ofat_real,ofat:factor=baseline:value=baseline:size=medium:map_type=baseline:enemy_profile=medium_plus:item_profile=many:wall_profile=open:player_hp=4:enemy_hp=2:agent=random,0,25,4,0,1,13,11,3,8,0.09,1,0.967032967032967,0.08080808080808081,2,3,3,5.0,7
griddly,random,,,,medium,baseline,medium_plus,many,open,medium_plus,many,low,4,2,baseline,baseline,120,11,5,16,ofat_real,ofat:factor=baseline:value=baseline:size=medium:map_type=baseline:enemy_profile=medium_plus:item_profile=many:wall_profile=open:player_hp=4:enemy_hp=2:agent=random,0,25,4,0,1,13,11,3,10,0.09,1,0.9662921348314607,0.10101010101010101,5,10,7,8.666666666666666,10
griddly,random,,,,medium,baseline,medium_plus,many,open,medium_plus,many,low,4,2,baseline,baseline,120,11,6,17,ofat_real,ofat:factor=baseline:value=baseline:size=medium:map_type=baseline:enemy_profile=medium_plus:item_profile=many:wall_profile=open:player_hp=4:enemy_hp=2:agent=random,0,15,4,0,3,13,11,3,8,0.09,1,0.967032967032967,0.08080808080808081,2,4,6,10.0,13
griddly,random,,,,medium,baseline,medium_plus,many,open,medium_plus,many,low,4,2,baseline,baseline,120,11,7,18,ofat_real,ofat:factor=baseline:value=baseline:size=medium:map_type=baseline:enemy_profile=medium_plus:item_profile=many:wall_profile=open:player_hp=4:enemy_hp=2:agent=random,0,10,4,0,3,13,11,3,7,0.09,1,0.967391304347826,0.0707070707070707,1,1,7,7.666666666666667,8
griddly,random,,,,medium,baseline,medium_plus,many,open,medium_plus,many,low,4,2,baseline,baseline,120,11,8,19,ofat_real,ofat:factor=baseline:value=baseline:size=medium:map_type=baseline:enemy_profile=medium_plus:item_profile=many:wall_profile=open:player_hp=4:enemy_hp=2:agent=random,0,13,4,0,3,13,11,3,11,0.09,1,0.9659090909090909,0.1111111111111111,3,3,4,7.666666666666667,14
griddly,random,,,,medium,baseline,medium_plus,many,open,medium_plus,many,low,4,2,baseline,baseline,120,11,9,20,ofat_real,ofat:factor=baseline:value=baseline:size=medium:map_type=baseline:enemy_profile=medium_plus:item_profile=many:wall_profile=open:player_hp=4:enemy_hp=2:agent=random,0,12,4,0,2,13,11,3,11,0.09,1,0.9659090909090909,0.1111111111111111,2,3,6,8.333333333333334,11
griddly,random,,,,medium,baseline,medium_plus,many,open,medium_plus,many,low,4,2,baseline,baseline,120,11,10,21,ofat_real,ofat:factor=baseline:value=baseline:size=medium:map_type=baseline:enemy_profile=medium_plus:item_profile=many:wall_profile=open:player_hp=4:enemy_hp=2:agent=random,0,9,4,0,3,13,11,3,7,0.09,1,0.967391304347826,0.0707070707070707,2,2,3,5.333333333333333,9
griddly,random,,,,medium,baseline,medium_plus,many,open,medium_plus,many,low,4,2,baseline,baseline,120,11,11,22,ofat_real,ofat:factor=baseline:value=baseline:size=medium:map_type=baseline:enemy_profile=medium_plus:item_profile=many:wall_profile=open:player_hp=4:enemy_hp=2:agent=random,0,6,4,0,2,13,11,3,9,0.09,1,0.9666666666666667,0.09090909090909091,4,9,2,3.6666666666666665,7
griddly,random,,,,medium,baseline,medium_plus,many,open,medium_plus,many,low,4,2,baseline,baseline,120,11,12,23,ofat_real,ofat:factor=baseline:value=baseline:size=medium:map_type=baseline:enemy_profile=medium_plus:item_profile=many:wall_profile=open:player_hp=4:enemy_hp=2:agent=random,0,12,4,0,3,13,11,3,5,0.09,1,0.9680851063829787,0.050505050505050504,0,0,5,5.333333333333333,6
griddly,random,,,,medium,baseline,medium_plus,many,open,medium_plus,many,low,4,2,baseline,baseline,120,11,13,24,ofat_real,ofat:factor=baseline:value=baseline:size=medium:map_type=baseline:enemy_profile=medium_plus:item_profile=many:wall_profile=open:player_hp=4:enemy_hp=2:agent=random,0,14,4,0,3,13,11,3,8,0.09,1,0.967032967032967,0.08080808080808081,2,2,5,5.666666666666667,6
griddly,random,,,,medium,baseline,medium_plus,many,open,medium_plus,many,low,4,2,baseline,baseline,120,11,14,25,ofat_real,ofat:factor=baseline:value=baseline:size=medium:map_type=baseline:enemy_profile=medium_plus:item_profile=many:wall_profile=open:player_hp=4:enemy_hp=2:agent=random,0,19,4,0,2,13,11,3,14,0.09,1,0.9647058823529412,0.1414141414141414,2,3,6,7.333333333333333,8
griddly,random,,,,medium,baseline,medium_plus,many,open,medium_plus,many,low,4,2,baseline,baseline,120,11,15,26,ofat_real,ofat:factor=baseline:value=baseline:size=medium:map_type=baseline:enemy_profile=medium_plus:item_profile=many:wall_profile=open:player_hp=4:enemy_hp=2:agent=random,0,8,4,0,3,13,11,3,10,0.09,1,0.9662921348314607,0.10101010101010101,6,8,2,3.3333333333333335,6
griddly,random,,,,medium,baseline,medium_plus,many,open,medium_plus,many,low,4,2,baseline,baseline,120,11,16,27,ofat_real,ofat:factor=baseline:value=baseline:size=medium:map_type=baseline:enemy_profile=medium_plus:item_profile=many:wall_profile=open:player_hp=4:enemy_hp=2:agent=random,0,15,4,0,2,13,11,3,13,0.09,1,0.9534883720930233,0.13131313131313133,3,4,3,6.0,9
griddly,random,,,,medium,baseline,medium_plus,many,open,medium_plus,many,low,4,2,baseline,baseline,120,11,17,28,ofat_real,ofat:factor=baseline:value=baseline:size=medium:map_type=baseline:enemy_profile=medium_plus:item_profile=many:wall_profile=open:player_hp=4:enemy_hp=2:agent=random,0,15,4,0,2,13,11,3,12,0.09,1,0.9655172413793104,0.12121212121212122,5,5,6,7.0,8
griddly,random,,,,medium,baseline,medium_plus,many,open,medium_plus,many,low,4,2,baseline,baseline,120,11,18,29,ofat_real,ofat:factor=baseline:value=baseline:size=medium:map_type=baseline:enemy_profile=medium_plus:item_profile=many:wall_profile=open:player_hp=4:enemy_hp=2:agent=random,0,13,4,0,2,13,11,3,10,0.09,1,0.9662921348314607,0.10101010101010101,2,3,6,7.333333333333333,8
griddly,random,,,,medium,baseline,medium_plus,many,open,medium_plus,many,low,4,2,baseline,baseline,120,11,19,30,ofat_real,ofat:factor=baseline:value=baseline:size=medium:map_type=baseline:enemy_profile=medium_plus:item_profile=many:wall_profile=open:player_hp=4:enemy_hp=2:agent=random,0,9,4,0,3,13,11,3,7,0.09,1,0.967391304347826,0.0707070707070707,2,2,4,4.333333333333333,5
griddly,random,,,,medium,baseline,medium_plus,many,open,medium_plus,many,low,4,2,baseline,baseline,120,11,20,31,ofat_real,ofat:factor=baseline:value=baseline:size=medium:map_type=baseline:enemy_profile=medium_plus:item_profile=many:wall_profile=open:player_hp=4:enemy_hp=2:agent=random,0,11,4,0,3,13,11,3,6,0.09,1,0.967741935483871,0.06060606060606061,1,1,4,8.666666666666666,13
griddly,random,,,,medium,baseline,medium_plus,many,open,medium_plus,many,low,4,2,baseline,baseline,120,11,21,32,ofat_real,ofat:factor=baseline:value=baseline:size=medium:map_type=baseline:enemy_profile=medium_plus:item_profile=many:wall_profile=open:player_hp=4:enemy_hp=2:agent=random,0,13,4,0,2,13,11,3,12,0.09,1,0.9655172413793104,0.12121212121212122,3,3,4,7.333333333333333,10
griddly,random,,,,medium,baseline,medium_plus,many,open,medium_plus,many,low,4,2,baseline,baseline,120,11,22,33,ofat_real,ofat:factor=baseline:value=baseline:size=medium:map_type=baseline:enemy_profile=medium_plus:item_profile=many:wall_profile=open:player_hp=4:enemy_hp=2:agent=random,0,13,4,0,3,13,11,3,10,0.09,1,0.9662921348314607,0.10101010101010101,0,0,5,7.0,11
griddly,random,,,,medium,baseline,medium_plus,many,open,medium_plus,many,low,4,2,baseline,baseline,120,11,23,34,ofat_real,ofat:factor=baseline:value=baseline:size=medium:map_type=baseline:enemy_profile=medium_plus:item_profile=many:wall_profile=open:player_hp=4:enemy_hp=2:agent=random,0,10,4,0,3,13,11,3,7,0.09,1,0.967391304347826,0.0707070707070707,2,4,4,7.666666666666667,14
griddly,random,,,,medium,baseline,medium_plus,many,open,medium_plus,many,low,4,2,baseline,baseline,120,11,24,35,ofat_real,ofat:factor=baseline:value=baseline:size=medium:map_type=baseline:enemy_profile=medium_plus:item_profile=many:wall_profile=open:player_hp=4:enemy_hp=2:agent=random,0,10,4,0,3,13,11,3,8,0.09,1,0.9560439560439561,0.08080808080808081,2,3,2,3.3333333333333335,6
griddly,random,,,,medium,baseline,medium_plus,many,open,medium_plus,many,low,4,2,baseline,baseline,120,11,25,36,ofat_real,ofat:factor=baseline:value=baseline:size=medium:map_type=baseline:enemy_profile=medium_plus:item_profile=many:wall_profile=open:player_hp=4:enemy_hp=2:agent=random,0,11,4,0,3,13,11,3,12,0.09,1,0.9655172413793104,0.12121212121212122,1,1,4,6.333333333333333,10
griddly,random,,,,medium,baseline,medium_plus,many,open,medium_plus,many,low,4,2,baseline,baseline,120,11,26,37,ofat_real,ofat:factor=baseline:value=baseline:size=medium:map_type=baseline:enemy_profile=medium_plus:item_profile=many:wall_profile=open:player_hp=4:enemy_hp=2:agent=random,0,17,4,0,3,13,11,3,15,0.09,1,0.9523809523809523,0.15151515151515152,3,3,4,9.0,12
griddly,random,,,,medium,baseline,medium_plus,many,open,medium_plus,many,low,4,2,baseline,baseline,120,11,27,38,ofat_real,ofat:factor=baseline:value=baseline:size=medium:map_type=baseline:enemy_profile=medium_plus:item_profile=many:wall_profile=open:player_hp=4:enemy_hp=2:agent=random,0,12,4,0,2,13,11,3,5,0.09,1,0.9680851063829787,0.050505050505050504,1,1,5,5.333333333333333,6
griddly,random,,,,medium,baseline,medium_plus,many,open,medium_plus,many,low,4,2,baseline,baseline,120,11,28,39,ofat_real,ofat:factor=baseline:value=baseline:size=medium:map_type=baseline:enemy_profile=medium_plus:item_profile=many:wall_profile=open:player_hp=4:enemy_hp=2:agent=random,0,9,4,0,3,13,11,3,11,0.09,1,0.9659090909090909,0.1111111111111111,3,5,2,5.0,7
griddly,random,,,,medium,baseline,medium_plus,many,open,medium_plus,many,low,4,2,baseline,baseline,120,11,29,40,ofat_real,ofat:factor=baseline:value=baseline:size=medium:map_type=baseline:enemy_profile=medium_plus:item_profile=many:wall_profile=open:player_hp=4:enemy_hp=2:agent=random,0,19,4,0,1,13,11,3,9,0.09,1,0.9555555555555556,0.09090909090909091,1,2,5,8.0,10
griddly,heuristic,,,,medium,baseline,medium_plus,many,open,medium_plus,many,low,4,2,baseline,baseline,120,11,0,11,ofat_real,ofat:factor=baseline:value=baseline:size=medium:map_type=baseline:enemy_profile=medium_plus:item_profile=many:wall_profile=open:player_hp=4:enemy_hp=2:agent=heuristic,0,5,4,0,3,13,11,3,16,0.09,1,0.963855421686747,0.16161616161616163,6,8,4,4.333333333333333,5
griddly,heuristic,,,,medium,baseline,medium_plus,many,open,medium_plus,many,low,4,2,baseline,baseline,120,11,1,12,ofat_real,ofat:factor=baseline:value=baseline:size=medium:map_type=baseline:enemy_profile=medium_plus:item_profile=many:wall_profile=open:player_hp=4:enemy_hp=2:agent=heuristic,1,10,3,1,0,13,11,3,7,0.09,1,0.967391304347826,0.0707070707070707,2,2,3,5.0,7
griddly,heuristic,,,,medium,baseline,medium_plus,many,open,medium_plus,many,low,4,2,baseline,baseline,120,11,2,13,ofat_real,ofat:factor=baseline:value=baseline:size=medium:map_type=baseline:enemy_profile=medium_plus:item_profile=many:wall_profile=open:player_hp=4:enemy_hp=2:agent=heuristic,1,9,2,2,0,13,11,3,8,0.09,1,0.967032967032967,0.08080808080808081,3,5,2,5.333333333333333,9
griddly,heuristic,,,,medium,baseline,medium_plus,many,open,medium_plus,many,low,4,2,baseline,baseline,120,11,3,14,ofat_real,ofat:factor=baseline:value=baseline:size=medium:map_type=baseline:enemy_profile=medium_plus:item_profile=many:wall_profile=open:player_hp=4:enemy_hp=2:agent=heuristic,0,9,4,0,1,13,11,3,6,0.09,1,0.967741935483871,0.06060606060606061,2,4,3,8.333333333333334,12
griddly,heuristic,,,,medium,baseline,medium_plus,many,open,medium_plus,many,low,4,2,baseline,baseline,120,11,4,15,ofat_real,ofat:factor=baseline:value=baseline:size=medium:map_type=baseline:enemy_profile=medium_plus:item_profile=many:wall_profile=open:player_hp=4:enemy_hp=2:agent=heuristic,1,10,3,1,0,13,11,3,8,0.09,1,0.967032967032967,0.08080808080808081,2,3,3,5.0,7
griddly,heuristic,,,,medium,baseline,medium_plus,many,open,medium_plus,many,low,4,2,baseline,baseline,120,11,5,16,ofat_real,ofat:factor=baseline:value=baseline:size=medium:map_type=baseline:enemy_profile=medium_plus:item_profile=many:wall_profile=open:player_hp=4:enemy_hp=2:agent=heuristic,1,14,2,2,0,13,11,3,10,0.09,1,0.9662921348314607,0.10101010101010101,5,10,7,8.666666666666666,10
griddly,heuristic,,,,medium,baseline,medium_plus,many,open,medium_plus,many,low,4,2,baseline,baseline,120,11,6,17,ofat_real,ofat:factor=baseline:value=baseline:size=medium:map_type=baseline:enemy_profile=medium_plus:item_profile=many:wall_profile=open:player_hp=4:enemy_hp=2:agent=heuristic,0,11,4,0,1,13,11,3,8,0.09,1,0.967032967032967,0.08080808080808081,2,4,6,10.0,13
griddly,heuristic,,,,medium,baseline,medium_plus,many,open,medium_plus,many,low,4,2,baseline,baseline,120,11,7,18,ofat_real,ofat:factor=baseline:value=baseline:size=medium:map_type=baseline:enemy_profile=medium_plus:item_profile=many:wall_profile=open:player_hp=4:enemy_hp=2:agent=heuristic,1,12,3,1,0,13,11,3,7,0.09,1,0.967391304347826,0.0707070707070707,1,1,7,7.666666666666667,8
griddly,heuristic,,,,medium,baseline,medium_plus,many,open,medium_plus,many,low,4,2,baseline,baseline,120,11,8,19,ofat_real,ofat:factor=baseline:value=baseline:size=medium:map_type=baseline:enemy_profile=medium_plus:item_profile=many:wall_profile=open:player_hp=4:enemy_hp=2:agent=heuristic,0,5,4,0,2,13,11,3,11,0.09,1,0.9659090909090909,0.1111111111111111,3,3,4,7.666666666666667,14
griddly,heuristic,,,,medium,baseline,medium_plus,many,open,medium_plus,many,low,4,2,baseline,baseline,120,11,9,20,ofat_real,ofat:factor=baseline:value=baseline:size=medium:map_type=baseline:enemy_profile=medium_plus:item_profile=many:wall_profile=open:player_hp=4:enemy_hp=2:agent=heuristic,0,12,4,0,1,13,11,3,11,0.09,1,0.9659090909090909,0.1111111111111111,2,3,6,8.333333333333334,11
griddly,heuristic,,,,medium,baseline,medium_plus,many,open,medium_plus,many,low,4,2,baseline,baseline,120,11,10,21,ofat_real,ofat:factor=baseline:value=baseline:size=medium:map_type=baseline:enemy_profile=medium_plus:item_profile=many:wall_profile=open:player_hp=4:enemy_hp=2:agent=heuristic,1,8,2,2,0,13,11,3,7,0.09,1,0.967391304347826,0.0707070707070707,2,2,3,5.333333333333333,9
griddly,heuristic,,,,medium,baseline,medium_plus,many,open,medium_plus,many,low,4,2,baseline,baseline,120,11,11,22,ofat_real,ofat:factor=baseline:value=baseline:size=medium:map_type=baseline:enemy_profile=medium_plus:item_profile=many:wall_profile=open:player_hp=4:enemy_hp=2:agent=heuristic,1,10,3,1,0,13,11,3,9,0.09,1,0.9666666666666667,0.09090909090909091,4,9,2,3.6666666666666665,7
griddly,heuristic,,,,medium,baseline,medium_plus,many,open,medium_plus,many,low,4,2,baseline,baseline,120,11,12,23,ofat_real,ofat:factor=baseline:value=baseline:size=medium:map_type=baseline:enemy_profile=medium_plus:item_profile=many:wall_profile=open:player_hp=4:enemy_hp=2:agent=heuristic,0,10,4,0,1,13,11,3,5,0.09,1,0.9680851063829787,0.050505050505050504,0,0,5,5.333333333333333,6
griddly,heuristic,,,,medium,baseline,medium_plus,many,open,medium_plus,many,low,4,2,baseline,baseline,120,11,13,24,ofat_real,ofat:factor=baseline:value=baseline:size=medium:map_type=baseline:enemy_profile=medium_plus:item_profile=many:wall_profile=open:player_hp=4:enemy_hp=2:agent=heuristic,0,9,4,0,1,13,11,3,8,0.09,1,0.967032967032967,0.08080808080808081,2,2,5,5.666666666666667,6
griddly,heuristic,,,,medium,baseline,medium_plus,many,open,medium_plus,many,low,4,2,baseline,baseline,120,11,14,25,ofat_real,ofat:factor=baseline:value=baseline:size=medium:map_type=baseline:enemy_profile=medium_plus:item_profile=many:wall_profile=open:player_hp=4:enemy_hp=2:agent=heuristic,1,12,3,1,0,13,11,3,14,0.09,1,0.9647058823529412,0.1414141414141414,2,3,6,7.333333333333333,8
griddly,heuristic,,,,medium,baseline,medium_plus,many,open,medium_plus,many,low,4,2,baseline,baseline,120,11,15,26,ofat_real,ofat:factor=baseline:value=baseline:size=medium:map_type=baseline:enemy_profile=medium_plus:item_profile=many:wall_profile=open:player_hp=4:enemy_hp=2:agent=heuristic,0,8,4,0,1,13,11,3,10,0.09,1,0.9662921348314607,0.10101010101010101,6,8,2,3.3333333333333335,6
griddly,heuristic,,,,medium,baseline,medium_plus,many,open,medium_plus,many,low,4,2,baseline,baseline,120,11,16,27,ofat_real,ofat:factor=baseline:value=baseline:size=medium:map_type=baseline:enemy_profile=medium_plus:item_profile=many:wall_profile=open:player_hp=4:enemy_hp=2:agent=heuristic,0,11,4,0,1,13,11,3,13,0.09,1,0.9534883720930233,0.13131313131313133,3,4,3,6.0,9
griddly,heuristic,,,,medium,baseline,medium_plus,many,open,medium_plus,many,low,4,2,baseline,baseline,120,11,17,28,ofat_real,ofat:factor=baseline:value=baseline:size=medium:map_type=baseline:enemy_profile=medium_plus:item_profile=many:wall_profile=open:player_hp=4:enemy_hp=2:agent=heuristic,1,9,3,1,0,13,11,3,12,0.09,1,0.9655172413793104,0.12121212121212122,5,5,6,7.0,8
griddly,heuristic,,,,medium,baseline,medium_plus,many,open,medium_plus,many,low,4,2,baseline,baseline,120,11,18,29,ofat_real,ofat:factor=baseline:value=baseline:size=medium:map_type=baseline:enemy_profile=medium_plus:item_profile=many:wall_profile=open:player_hp=4:enemy_hp=2:agent=heuristic,0,9,4,0,1,13,11,3,10,0.09,1,0.9662921348314607,0.10101010101010101,2,3,6,7.333333333333333,8
griddly,heuristic,,,,medium,baseline,medium_plus,many,open,medium_plus,many,low,4,2,baseline,baseline,120,11,19,30,ofat_real,ofat:factor=baseline:value=baseline:size=medium:map_type=baseline:enemy_profile=medium_plus:item_profile=many:wall_profile=open:player_hp=4:enemy_hp=2:agent=heuristic,0,5,4,0,2,13,11,3,7,0.09,1,0.967391304347826,0.0707070707070707,2,2,4,4.333333333333333,5
griddly,heuristic,,,,medium,baseline,medium_plus,many,open,medium_plus,many,low,4,2,baseline,baseline,120,11,20,31,ofat_real,ofat:factor=baseline:value=baseline:size=medium:map_type=baseline:enemy_profile=medium_plus:item_profile=many:wall_profile=open:player_hp=4:enemy_hp=2:agent=heuristic,1,11,3,1,0,13,11,3,6,0.09,1,0.967741935483871,0.06060606060606061,1,1,4,8.666666666666666,13
griddly,heuristic,,,,medium,baseline,medium_plus,many,open,medium_plus,many,low,4,2,baseline,baseline,120,11,21,32,ofat_real,ofat:factor=baseline:value=baseline:size=medium:map_type=baseline:enemy_profile=medium_plus:item_profile=many:wall_profile=open:player_hp=4:enemy_hp=2:agent=heuristic,0,9,4,0,1,13,11,3,12,0.09,1,0.9655172413793104,0.12121212121212122,3,3,4,7.333333333333333,10
griddly,heuristic,,,,medium,baseline,medium_plus,many,open,medium_plus,many,low,4,2,baseline,baseline,120,11,22,33,ofat_real,ofat:factor=baseline:value=baseline:size=medium:map_type=baseline:enemy_profile=medium_plus:item_profile=many:wall_profile=open:player_hp=4:enemy_hp=2:agent=heuristic,1,10,3,1,0,13,11,3,10,0.09,1,0.9662921348314607,0.10101010101010101,0,0,5,7.0,11
griddly,heuristic,,,,medium,baseline,medium_plus,many,open,medium_plus,many,low,4,2,baseline,baseline,120,11,23,34,ofat_real,ofat:factor=baseline:value=baseline:size=medium:map_type=baseline:enemy_profile=medium_plus:item_profile=many:wall_profile=open:player_hp=4:enemy_hp=2:agent=heuristic,0,12,4,0,1,13,11,3,7,0.09,1,0.967391304347826,0.0707070707070707,2,4,4,7.666666666666667,14
griddly,heuristic,,,,medium,baseline,medium_plus,many,open,medium_plus,many,low,4,2,baseline,baseline,120,11,24,35,ofat_real,ofat:factor=baseline:value=baseline:size=medium:map_type=baseline:enemy_profile=medium_plus:item_profile=many:wall_profile=open:player_hp=4:enemy_hp=2:agent=heuristic,0,7,4,0,1,13,11,3,8,0.09,1,0.9560439560439561,0.08080808080808081,2,3,2,3.3333333333333335,6
griddly,heuristic,,,,medium,baseline,medium_plus,many,open,medium_plus,many,low,4,2,baseline,baseline,120,11,25,36,ofat_real,ofat:factor=baseline:value=baseline:size=medium:map_type=baseline:enemy_profile=medium_plus:item_profile=many:wall_profile=open:player_hp=4:enemy_hp=2:agent=heuristic,1,12,3,1,0,13,11,3,12,0.09,1,0.9655172413793104,0.12121212121212122,1,1,4,6.333333333333333,10
griddly,heuristic,,,,medium,baseline,medium_plus,many,open,medium_plus,many,low,4,2,baseline,baseline,120,11,26,37,ofat_real,ofat:factor=baseline:value=baseline:size=medium:map_type=baseline:enemy_profile=medium_plus:item_profile=many:wall_profile=open:player_hp=4:enemy_hp=2:agent=heuristic,0,11,4,0,1,13,11,3,15,0.09,1,0.9523809523809523,0.15151515151515152,3,3,4,9.0,12
griddly,heuristic,,,,medium,baseline,medium_plus,many,open,medium_plus,many,low,4,2,baseline,baseline,120,11,27,38,ofat_real,ofat:factor=baseline:value=baseline:size=medium:map_type=baseline:enemy_profile=medium_plus:item_profile=many:wall_profile=open:player_hp=4:enemy_hp=2:agent=heuristic,1,10,3,1,0,13,11,3,5,0.09,1,0.9680851063829787,0.050505050505050504,1,1,5,5.333333333333333,6
griddly,heuristic,,,,medium,baseline,medium_plus,many,open,medium_plus,many,low,4,2,baseline,baseline,120,11,28,39,ofat_real,ofat:factor=baseline:value=baseline:size=medium:map_type=baseline:enemy_profile=medium_plus:item_profile=many:wall_profile=open:player_hp=4:enemy_hp=2:agent=heuristic,0,7,4,0,1,13,11,3,11,0.09,1,0.9659090909090909,0.1111111111111111,3,5,2,5.0,7
griddly,heuristic,,,,medium,baseline,medium_plus,many,open,medium_plus,many,low,4,2,baseline,baseline,120,11,29,40,ofat_real,ofat:factor=baseline:value=baseline:size=medium:map_type=baseline:enemy_profile=medium_plus:item_profile=many:wall_profile=open:player_hp=4:enemy_hp=2:agent=heuristic,1,11,3,1,0,13,11,3,9,0.09,1,0.9555555555555556,0.09090909090909091,1,2,5,8.0,10
griddly,mcts_small,50,10,1.4142135623730951,medium,baseline,medium_plus,many,open,medium_plus,many,low,4,2,baseline,baseline,120,11,0,11,ofat_real,ofat:factor=baseline:value=baseline:size=medium:map_type=baseline:enemy_profile=medium_plus:item_profile=many:wall_profile=open:player_hp=4:enemy_hp=2:agent=mcts_small,1,21,3,1,0,13,11,3,16,0.09,1,0.963855421686747,0.16161616161616163,6,8,4,4.333333333333333,5
griddly,mcts_small,50,10,1.4142135623730951,medium,baseline,medium_plus,many,open,medium_plus,many,low,4,2,baseline,baseline,120,11,1,12,ofat_real,ofat:factor=baseline:value=baseline:size=medium:map_type=baseline:enemy_profile=medium_plus:item_profile=many:wall_profile=open:player_hp=4:enemy_hp=2:agent=mcts_small,1,16,3,1,0,13,11,3,7,0.09,1,0.967391304347826,0.0707070707070707,2,2,3,5.0,7
griddly,mcts_small,50,10,1.4142135623730951,medium,baseline,medium_plus,many,open,medium_plus,many,low,4,2,baseline,baseline,120,11,2,13,ofat_real,ofat:factor=baseline:value=baseline:size=medium:map_type=baseline:enemy_profile=medium_plus:item_profile=many:wall_profile=open:player_hp=4:enemy_hp=2:agent=mcts_small,1,20,2,2,0,13,11,3,8,0.09,1,0.967032967032967,0.08080808080808081,3,5,2,5.333333333333333,9
griddly,mcts_small,50,10,1.4142135623730951,medium,baseline,medium_plus,many,open,medium_plus,many,low,4,2,baseline,baseline,120,11,3,14,ofat_real,ofat:factor=baseline:value=baseline:size=medium:map_type=baseline:enemy_profile=medium_plus:item_profile=many:wall_profile=open:player_hp=4:enemy_hp=2:agent=mcts_small,1,19,3,1,0,13,11,3,6,0.09,1,0.967741935483871,0.06060606060606061,2,4,3,8.333333333333334,12
griddly,mcts_small,50,10,1.4142135623730951,medium,baseline,medium_plus,many,open,medium_plus,many,low,4,2,baseline,baseline,120,11,4,15,ofat_real,ofat:factor=baseline:value=baseline:size=medium:map_type=baseline:enemy_profile=medium_plus:item_profile=many:wall_profile=open:player_hp=4:enemy_hp=2:agent=mcts_small,1,13,3,1,0,13,11,3,8,0.09,1,0.967032967032967,0.08080808080808081,2,3,3,5.0,7
griddly,mcts_small,50,10,1.4142135623730951,medium,baseline,medium_plus,many,open,medium_plus,many,low,4,2,baseline,baseline,120,11,5,16,ofat_real,ofat:factor=baseline:value=baseline:size=medium:map_type=baseline:enemy_profile=medium_plus:item_profile=many:wall_profile=open:player_hp=4:enemy_hp=2:agent=mcts_small,1,20,1,3,0,13,11,3,10,0.09,1,0.9662921348314607,0.10101010101010101,5,10,7,8.666666666666666,10
griddly,mcts_small,50,10,1.4142135623730951,medium,baseline,medium_plus,many,open,medium_plus,many,low,4,2,baseline,baseline,120,11,6,17,ofat_real,ofat:factor=baseline:value=baseline:size=medium:map_type=baseline:enemy_profile=medium_plus:item_profile=many:wall_profile=open:player_hp=4:enemy_hp=2:agent=mcts_small,0,17,4,0,1,13,11,3,8,0.09,1,0.967032967032967,0.08080808080808081,2,4,6,10.0,13
griddly,mcts_small,50,10,1.4142135623730951,medium,baseline,medium_plus,many,open,medium_plus,many,low,4,2,baseline,baseline,120,11,7,18,ofat_real,ofat:factor=baseline:value=baseline:size=medium:map_type=baseline:enemy_profile=medium_plus:item_profile=many:wall_profile=open:player_hp=4:enemy_hp=2:agent=mcts_small,1,17,1,3,0,13,11,3,7,0.09,1,0.967391304347826,0.0707070707070707,1,1,7,7.666666666666667,8
griddly,mcts_small,50,10,1.4142135623730951,medium,baseline,medium_plus,many,open,medium_plus,many,low,4,2,baseline,baseline,120,11,8,19,ofat_real,ofat:factor=baseline:value=baseline:size=medium:map_type=baseline:enemy_profile=medium_plus:item_profile=many:wall_profile=open:player_hp=4:enemy_hp=2:agent=mcts_small,0,15,4,0,1,13,11,3,11,0.09,1,0.9659090909090909,0.1111111111111111,3,3,4,7.666666666666667,14
griddly,mcts_small,50,10,1.4142135623730951,medium,baseline,medium_plus,many,open,medium_plus,many,low,4,2,baseline,baseline,120,11,9,20,ofat_real,ofat:factor=baseline:value=baseline:size=medium:map_type=baseline:enemy_profile=medium_plus:item_profile=many:wall_profile=open:player_hp=4:enemy_hp=2:agent=mcts_small,0,19,4,0,1,13,11,3,11,0.09,1,0.9659090909090909,0.1111111111111111,2,3,6,8.333333333333334,11
griddly,mcts_small,50,10,1.4142135623730951,medium,baseline,medium_plus,many,open,medium_plus,many,low,4,2,baseline,baseline,120,11,10,21,ofat_real,ofat:factor=baseline:value=baseline:size=medium:map_type=baseline:enemy_profile=medium_plus:item_profile=many:wall_profile=open:player_hp=4:enemy_hp=2:agent=mcts_small,1,12,3,1,0,13,11,3,7,0.09,1,0.967391304347826,0.0707070707070707,2,2,3,5.333333333333333,9
griddly,mcts_small,50,10,1.4142135623730951,medium,baseline,medium_plus,many,open,medium_plus,many,low,4,2,baseline,baseline,120,11,11,22,ofat_real,ofat:factor=baseline:value=baseline:size=medium:map_type=baseline:enemy_profile=medium_plus:item_profile=many:wall_profile=open:player_hp=4:enemy_hp=2:agent=mcts_small,1,17,3,1,0,13,11,3,9,0.09,1,0.9666666666666667,0.09090909090909091,4,9,2,3.6666666666666665,7
griddly,mcts_small,50,10,1.4142135623730951,medium,baseline,medium_plus,many,open,medium_plus,many,low,4,2,baseline,baseline,120,11,12,23,ofat_real,ofat:factor=baseline:value=baseline:size=medium:map_type=baseline:enemy_profile=medium_plus:item_profile=many:wall_profile=open:player_hp=4:enemy_hp=2:agent=mcts_small,0,11,4,0,2,13,11,3,5,0.09,1,0.9680851063829787,0.050505050505050504,0,0,5,5.333333333333333,6
griddly,mcts_small,50,10,1.4142135623730951,medium,baseline,medium_plus,many,open,medium_plus,many,low,4,2,baseline,baseline,120,11,13,24,ofat_real,ofat:factor=baseline:value=baseline:size=medium:map_type=baseline:enemy_profile=medium_plus:item_profile=many:wall_profile=open:player_hp=4:enemy_hp=2:agent=mcts_small,0,13,4,0,2,13,11,3,8,0.09,1,0.967032967032967,0.08080808080808081,2,2,5,5.666666666666667,6
griddly,mcts_small,50,10,1.4142135623730951,medium,baseline,medium_plus,many,open,medium_plus,many,low,4,2,baseline,baseline,120,11,14,25,ofat_real,ofat:factor=baseline:value=baseline:size=medium:map_type=baseline:enemy_profile=medium_plus:item_profile=many:wall_profile=open:player_hp=4:enemy_hp=2:agent=mcts_small,1,22,3,1,0,13,11,3,14,0.09,1,0.9647058823529412,0.1414141414141414,2,3,6,7.333333333333333,8
griddly,mcts_small,50,10,1.4142135623730951,medium,baseline,medium_plus,many,open,medium_plus,many,low,4,2,baseline,baseline,120,11,15,26,ofat_real,ofat:factor=baseline:value=baseline:size=medium:map_type=baseline:enemy_profile=medium_plus:item_profile=many:wall_profile=open:player_hp=4:enemy_hp=2:agent=mcts_small,1,12,3,1,0,13,11,3,10,0.09,1,0.9662921348314607,0.10101010101010101,6,8,2,3.3333333333333335,6
griddly,mcts_small,50,10,1.4142135623730951,medium,baseline,medium_plus,many,open,medium_plus,many,low,4,2,baseline,baseline,120,11,16,27,ofat_real,ofat:factor=baseline:value=baseline:size=medium:map_type=baseline:enemy_profile=medium_plus:item_profile=many:wall_profile=open:player_hp=4:enemy_hp=2:agent=mcts_small,0,15,4,0,2,13,11,3,13,0.09,1,0.9534883720930233,0.13131313131313133,3,4,3,6.0,9
griddly,mcts_small,50,10,1.4142135623730951,medium,baseline,medium_plus,many,open,medium_plus,many,low,4,2,baseline,baseline,120,11,17,28,ofat_real,ofat:factor=baseline:value=baseline:size=medium:map_type=baseline:enemy_profile=medium_plus:item_profile=many:wall_profile=open:player_hp=4:enemy_hp=2:agent=mcts_small,1,25,1,3,0,13,11,3,12,0.09,1,0.9655172413793104,0.12121212121212122,5,5,6,7.0,8
griddly,mcts_small,50,10,1.4142135623730951,medium,baseline,medium_plus,many,open,medium_plus,many,low,4,2,baseline,baseline,120,11,18,29,ofat_real,ofat:factor=baseline:value=baseline:size=medium:map_type=baseline:enemy_profile=medium_plus:item_profile=many:wall_profile=open:player_hp=4:enemy_hp=2:agent=mcts_small,1,25,1,3,0,13,11,3,10,0.09,1,0.9662921348314607,0.10101010101010101,2,3,6,7.333333333333333,8
griddly,mcts_small,50,10,1.4142135623730951,medium,baseline,medium_plus,many,open,medium_plus,many,low,4,2,baseline,baseline,120,11,19,30,ofat_real,ofat:factor=baseline:value=baseline:size=medium:map_type=baseline:enemy_profile=medium_plus:item_profile=many:wall_profile=open:player_hp=4:enemy_hp=2:agent=mcts_small,0,10,4,0,1,13,11,3,7,0.09,1,0.967391304347826,0.0707070707070707,2,2,4,4.333333333333333,5
griddly,mcts_small,50,10,1.4142135623730951,medium,baseline,medium_plus,many,open,medium_plus,many,low,4,2,baseline,baseline,120,11,20,31,ofat_real,ofat:factor=baseline:value=baseline:size=medium:map_type=baseline:enemy_profile=medium_plus:item_profile=many:wall_profile=open:player_hp=4:enemy_hp=2:agent=mcts_small,1,15,3,1,0,13,11,3,6,0.09,1,0.967741935483871,0.06060606060606061,1,1,4,8.666666666666666,13
griddly,mcts_small,50,10,1.4142135623730951,medium,baseline,medium_plus,many,open,medium_plus,many,low,4,2,baseline,baseline,120,11,21,32,ofat_real,ofat:factor=baseline:value=baseline:size=medium:map_type=baseline:enemy_profile=medium_plus:item_profile=many:wall_profile=open:player_hp=4:enemy_hp=2:agent=mcts_small,1,15,2,2,0,13,11,3,12,0.09,1,0.9655172413793104,0.12121212121212122,3,3,4,7.333333333333333,10
griddly,mcts_small,50,10,1.4142135623730951,medium,baseline,medium_plus,many,open,medium_plus,many,low,4,2,baseline,baseline,120,11,22,33,ofat_real,ofat:factor=baseline:value=baseline:size=medium:map_type=baseline:enemy_profile=medium_plus:item_profile=many:wall_profile=open:player_hp=4:enemy_hp=2:agent=mcts_small,0,11,4,0,3,13,11,3,10,0.09,1,0.9662921348314607,0.10101010101010101,0,0,5,7.0,11
griddly,mcts_small,50,10,1.4142135623730951,medium,baseline,medium_plus,many,open,medium_plus,many,low,4,2,baseline,baseline,120,11,23,34,ofat_real,ofat:factor=baseline:value=baseline:size=medium:map_type=baseline:enemy_profile=medium_plus:item_profile=many:wall_profile=open:player_hp=4:enemy_hp=2:agent=mcts_small,1,16,3,1,0,13,11,3,7,0.09,1,0.967391304347826,0.0707070707070707,2,4,4,7.666666666666667,14
griddly,mcts_small,50,10,1.4142135623730951,medium,baseline,medium_plus,many,open,medium_plus,many,low,4,2,baseline,baseline,120,11,24,35,ofat_real,ofat:factor=baseline:value=baseline:size=medium:map_type=baseline:enemy_profile=medium_plus:item_profile=many:wall_profile=open:player_hp=4:enemy_hp=2:agent=mcts_small,0,8,4,0,1,13,11,3,8,0.09,1,0.9560439560439561,0.08080808080808081,2,3,2,3.3333333333333335,6
griddly,mcts_small,50,10,1.4142135623730951,medium,baseline,medium_plus,many,open,medium_plus,many,low,4,2,baseline,baseline,120,11,25,36,ofat_real,ofat:factor=baseline:value=baseline:size=medium:map_type=baseline:enemy_profile=medium_plus:item_profile=many:wall_profile=open:player_hp=4:enemy_hp=2:agent=mcts_small,1,12,3,1,0,13,11,3,12,0.09,1,0.9655172413793104,0.12121212121212122,1,1,4,6.333333333333333,10
griddly,mcts_small,50,10,1.4142135623730951,medium,baseline,medium_plus,many,open,medium_plus,many,low,4,2,baseline,baseline,120,11,26,37,ofat_real,ofat:factor=baseline:value=baseline:size=medium:map_type=baseline:enemy_profile=medium_plus:item_profile=many:wall_profile=open:player_hp=4:enemy_hp=2:agent=mcts_small,1,19,3,1,0,13,11,3,15,0.09,1,0.9523809523809523,0.15151515151515152,3,3,4,9.0,12
griddly,mcts_small,50,10,1.4142135623730951,medium,baseline,medium_plus,many,open,medium_plus,many,low,4,2,baseline,baseline,120,11,27,38,ofat_real,ofat:factor=baseline:value=baseline:size=medium:map_type=baseline:enemy_profile=medium_plus:item_profile=many:wall_profile=open:player_hp=4:enemy_hp=2:agent=mcts_small,0,14,4,0,2,13,11,3,5,0.09,1,0.9680851063829787,0.050505050505050504,1,1,5,5.333333333333333,6
griddly,mcts_small,50,10,1.4142135623730951,medium,baseline,medium_plus,many,open,medium_plus,many,low,4,2,baseline,baseline,120,11,28,39,ofat_real,ofat:factor=baseline:value=baseline:size=medium:map_type=baseline:enemy_profile=medium_plus:item_profile=many:wall_profile=open:player_hp=4:enemy_hp=2:agent=mcts_small,1,12,2,2,0,13,11,3,11,0.09,1,0.9659090909090909,0.1111111111111111,3,5,2,5.0,7
griddly,mcts_small,50,10,1.4142135623730951,medium,baseline,medium_plus,many,open,medium_plus,many,low,4,2,baseline,baseline,120,11,29,40,ofat_real,ofat:factor=baseline:value=baseline:size=medium:map_type=baseline:enemy_profile=medium_plus:item_profile=many:wall_profile=open:player_hp=4:enemy_hp=2:agent=mcts_small,0,12,4,0,2,13,11,3,9,0.09,1,0.9555555555555556,0.09090909090909091,1,2,5,8.0,10
griddly,mcts_medium,200,30,1.4142135623730951,medium,baseline,medium_plus,many,open,medium_plus,many,low,4,2,baseline,baseline,120,11,0,11,ofat_real,ofat:factor=baseline:value=baseline:size=medium:map_type=baseline:enemy_profile=medium_plus:item_profile=many:wall_profile=open:player_hp=4:enemy_hp=2:agent=mcts_medium,1,18,2,2,0,13,11,3,16,0.09,1,0.963855421686747,0.16161616161616163,6,8,4,4.333333333333333,5
griddly,mcts_medium,200,30,1.4142135623730951,medium,baseline,medium_plus,many,open,medium_plus,many,low,4,2,baseline,baseline,120,11,1,12,ofat_real,ofat:factor=baseline:value=baseline:size=medium:map_type=baseline:enemy_profile=medium_plus:item_profile=many:wall_profile=open:player_hp=4:enemy_hp=2:agent=mcts_medium,1,13,2,2,0,13,11,3,7,0.09,1,0.967391304347826,0.0707070707070707,2,2,3,5.0,7
griddly,mcts_medium,200,30,1.4142135623730951,medium,baseline,medium_plus,many,open,medium_plus,many,low,4,2,baseline,baseline,120,11,2,13,ofat_real,ofat:factor=baseline:value=baseline:size=medium:map_type=baseline:enemy_profile=medium_plus:item_profile=many:wall_profile=open:player_hp=4:enemy_hp=2:agent=mcts_medium,1,12,1,3,0,13,11,3,8,0.09,1,0.967032967032967,0.08080808080808081,3,5,2,5.333333333333333,9
griddly,mcts_medium,200,30,1.4142135623730951,medium,baseline,medium_plus,many,open,medium_plus,many,low,4,2,baseline,baseline,120,11,3,14,ofat_real,ofat:factor=baseline:value=baseline:size=medium:map_type=baseline:enemy_profile=medium_plus:item_profile=many:wall_profile=open:player_hp=4:enemy_hp=2:agent=mcts_medium,1,17,3,1,0,13,11,3,6,0.09,1,0.967741935483871,0.06060606060606061,2,4,3,8.333333333333334,12
griddly,mcts_medium,200,30,1.4142135623730951,medium,baseline,medium_plus,many,open,medium_plus,many,low,4,2,baseline,baseline,120,11,4,15,ofat_real,ofat:factor=baseline:value=baseline:size=medium:map_type=baseline:enemy_profile=medium_plus:item_profile=many:wall_profile=open:player_hp=4:enemy_hp=2:agent=mcts_medium,1,12,2,2,0,13,11,3,8,0.09,1,0.967032967032967,0.08080808080808081,2,3,3,5.0,7
griddly,mcts_medium,200,30,1.4142135623730951,medium,baseline,medium_plus,many,open,medium_plus,many,low,4,2,baseline,baseline,120,11,5,16,ofat_real,ofat:factor=baseline:value=baseline:size=medium:map_type=baseline:enemy_profile=medium_plus:item_profile=many:wall_profile=open:player_hp=4:enemy_hp=2:agent=mcts_medium,1,31,1,3,0,13,11,3,10,0.09,1,0.9662921348314607,0.10101010101010101,5,10,7,8.666666666666666,10
griddly,mcts_medium,200,30,1.4142135623730951,medium,baseline,medium_plus,many,open,medium_plus,many,low,4,2,baseline,baseline,120,11,6,17,ofat_real,ofat:factor=baseline:value=baseline:size=medium:map_type=baseline:enemy_profile=medium_plus:item_profile=many:wall_profile=open:player_hp=4:enemy_hp=2:agent=mcts_medium,0,15,4,0,1,13,11,3,8,0.09,1,0.967032967032967,0.08080808080808081,2,4,6,10.0,13
griddly,mcts_medium,200,30,1.4142135623730951,medium,baseline,medium_plus,many,open,medium_plus,many,low,4,2,baseline,baseline,120,11,7,18,ofat_real,ofat:factor=baseline:value=baseline:size=medium:map_type=baseline:enemy_profile=medium_plus:item_profile=many:wall_profile=open:player_hp=4:enemy_hp=2:agent=mcts_medium,1,21,2,2,0,13,11,3,7,0.09,1,0.967391304347826,0.0707070707070707,1,1,7,7.666666666666667,8
griddly,mcts_medium,200,30,1.4142135623730951,medium,baseline,medium_plus,many,open,medium_plus,many,low,4,2,baseline,baseline,120,11,8,19,ofat_real,ofat:factor=baseline:value=baseline:size=medium:map_type=baseline:enemy_profile=medium_plus:item_profile=many:wall_profile=open:player_hp=4:enemy_hp=2:agent=mcts_medium,0,18,4,0,1,13,11,3,11,0.09,1,0.9659090909090909,0.1111111111111111,3,3,4,7.666666666666667,14
griddly,mcts_medium,200,30,1.4142135623730951,medium,baseline,medium_plus,many,open,medium_plus,many,low,4,2,baseline,baseline,120,11,9,20,ofat_real,ofat:factor=baseline:value=baseline:size=medium:map_type=baseline:enemy_profile=medium_plus:item_profile=many:wall_profile=open:player_hp=4:enemy_hp=2:agent=mcts_medium,1,14,3,1,0,13,11,3,11,0.09,1,0.9659090909090909,0.1111111111111111,2,3,6,8.333333333333334,11
griddly,mcts_medium,200,30,1.4142135623730951,medium,baseline,medium_plus,many,open,medium_plus,many,low,4,2,baseline,baseline,120,11,10,21,ofat_real,ofat:factor=baseline:value=baseline:size=medium:map_type=baseline:enemy_profile=medium_plus:item_profile=many:wall_profile=open:player_hp=4:enemy_hp=2:agent=mcts_medium,1,17,3,1,0,13,11,3,7,0.09,1,0.967391304347826,0.0707070707070707,2,2,3,5.333333333333333,9
griddly,mcts_medium,200,30,1.4142135623730951,medium,baseline,medium_plus,many,open,medium_plus,many,low,4,2,baseline,baseline,120,11,11,22,ofat_real,ofat:factor=baseline:value=baseline:size=medium:map_type=baseline:enemy_profile=medium_plus:item_profile=many:wall_profile=open:player_hp=4:enemy_hp=2:agent=mcts_medium,0,20,4,0,1,13,11,3,9,0.09,1,0.9666666666666667,0.09090909090909091,4,9,2,3.6666666666666665,7
griddly,mcts_medium,200,30,1.4142135623730951,medium,baseline,medium_plus,many,open,medium_plus,many,low,4,2,baseline,baseline,120,11,12,23,ofat_real,ofat:factor=baseline:value=baseline:size=medium:map_type=baseline:enemy_profile=medium_plus:item_profile=many:wall_profile=open:player_hp=4:enemy_hp=2:agent=mcts_medium,1,20,2,2,0,13,11,3,5,0.09,1,0.9680851063829787,0.050505050505050504,0,0,5,5.333333333333333,6
griddly,mcts_medium,200,30,1.4142135623730951,medium,baseline,medium_plus,many,open,medium_plus,many,low,4,2,baseline,baseline,120,11,13,24,ofat_real,ofat:factor=baseline:value=baseline:size=medium:map_type=baseline:enemy_profile=medium_plus:item_profile=many:wall_profile=open:player_hp=4:enemy_hp=2:agent=mcts_medium,1,21,1,3,0,13,11,3,8,0.09,1,0.967032967032967,0.08080808080808081,2,2,5,5.666666666666667,6
griddly,mcts_medium,200,30,1.4142135623730951,medium,baseline,medium_plus,many,open,medium_plus,many,low,4,2,baseline,baseline,120,11,14,25,ofat_real,ofat:factor=baseline:value=baseline:size=medium:map_type=baseline:enemy_profile=medium_plus:item_profile=many:wall_profile=open:player_hp=4:enemy_hp=2:agent=mcts_medium,1,41,2,2,0,13,11,3,14,0.09,1,0.9647058823529412,0.1414141414141414,2,3,6,7.333333333333333,8
griddly,mcts_medium,200,30,1.4142135623730951,medium,baseline,medium_plus,many,open,medium_plus,many,low,4,2,baseline,baseline,120,11,15,26,ofat_real,ofat:factor=baseline:value=baseline:size=medium:map_type=baseline:enemy_profile=medium_plus:item_profile=many:wall_profile=open:player_hp=4:enemy_hp=2:agent=mcts_medium,1,10,3,1,0,13,11,3,10,0.09,1,0.9662921348314607,0.10101010101010101,6,8,2,3.3333333333333335,6
griddly,mcts_medium,200,30,1.4142135623730951,medium,baseline,medium_plus,many,open,medium_plus,many,low,4,2,baseline,baseline,120,11,16,27,ofat_real,ofat:factor=baseline:value=baseline:size=medium:map_type=baseline:enemy_profile=medium_plus:item_profile=many:wall_profile=open:player_hp=4:enemy_hp=2:agent=mcts_medium,1,14,2,2,0,13,11,3,13,0.09,1,0.9534883720930233,0.13131313131313133,3,4,3,6.0,9
griddly,mcts_medium,200,30,1.4142135623730951,medium,baseline,medium_plus,many,open,medium_plus,many,low,4,2,baseline,baseline,120,11,17,28,ofat_real,ofat:factor=baseline:value=baseline:size=medium:map_type=baseline:enemy_profile=medium_plus:item_profile=many:wall_profile=open:player_hp=4:enemy_hp=2:agent=mcts_medium,1,21,1,3,0,13,11,3,12,0.09,1,0.9655172413793104,0.12121212121212122,5,5,6,7.0,8
griddly,mcts_medium,200,30,1.4142135623730951,medium,baseline,medium_plus,many,open,medium_plus,many,low,4,2,baseline,baseline,120,11,18,29,ofat_real,ofat:factor=baseline:value=baseline:size=medium:map_type=baseline:enemy_profile=medium_plus:item_profile=many:wall_profile=open:player_hp=4:enemy_hp=2:agent=mcts_medium,1,23,3,1,0,13,11,3,10,0.09,1,0.9662921348314607,0.10101010101010101,2,3,6,7.333333333333333,8
griddly,mcts_medium,200,30,1.4142135623730951,medium,baseline,medium_plus,many,open,medium_plus,many,low,4,2,baseline,baseline,120,11,19,30,ofat_real,ofat:factor=baseline:value=baseline:size=medium:map_type=baseline:enemy_profile=medium_plus:item_profile=many:wall_profile=open:player_hp=4:enemy_hp=2:agent=mcts_medium,1,14,3,1,0,13,11,3,7,0.09,1,0.967391304347826,0.0707070707070707,2,2,4,4.333333333333333,5
griddly,mcts_medium,200,30,1.4142135623730951,medium,baseline,medium_plus,many,open,medium_plus,many,low,4,2,baseline,baseline,120,11,20,31,ofat_real,ofat:factor=baseline:value=baseline:size=medium:map_type=baseline:enemy_profile=medium_plus:item_profile=many:wall_profile=open:player_hp=4:enemy_hp=2:agent=mcts_medium,1,15,3,1,0,13,11,3,6,0.09,1,0.967741935483871,0.06060606060606061,1,1,4,8.666666666666666,13
griddly,mcts_medium,200,30,1.4142135623730951,medium,baseline,medium_plus,many,open,medium_plus,many,low,4,2,baseline,baseline,120,11,21,32,ofat_real,ofat:factor=baseline:value=baseline:size=medium:map_type=baseline:enemy_profile=medium_plus:item_profile=many:wall_profile=open:player_hp=4:enemy_hp=2:agent=mcts_medium,1,20,2,2,0,13,11,3,12,0.09,1,0.9655172413793104,0.12121212121212122,3,3,4,7.333333333333333,10
griddly,mcts_medium,200,30,1.4142135623730951,medium,baseline,medium_plus,many,open,medium_plus,many,low,4,2,baseline,baseline,120,11,22,33,ofat_real,ofat:factor=baseline:value=baseline:size=medium:map_type=baseline:enemy_profile=medium_plus:item_profile=many:wall_profile=open:player_hp=4:enemy_hp=2:agent=mcts_medium,1,17,3,1,0,13,11,3,10,0.09,1,0.9662921348314607,0.10101010101010101,0,0,5,7.0,11
griddly,mcts_medium,200,30,1.4142135623730951,medium,baseline,medium_plus,many,open,medium_plus,many,low,4,2,baseline,baseline,120,11,23,34,ofat_real,ofat:factor=baseline:value=baseline:size=medium:map_type=baseline:enemy_profile=medium_plus:item_profile=many:wall_profile=open:player_hp=4:enemy_hp=2:agent=mcts_medium,1,15,2,2,0,13,11,3,7,0.09,1,0.967391304347826,0.0707070707070707,2,4,4,7.666666666666667,14
griddly,mcts_medium,200,30,1.4142135623730951,medium,baseline,medium_plus,many,open,medium_plus,many,low,4,2,baseline,baseline,120,11,24,35,ofat_real,ofat:factor=baseline:value=baseline:size=medium:map_type=baseline:enemy_profile=medium_plus:item_profile=many:wall_profile=open:player_hp=4:enemy_hp=2:agent=mcts_medium,0,9,4,0,1,13,11,3,8,0.09,1,0.9560439560439561,0.08080808080808081,2,3,2,3.3333333333333335,6
griddly,mcts_medium,200,30,1.4142135623730951,medium,baseline,medium_plus,many,open,medium_plus,many,low,4,2,baseline,baseline,120,11,25,36,ofat_real,ofat:factor=baseline:value=baseline:size=medium:map_type=baseline:enemy_profile=medium_plus:item_profile=many:wall_profile=open:player_hp=4:enemy_hp=2:agent=mcts_medium,1,11,3,1,0,13,11,3,12,0.09,1,0.9655172413793104,0.12121212121212122,1,1,4,6.333333333333333,10
griddly,mcts_medium,200,30,1.4142135623730951,medium,baseline,medium_plus,many,open,medium_plus,many,low,4,2,baseline,baseline,120,11,26,37,ofat_real,ofat:factor=baseline:value=baseline:size=medium:map_type=baseline:enemy_profile=medium_plus:item_profile=many:wall_profile=open:player_hp=4:enemy_hp=2:agent=mcts_medium,0,20,4,0,1,13,11,3,15,0.09,1,0.9523809523809523,0.15151515151515152,3,3,4,9.0,12
griddly,mcts_medium,200,30,1.4142135623730951,medium,baseline,medium_plus,many,open,medium_plus,many,low,4,2,baseline,baseline,120,11,27,38,ofat_real,ofat:factor=baseline:value=baseline:size=medium:map_type=baseline:enemy_profile=medium_plus:item_profile=many:wall_profile=open:player_hp=4:enemy_hp=2:agent=mcts_medium,1,26,2,2,0,13,11,3,5,0.09,1,0.9680851063829787,0.050505050505050504,1,1,5,5.333333333333333,6
griddly,mcts_medium,200,30,1.4142135623730951,medium,baseline,medium_plus,many,open,medium_plus,many,low,4,2,baseline,baseline,120,11,28,39,ofat_real,ofat:factor=baseline:value=baseline:size=medium:map_type=baseline:enemy_profile=medium_plus:item_profile=many:wall_profile=open:player_hp=4:enemy_hp=2:agent=mcts_medium,1,15,3,1,0,13,11,3,11,0.09,1,0.9659090909090909,0.1111111111111111,3,5,2,5.0,7
griddly,mcts_medium,200,30,1.4142135623730951,medium,baseline,medium_plus,many,open,medium_plus,many,low,4,2,baseline,baseline,120,11,29,40,ofat_real,ofat:factor=baseline:value=baseline:size=medium:map_type=baseline:enemy_profile=medium_plus:item_profile=many:wall_profile=open:player_hp=4:enemy_hp=2:agent=mcts_medium,1,21,2,2,0,13,11,3,9,0.09,1,0.9555555555555556,0.09090909090909091,1,2,5,8.0,10
griddly,random,,,,small,baseline,medium_plus,many,open,default,many,low,4,2,size,small,120,11,0,11,ofat_real,ofat:factor=size:value=small:size=small:map_type=baseline:enemy_profile=medium_plus:item_profile=many:wall_profile=open:player_hp=4:enemy_hp=2:agent=random,0,16,4,0,1,9,7,1,3,0.05,1,0.96875,0.08571428571428572,0,0,2,2.0,2
griddly,random,,,,small,baseline,medium_plus,many,open,default,many,low,4,2,size,small,120,11,1,12,ofat_real,ofat:factor=size:value=small:size=small:map_type=baseline:enemy_profile=medium_plus:item_profile=many:wall_profile=open:player_hp=4:enemy_hp=2:agent=random,1,13,2,2,0,9,7,1,1,0.05,1,0.9705882352941176,0.02857142857142857,0,0,3,3.0,3
griddly,random,,,,small,baseline,medium_plus,many,open,default,many,low,4,2,size,small,120,11,2,13,ofat_real,ofat:factor=size:value=small:size=small:map_type=baseline:enemy_profile=medium_plus:item_profile=many:wall_profile=open:player_hp=4:enemy_hp=2:agent=random,1,10,3,1,0,9,7,1,1,0.05,1,0.9705882352941176,0.02857142857142857,0,0,3,3.0,3
griddly,random,,,,small,baseline,medium_plus,many,open,default,many,low,4,2,size,small,120,11,3,14,ofat_real,ofat:factor=size:value=small:size=small:map_type=baseline:enemy_profile=medium_plus:item_profile=many:wall_profile=open:player_hp=4:enemy_hp=2:agent=random,1,12,2,2,0,9,7,1,1,0.05,1,0.9705882352941176,0.02857142857142857,0,0,6,6.0,6
griddly,random,,,,small,baseline,medium_plus,many,open,default,many,low,4,2,size,small,120,11,4,15,ofat_real,ofat:factor=size:value=small:size=small:map_type=baseline:enemy_profile=medium_plus:item_profile=many:wall_profile=open:player_hp=4:enemy_hp=2:agent=random,1,17,3,1,0,9,7,1,1,0.05,1,0.9705882352941176,0.02857142857142857,0,0,8,8.0,8
griddly,random,,,,small,baseline,medium_plus,many,open,default,many,low,4,2,size,small,120,11,5,16,ofat_real,ofat:factor=size:value=small:size=small:map_type=baseline:enemy_profile=medium_plus:item_profile=many:wall_profile=open:player_hp=4:enemy_hp=2:agent=random,1,16,1,3,0,9,7,1,2,0.05,1,0.9696969696969697,0.05714285714285714,1,2,5,5.0,5
griddly,random,,,,small,baseline,medium_plus,many,open,default,many,low,4,2,size,small,120,11,6,17,ofat_real,ofat:factor=size:value=small:size=small:map_type=baseline:enemy_profile=medium_plus:item_profile=many:wall_profile=open:player_hp=4:enemy_hp=2:agent=random,0,13,4,0,1,9,7,1,1,0.05,1,0.9705882352941176,0.02857142857142857,0,0,4,4.0,4
griddly,random,,,,small,baseline,medium_plus,many,open,default,many,low,4,2,size,small,120,11,7,18,ofat_real,ofat:factor=size:value=small:size=small:map_type=baseline:enemy_profile=medium_plus:item_profile=many:wall_profile=open:player_hp=4:enemy_hp=2:agent=random,0,11,4,0,1,9,7,1,0,0.05,1,0.9714285714285714,0.0,0,0,4,4.0,4
griddly,random,,,,small,baseline,medium_plus,many,open,default,many,low,4,2,size,small,120,11,8,19,ofat_real,ofat:factor=size:value=small:size=small:map_type=baseline:enemy_profile=medium_plus:item_profile=many:wall_profile=open:player_hp=4:enemy_hp=2:agent=random,1,14,3,1,0,9,7,1,2,0.05,1,0.9696969696969697,0.05714285714285714,1,1,3,3.0,3
griddly,random,,,,small,baseline,medium_plus,many,open,default,many,low,4,2,size,small,120,11,9,20,ofat_real,ofat:factor=size:value=small:size=small:map_type=baseline:enemy_profile=medium_plus:item_profile=many:wall_profile=open:player_hp=4:enemy_hp=2:agent=random,1,9,2,2,0,9,7,1,2,0.05,1,0.9696969696969697,0.05714285714285714,1,1,2,2.0,2
griddly,random,,,,small,baseline,medium_plus,many,open,default,many,low,4,2,size,small,120,11,10,21,ofat_real,ofat:factor=size:value=small:size=small:map_type=baseline:enemy_profile=medium_plus:item_profile=many:wall_profile=open:player_hp=4:enemy_hp=2:agent=random,0,14,4,0,1,9,7,1,2,0.05,1,0.9393939393939394,0.05714285714285714,1,1,2,2.0,2
griddly,random,,,,small,baseline,medium_plus,many,open,default,many,low,4,2,size,small,120,11,11,22,ofat_real,ofat:factor=size:value=small:size=small:map_type=baseline:enemy_profile=medium_plus:item_profile=many:wall_profile=open:player_hp=4:enemy_hp=2:agent=random,1,25,3,1,0,9,7,1,2,0.05,1,0.9696969696969697,0.05714285714285714,0,1,3,3.0,3
griddly,random,,,,small,baseline,medium_plus,many,open,default,many,low,4,2,size,small,120,11,12,23,ofat_real,ofat:factor=size:value=small:size=small:map_type=baseline:enemy_profile=medium_plus:item_profile=many:wall_profile=open:player_hp=4:enemy_hp=2:agent=random,0,11,4,0,1,9,7,1,1,0.05,1,0.9705882352941176,0.02857142857142857,1,1,2,2.0,2
griddly,random,,,,small,baseline,medium_plus,many,open,default,many,low,4,2,size,small,120,11,13,24,ofat_real,ofat:factor=size:value=small:size=small:map_type=baseline:enemy_profile=medium_plus:item_profile=many:wall_profile=open:player_hp=4:enemy_hp=2:agent=random,0,19,4,0,1,9,7,1,0,0.05,1,0.9714285714285714,0.0,0,0,2,2.0,2
griddly,random,,,,small,baseline,medium_plus,many,open,default,many,low,4,2,size,small,120,11,14,25,ofat_real,ofat:factor=size:value=small:size=small:map_type=baseline:enemy_profile=medium_plus:item_profile=many:wall_profile=open:player_hp=4:enemy_hp=2:agent=random,0,28,4,0,1,9,7,1,1,0.05,1,0.9705882352941176,0.02857142857142857,0,0,3,3.0,3
griddly,random,,,,small,baseline,medium_plus,many,open,default,many,low,4,2,size,small,120,11,15,26,ofat_real,ofat:factor=size:value=small:size=small:map_type=baseline:enemy_profile=medium_plus:item_profile=many:wall_profile=open:player_hp=4:enemy_hp=2:agent=random,1,19,1,3,0,9,7,1,2,0.05,1,0.9696969696969697,0.05714285714285714,3,3,2,2.0,2
griddly,random,,,,small,baseline,medium_plus,many,open,default,many,low,4,2,size,small,120,11,16,27,ofat_real,ofat:factor=size:value=small:size=small:map_type=baseline:enemy_profile=medium_plus:item_profile=many:wall_profile=open:player_hp=4:enemy_hp=2:agent=random,1,12,1,3,0,9,7,1,1,0.05,1,0.9705882352941176,0.02857142857142857,0,0,4,4.0,4
griddly,random,,,,small,baseline,medium_plus,many,open,default,many,low,4,2,size,small,120,11,17,28,ofat_real,ofat:factor=size:value=small:size=small:map_type=baseline:enemy_profile=medium_plus:item_profile=many:wall_profile=open:player_hp=4:enemy_hp=2:agent=random,0,13,4,0,1,9,7,1,0,0.05,1,0.9714285714285714,0.0,0,0,3,3.0,3
griddly,random,,,,small,baseline,medium_plus,many,open,default,many,low,4,2,size,small,120,11,18,29,ofat_real,ofat:factor=size:value=small:size=small:map_type=baseline:enemy_profile=medium_plus:item_profile=many:wall_profile=open:player_hp=4:enemy_hp=2:agent=random,1,8,2,2,0,9,7,1,1,0.05,1,0.9705882352941176,0.02857142857142857,2,2,4,4.0,4
griddly,random,,,,small,baseline,medium_plus,many,open,default,many,low,4,2,size,small,120,11,19,30,ofat_real,ofat:factor=size:value=small:size=small:map_type=baseline:enemy_profile=medium_plus:item_profile=many:wall_profile=open:player_hp=4:enemy_hp=2:agent=random,0,8,4,0,1,9,7,1,2,0.05,1,0.9696969696969697,0.05714285714285714,0,0,5,5.0,5
griddly,random,,,,small,baseline,medium_plus,many,open,default,many,low,4,2,size,small,120,11,20,31,ofat_real,ofat:factor=size:value=small:size=small:map_type=baseline:enemy_profile=medium_plus:item_profile=many:wall_profile=open:player_hp=4:enemy_hp=2:agent=random,0,7,4,0,1,9,7,1,2,0.05,1,0.9696969696969697,0.05714285714285714,0,0,2,2.0,2
griddly,random,,,,small,baseline,medium_plus,many,open,default,many,low,4,2,size,small,120,11,21,32,ofat_real,ofat:factor=size:value=small:size=small:map_type=baseline:enemy_profile=medium_plus:item_profile=many:wall_profile=open:player_hp=4:enemy_hp=2:agent=random,1,11,1,3,0,9,7,1,2,0.05,1,0.9696969696969697,0.05714285714285714,0,0,3,3.0,3
griddly,random,,,,small,baseline,medium_plus,many,open,default,many,low,4,2,size,small,120,11,22,33,ofat_real,ofat:factor=size:value=small:size=small:map_type=baseline:enemy_profile=medium_plus:item_profile=many:wall_profile=open:player_hp=4:enemy_hp=2:agent=random,1,16,3,1,0,9,7,1,2,0.05,1,0.9696969696969697,0.05714285714285714,1,1,4,4.0,4
griddly,random,,,,small,baseline,medium_plus,many,open,default,many,low,4,2,size,small,120,11,23,34,ofat_real,ofat:factor=size:value=small:size=small:map_type=baseline:enemy_profile=medium_plus:item_profile=many:wall_profile=open:player_hp=4:enemy_hp=2:agent=random,1,18,2,2,0,9,7,1,0,0.05,1,0.9714285714285714,0.0,1,1,7,7.0,7
griddly,random,,,,small,baseline,medium_plus,many,open,default,many,low,4,2,size,small,120,11,24,35,ofat_real,ofat:factor=size:value=small:size=small:map_type=baseline:enemy_profile=medium_plus:item_profile=many:wall_profile=open:player_hp=4:enemy_hp=2:agent=random,1,13,3,1,0,9,7,1,1,0.05,1,0.9705882352941176,0.02857142857142857,0,0,6,6.0,6
griddly,random,,,,small,baseline,medium_plus,many,open,default,many,low,4,2,size,small,120,11,25,36,ofat_real,ofat:factor=size:value=small:size=small:map_type=baseline:enemy_profile=medium_plus:item_profile=many:wall_profile=open:player_hp=4:enemy_hp=2:agent=random,1,10,1,3,0,9,7,1,0,0.05,1,0.9714285714285714,0.0,0,0,3,3.0,3
griddly,random,,,,small,baseline,medium_plus,many,open,default,many,low,4,2,size,small,120,11,26,37,ofat_real,ofat:factor=size:value=small:size=small:map_type=baseline:enemy_profile=medium_plus:item_profile=many:wall_profile=open:player_hp=4:enemy_hp=2:agent=random,1,18,2,2,0,9,7,1,4,0.05,1,0.9354838709677419,0.11428571428571428,0,0,5,5.0,5
griddly,random,,,,small,baseline,medium_plus,many,open,default,many,low,4,2,size,small,120,11,27,38,ofat_real,ofat:factor=size:value=small:size=small:map_type=baseline:enemy_profile=medium_plus:item_profile=many:wall_profile=open:player_hp=4:enemy_hp=2:agent=random,1,9,1,3,0,9,7,1,0,0.05,1,0.9714285714285714,0.0,0,0,3,3.0,3
griddly,random,,,,small,baseline,medium_plus,many,open,default,many,low,4,2,size,small,120,11,28,39,ofat_real,ofat:factor=size:value=small:size=small:map_type=baseline:enemy_profile=medium_plus:item_profile=many:wall_profile=open:player_hp=4:enemy_hp=2:agent=random,1,12,2,2,0,9,7,1,1,0.05,1,0.9705882352941176,0.02857142857142857,0,0,2,2.0,2
griddly,random,,,,small,baseline,medium_plus,many,open,default,many,low,4,2,size,small,120,11,29,40,ofat_real,ofat:factor=size:value=small:size=small:map_type=baseline:enemy_profile=medium_plus:item_profile=many:wall_profile=open:player_hp=4:enemy_hp=2:agent=random,1,12,2,2,0,9,7,1,1,0.05,1,0.9705882352941176,0.02857142857142857,1,1,3,3.0,3
griddly,heuristic,,,,small,baseline,medium_plus,many,open,default,many,low,4,2,size,small,120,11,0,11,ofat_real,ofat:factor=size:value=small:size=small:map_type=baseline:enemy_profile=medium_plus:item_profile=many:wall_profile=open:player_hp=4:enemy_hp=2:agent=heuristic,1,4,2,2,0,9,7,1,3,0.05,1,0.96875,0.08571428571428572,0,0,2,2.0,2
griddly,heuristic,,,,small,baseline,medium_plus,many,open,default,many,low,4,2,size,small,120,11,1,12,ofat_real,ofat:factor=size:value=small:size=small:map_type=baseline:enemy_profile=medium_plus:item_profile=many:wall_profile=open:player_hp=4:enemy_hp=2:agent=heuristic,1,4,1,3,0,9,7,1,1,0.05,1,0.9705882352941176,0.02857142857142857,0,0,3,3.0,3
griddly,heuristic,,,,small,baseline,medium_plus,many,open,default,many,low,4,2,size,small,120,11,2,13,ofat_real,ofat:factor=size:value=small:size=small:map_type=baseline:enemy_profile=medium_plus:item_profile=many:wall_profile=open:player_hp=4:enemy_hp=2:agent=heuristic,1,4,1,3,0,9,7,1,1,0.05,1,0.9705882352941176,0.02857142857142857,0,0,3,3.0,3
griddly,heuristic,,,,small,baseline,medium_plus,many,open,default,many,low,4,2,size,small,120,11,3,14,ofat_real,ofat:factor=size:value=small:size=small:map_type=baseline:enemy_profile=medium_plus:item_profile=many:wall_profile=open:player_hp=4:enemy_hp=2:agent=heuristic,1,6,2,2,0,9,7,1,1,0.05,1,0.9705882352941176,0.02857142857142857,0,0,6,6.0,6
griddly,heuristic,,,,small,baseline,medium_plus,many,open,default,many,low,4,2,size,small,120,11,4,15,ofat_real,ofat:factor=size:value=small:size=small:map_type=baseline:enemy_profile=medium_plus:item_profile=many:wall_profile=open:player_hp=4:enemy_hp=2:agent=heuristic,1,6,0,4,0,9,7,1,1,0.05,1,0.9705882352941176,0.02857142857142857,0,0,8,8.0,8
griddly,heuristic,,,,small,baseline,medium_plus,many,open,default,many,low,4,2,size,small,120,11,5,16,ofat_real,ofat:factor=size:value=small:size=small:map_type=baseline:enemy_profile=medium_plus:item_profile=many:wall_profile=open:player_hp=4:enemy_hp=2:agent=heuristic,1,5,1,3,0,9,7,1,2,0.05,1,0.9696969696969697,0.05714285714285714,1,2,5,5.0,5
griddly,heuristic,,,,small,baseline,medium_plus,many,open,default,many,low,4,2,size,small,120,11,6,17,ofat_real,ofat:factor=size:value=small:size=small:map_type=baseline:enemy_profile=medium_plus:item_profile=many:wall_profile=open:player_hp=4:enemy_hp=2:agent=heuristic,1,5,2,2,0,9,7,1,1,0.05,1,0.9705882352941176,0.02857142857142857,0,0,4,4.0,4
griddly,heuristic,,,,small,baseline,medium_plus,many,open,default,many,low,4,2,size,small,120,11,7,18,ofat_real,ofat:factor=size:value=small:size=small:map_type=baseline:enemy_profile=medium_plus:item_profile=many:wall_profile=open:player_hp=4:enemy_hp=2:agent=heuristic,1,5,1,3,0,9,7,1,0,0.05,1,0.9714285714285714,0.0,0,0,4,4.0,4
griddly,heuristic,,,,small,baseline,medium_plus,many,open,default,many,low,4,2,size,small,120,11,8,19,ofat_real,ofat:factor=size:value=small:size=small:map_type=baseline:enemy_profile=medium_plus:item_profile=many:wall_profile=open:player_hp=4:enemy_hp=2:agent=heuristic,1,4,1,3,0,9,7,1,2,0.05,1,0.9696969696969697,0.05714285714285714,1,1,3,3.0,3
griddly,heuristic,,,,small,baseline,medium_plus,many,open,default,many,low,4,2,size,small,120,11,9,20,ofat_real,ofat:factor=size:value=small:size=small:map_type=baseline:enemy_profile=medium_plus:item_profile=many:wall_profile=open:player_hp=4:enemy_hp=2:agent=heuristic,1,4,2,2,0,9,7,1,2,0.05,1,0.9696969696969697,0.05714285714285714,1,1,2,2.0,2
griddly,heuristic,,,,small,baseline,medium_plus,many,open,default,many,low,4,2,size,small,120,11,10,21,ofat_real,ofat:factor=size:value=small:size=small:map_type=baseline:enemy_profile=medium_plus:item_profile=many:wall_profile=open:player_hp=4:enemy_hp=2:agent=heuristic,1,4,0,4,0,9,7,1,2,0.05,1,0.9393939393939394,0.05714285714285714,1,1,2,2.0,2
griddly,heuristic,,,,small,baseline,medium_plus,many,open,default,many,low,4,2,size,small,120,11,11,22,ofat_real,ofat:factor=size:value=small:size=small:map_type=baseline:enemy_profile=medium_plus:item_profile=many:wall_profile=open:player_hp=4:enemy_hp=2:agent=heuristic,1,4,1,3,0,9,7,1,2,0.05,1,0.9696969696969697,0.05714285714285714,0,1,3,3.0,3
griddly,heuristic,,,,small,baseline,medium_plus,many,open,default,many,low,4,2,size,small,120,11,12,23,ofat_real,ofat:factor=size:value=small:size=small:map_type=baseline:enemy_profile=medium_plus:item_profile=many:wall_profile=open:player_hp=4:enemy_hp=2:agent=heuristic,1,4,2,2,0,9,7,1,1,0.05,1,0.9705882352941176,0.02857142857142857,1,1,2,2.0,2
griddly,heuristic,,,,small,baseline,medium_plus,many,open,default,many,low,4,2,size,small,120,11,13,24,ofat_real,ofat:factor=size:value=small:size=small:map_type=baseline:enemy_profile=medium_plus:item_profile=many:wall_profile=open:player_hp=4:enemy_hp=2:agent=heuristic,1,4,2,2,0,9,7,1,0,0.05,1,0.9714285714285714,0.0,0,0,2,2.0,2
griddly,heuristic,,,,small,baseline,medium_plus,many,open,default,many,low,4,2,size,small,120,11,14,25,ofat_real,ofat:factor=size:value=small:size=small:map_type=baseline:enemy_profile=medium_plus:item_profile=many:wall_profile=open:player_hp=4:enemy_hp=2:agent=heuristic,1,4,1,3,0,9,7,1,1,0.05,1,0.9705882352941176,0.02857142857142857,0,0,3,3.0,3
griddly,heuristic,,,,small,baseline,medium_plus,many,open,default,many,low,4,2,size,small,120,11,15,26,ofat_real,ofat:factor=size:value=small:size=small:map_type=baseline:enemy_profile=medium_plus:item_profile=many:wall_profile=open:player_hp=4:enemy_hp=2:agent=heuristic,1,3,0,4,0,9,7,1,2,0.05,1,0.9696969696969697,0.05714285714285714,3,3,2,2.0,2
griddly,heuristic,,,,small,baseline,medium_plus,many,open,default,many,low,4,2,size,small,120,11,16,27,ofat_real,ofat:factor=size:value=small:size=small:map_type=baseline:enemy_profile=medium_plus:item_profile=many:wall_profile=open:player_hp=4:enemy_hp=2:agent=heuristic,1,5,2,2,0,9,7,1,1,0.05,1,0.9705882352941176,0.02857142857142857,0,0,4,4.0,4
griddly,heuristic,,,,small,baseline,medium_plus,many,open,default,many,low,4,2,size,small,120,11,17,28,ofat_real,ofat:factor=size:value=small:size=small:map_type=baseline:enemy_profile=medium_plus:item_profile=many:wall_profile=open:player_hp=4:enemy_hp=2:agent=heuristic,1,4,1,3,0,9,7,1,0,0.05,1,0.9714285714285714,0.0,0,0,3,3.0,3
griddly,heuristic,,,,small,baseline,medium_plus,many,open,default,many,low,4,2,size,small,120,11,18,29,ofat_real,ofat:factor=size:value=small:size=small:map_type=baseline:enemy_profile=medium_plus:item_profile=many:wall_profile=open:player_hp=4:enemy_hp=2:agent=heuristic,1,5,2,2,0,9,7,1,1,0.05,1,0.9705882352941176,0.02857142857142857,2,2,4,4.0,4
griddly,heuristic,,,,small,baseline,medium_plus,many,open,default,many,low,4,2,size,small,120,11,19,30,ofat_real,ofat:factor=size:value=small:size=small:map_type=baseline:enemy_profile=medium_plus:item_profile=many:wall_profile=open:player_hp=4:enemy_hp=2:agent=heuristic,1,5,1,3,0,9,7,1,2,0.05,1,0.9696969696969697,0.05714285714285714,0,0,5,5.0,5
griddly,heuristic,,,,small,baseline,medium_plus,many,open,default,many,low,4,2,size,small,120,11,20,31,ofat_real,ofat:factor=size:value=small:size=small:map_type=baseline:enemy_profile=medium_plus:item_profile=many:wall_profile=open:player_hp=4:enemy_hp=2:agent=heuristic,1,4,2,2,0,9,7,1,2,0.05,1,0.9696969696969697,0.05714285714285714,0,0,2,2.0,2
griddly,heuristic,,,,small,baseline,medium_plus,many,open,default,many,low,4,2,size,small,120,11,21,32,ofat_real,ofat:factor=size:value=small:size=small:map_type=baseline:enemy_profile=medium_plus:item_profile=many:wall_profile=open:player_hp=4:enemy_hp=2:agent=heuristic,1,4,1,3,0,9,7,1,2,0.05,1,0.9696969696969697,0.05714285714285714,0,0,3,3.0,3
griddly,heuristic,,,,small,baseline,medium_plus,many,open,default,many,low,4,2,size,small,120,11,22,33,ofat_real,ofat:factor=size:value=small:size=small:map_type=baseline:enemy_profile=medium_plus:item_profile=many:wall_profile=open:player_hp=4:enemy_hp=2:agent=heuristic,1,5,2,2,0,9,7,1,2,0.05,1,0.9696969696969697,0.05714285714285714,1,1,4,4.0,4
griddly,heuristic,,,,small,baseline,medium_plus,many,open,default,many,low,4,2,size,small,120,11,23,34,ofat_real,ofat:factor=size:value=small:size=small:map_type=baseline:enemy_profile=medium_plus:item_profile=many:wall_profile=open:player_hp=4:enemy_hp=2:agent=heuristic,1,6,1,3,0,9,7,1,0,0.05,1,0.9714285714285714,0.0,1,1,7,7.0,7
griddly,heuristic,,,,small,baseline,medium_plus,many,open,default,many,low,4,2,size,small,120,11,24,35,ofat_real,ofat:factor=size:value=small:size=small:map_type=baseline:enemy_profile=medium_plus:item_profile=many:wall_profile=open:player_hp=4:enemy_hp=2:agent=heuristic,1,6,2,2,0,9,7,1,1,0.05,1,0.9705882352941176,0.02857142857142857,0,0,6,6.0,6
griddly,heuristic,,,,small,baseline,medium_plus,many,open,default,many,low,4,2,size,small,120,11,25,36,ofat_real,ofat:factor=size:value=small:size=small:map_type=baseline:enemy_profile=medium_plus:item_profile=many:wall_profile=open:player_hp=4:enemy_hp=2:agent=heuristic,1,4,1,3,0,9,7,1,0,0.05,1,0.9714285714285714,0.0,0,0,3,3.0,3
griddly,heuristic,,,,small,baseline,medium_plus,many,open,default,many,low,4,2,size,small,120,11,26,37,ofat_real,ofat:factor=size:value=small:size=small:map_type=baseline:enemy_profile=medium_plus:item_profile=many:wall_profile=open:player_hp=4:enemy_hp=2:agent=heuristic,1,5,1,3,0,9,7,1,4,0.05,1,0.9354838709677419,0.11428571428571428,0,0,5,5.0,5
griddly,heuristic,,,,small,baseline,medium_plus,many,open,default,many,low,4,2,size,small,120,11,27,38,ofat_real,ofat:factor=size:value=small:size=small:map_type=baseline:enemy_profile=medium_plus:item_profile=many:wall_profile=open:player_hp=4:enemy_hp=2:agent=heuristic,1,4,1,3,0,9,7,1,0,0.05,1,0.9714285714285714,0.0,0,0,3,3.0,3
griddly,heuristic,,,,small,baseline,medium_plus,many,open,default,many,low,4,2,size,small,120,11,28,39,ofat_real,ofat:factor=size:value=small:size=small:map_type=baseline:enemy_profile=medium_plus:item_profile=many:wall_profile=open:player_hp=4:enemy_hp=2:agent=heuristic,1,3,0,4,0,9,7,1,1,0.05,1,0.9705882352941176,0.02857142857142857,0,0,2,2.0,2
griddly,heuristic,,,,small,baseline,medium_plus,many,open,default,many,low,4,2,size,small,120,11,29,40,ofat_real,ofat:factor=size:value=small:size=small:map_type=baseline:enemy_profile=medium_plus:item_profile=many:wall_profile=open:player_hp=4:enemy_hp=2:agent=heuristic,1,4,1,3,0,9,7,1,1,0.05,1,0.9705882352941176,0.02857142857142857,1,1,3,3.0,3
griddly,mcts_small,50,10,1.4142135623730951,small,baseline,medium_plus,many,open,default,many,low,4,2,size,small,120,11,0,11,ofat_real,ofat:factor=size:value=small:size=small:map_type=baseline:enemy_profile=medium_plus:item_profile=many:wall_profile=open:player_hp=4:enemy_hp=2:agent=mcts_small,1,14,2,2,0,9,7,1,3,0.05,1,0.96875,0.08571428571428572,0,0,2,2.0,2
griddly,mcts_small,50,10,1.4142135623730951,small,baseline,medium_plus,many,open,default,many,low,4,2,size,small,120,11,1,12,ofat_real,ofat:factor=size:value=small:size=small:map_type=baseline:enemy_profile=medium_plus:item_profile=many:wall_profile=open:player_hp=4:enemy_hp=2:agent=mcts_small,1,16,2,2,0,9,7,1,1,0.05,1,0.9705882352941176,0.02857142857142857,0,0,3,3.0,3
griddly,mcts_small,50,10,1.4142135623730951,small,baseline,medium_plus,many,open,default,many,low,4,2,size,small,120,11,2,13,ofat_real,ofat:factor=size:value=small:size=small:map_type=baseline:enemy_profile=medium_plus:item_profile=many:wall_profile=open:player_hp=4:enemy_hp=2:agent=mcts_small,1,11,3,1,0,9,7,1,1,0.05,1,0.9705882352941176,0.02857142857142857,0,0,3,3.0,3
griddly,mcts_small,50,10,1.4142135623730951,small,baseline,medium_plus,many,open,default,many,low,4,2,size,small,120,11,3,14,ofat_real,ofat:factor=size:value=small:size=small:map_type=baseline:enemy_profile=medium_plus:item_profile=many:wall_profile=open:player_hp=4:enemy_hp=2:agent=mcts_small,1,11,2,2,0,9,7,1,1,0.05,1,0.9705882352941176,0.02857142857142857,0,0,6,6.0,6
griddly,mcts_small,50,10,1.4142135623730951,small,baseline,medium_plus,many,open,default,many,low,4,2,size,small,120,11,4,15,ofat_real,ofat:factor=size:value=small:size=small:map_type=baseline:enemy_profile=medium_plus:item_profile=many:wall_profile=open:player_hp=4:enemy_hp=2:agent=mcts_small,1,13,2,2,0,9,7,1,1,0.05,1,0.9705882352941176,0.02857142857142857,0,0,8,8.0,8
griddly,mcts_small,50,10,1.4142135623730951,small,baseline,medium_plus,many,open,default,many,low,4,2,size,small,120,11,5,16,ofat_real,ofat:factor=size:value=small:size=small:map_type=baseline:enemy_profile=medium_plus:item_profile=many:wall_profile=open:player_hp=4:enemy_hp=2:agent=mcts_small,1,12,2,2,0,9,7,1,2,0.05,1,0.9696969696969697,0.05714285714285714,1,2,5,5.0,5
griddly,mcts_small,50,10,1.4142135623730951,small,baseline,medium_plus,many,open,default,many,low,4,2,size,small,120,11,6,17,ofat_real,ofat:factor=size:value=small:size=small:map_type=baseline:enemy_profile=medium_plus:item_profile=many:wall_profile=open:player_hp=4:enemy_hp=2:agent=mcts_small,1,13,2,2,0,9,7,1,1,0.05,1,0.9705882352941176,0.02857142857142857,0,0,4,4.0,4
griddly,mcts_small,50,10,1.4142135623730951,small,baseline,medium_plus,many,open,default,many,low,4,2,size,small,120,11,7,18,ofat_real,ofat:factor=size:value=small:size=small:map_type=baseline:enemy_profile=medium_plus:item_profile=many:wall_profile=open:player_hp=4:enemy_hp=2:agent=mcts_small,1,9,1,3,0,9,7,1,0,0.05,1,0.9714285714285714,0.0,0,0,4,4.0,4
griddly,mcts_small,50,10,1.4142135623730951,small,baseline,medium_plus,many,open,default,many,low,4,2,size,small,120,11,8,19,ofat_real,ofat:factor=size:value=small:size=small:map_type=baseline:enemy_profile=medium_plus:item_profile=many:wall_profile=open:player_hp=4:enemy_hp=2:agent=mcts_small,1,16,2,2,0,9,7,1,2,0.05,1,0.9696969696969697,0.05714285714285714,1,1,3,3.0,3
griddly,mcts_small,50,10,1.4142135623730951,small,baseline,medium_plus,many,open,default,many,low,4,2,size,small,120,11,9,20,ofat_real,ofat:factor=size:value=small:size=small:map_type=baseline:enemy_profile=medium_plus:item_profile=many:wall_profile=open:player_hp=4:enemy_hp=2:agent=mcts_small,1,10,2,2,0,9,7,1,2,0.05,1,0.9696969696969697,0.05714285714285714,1,1,2,2.0,2
griddly,mcts_small,50,10,1.4142135623730951,small,baseline,medium_plus,many,open,default,many,low,4,2,size,small,120,11,10,21,ofat_real,ofat:factor=size:value=small:size=small:map_type=baseline:enemy_profile=medium_plus:item_profile=many:wall_profile=open:player_hp=4:enemy_hp=2:agent=mcts_small,1,7,2,2,0,9,7,1,2,0.05,1,0.9393939393939394,0.05714285714285714,1,1,2,2.0,2
griddly,mcts_small,50,10,1.4142135623730951,small,baseline,medium_plus,many,open,default,many,low,4,2,size,small,120,11,11,22,ofat_real,ofat:factor=size:value=small:size=small:map_type=baseline:enemy_profile=medium_plus:item_profile=many:wall_profile=open:player_hp=4:enemy_hp=2:agent=mcts_small,1,12,2,2,0,9,7,1,2,0.05,1,0.9696969696969697,0.05714285714285714,0,1,3,3.0,3
griddly,mcts_small,50,10,1.4142135623730951,small,baseline,medium_plus,many,open,default,many,low,4,2,size,small,120,11,12,23,ofat_real,ofat:factor=size:value=small:size=small:map_type=baseline:enemy_profile=medium_plus:item_profile=many:wall_profile=open:player_hp=4:enemy_hp=2:agent=mcts_small,0,15,4,0,1,9,7,1,1,0.05,1,0.9705882352941176,0.02857142857142857,1,1,2,2.0,2
griddly,mcts_small,50,10,1.4142135623730951,small,baseline,medium_plus,many,open,default,many,low,4,2,size,small,120,11,13,24,ofat_real,ofat:factor=size:value=small:size=small:map_type=baseline:enemy_profile=medium_plus:item_profile=many:wall_profile=open:player_hp=4:enemy_hp=2:agent=mcts_small,1,16,1,3,0,9,7,1,0,0.05,1,0.9714285714285714,0.0,0,0,2,2.0,2
griddly,mcts_small,50,10,1.4142135623730951,small,baseline,medium_plus,many,open,default,many,low,4,2,size,small,120,11,14,25,ofat_real,ofat:factor=size:value=small:size=small:map_type=baseline:enemy_profile=medium_plus:item_profile=many:wall_profile=open:player_hp=4:enemy_hp=2:agent=mcts_small,1,8,2,2,0,9,7,1,1,0.05,1,0.9705882352941176,0.02857142857142857,0,0,3,3.0,3
griddly,mcts_small,50,10,1.4142135623730951,small,baseline,medium_plus,many,open,default,many,low,4,2,size,small,120,11,15,26,ofat_real,ofat:factor=size:value=small:size=small:map_type=baseline:enemy_profile=medium_plus:item_profile=many:wall_profile=open:player_hp=4:enemy_hp=2:agent=mcts_small,1,11,1,3,0,9,7,1,2,0.05,1,0.9696969696969697,0.05714285714285714,3,3,2,2.0,2
griddly,mcts_small,50,10,1.4142135623730951,small,baseline,medium_plus,many,open,default,many,low,4,2,size,small,120,11,16,27,ofat_real,ofat:factor=size:value=small:size=small:map_type=baseline:enemy_profile=medium_plus:item_profile=many:wall_profile=open:player_hp=4:enemy_hp=2:agent=mcts_small,1,18,2,2,0,9,7,1,1,0.05,1,0.9705882352941176,0.02857142857142857,0,0,4,4.0,4
griddly,mcts_small,50,10,1.4142135623730951,small,baseline,medium_plus,many,open,default,many,low,4,2,size,small,120,11,17,28,ofat_real,ofat:factor=size:value=small:size=small:map_type=baseline:enemy_profile=medium_plus:item_profile=many:wall_profile=open:player_hp=4:enemy_hp=2:agent=mcts_small,1,12,3,1,0,9,7,1,0,0.05,1,0.9714285714285714,0.0,0,0,3,3.0,3
griddly,mcts_small,50,10,1.4142135623730951,small,baseline,medium_plus,many,open,default,many,low,4,2,size,small,120,11,18,29,ofat_real,ofat:factor=size:value=small:size=small:map_type=baseline:enemy_profile=medium_plus:item_profile=many:wall_profile=open:player_hp=4:enemy_hp=2:agent=mcts_small,1,9,1,3,0,9,7,1,1,0.05,1,0.9705882352941176,0.02857142857142857,2,2,4,4.0,4
griddly,mcts_small,50,10,1.4142135623730951,small,baseline,medium_plus,many,open,default,many,low,4,2,size,small,120,11,19,30,ofat_real,ofat:factor=size:value=small:size=small:map_type=baseline:enemy_profile=medium_plus:item_profile=many:wall_profile=open:player_hp=4:enemy_hp=2:agent=mcts_small,1,18,2,2,0,9,7,1,2,0.05,1,0.9696969696969697,0.05714285714285714,0,0,5,5.0,5
griddly,mcts_small,50,10,1.4142135623730951,small,baseline,medium_plus,many,open,default,many,low,4,2,size,small,120,11,20,31,ofat_real,ofat:factor=size:value=small:size=small:map_type=baseline:enemy_profile=medium_plus:item_profile=many:wall_profile=open:player_hp=4:enemy_hp=2:agent=mcts_small,1,9,2,2,0,9,7,1,2,0.05,1,0.9696969696969697,0.05714285714285714,0,0,2,2.0,2
griddly,mcts_small,50,10,1.4142135623730951,small,baseline,medium_plus,many,open,default,many,low,4,2,size,small,120,11,21,32,ofat_real,ofat:factor=size:value=small:size=small:map_type=baseline:enemy_profile=medium_plus:item_profile=many:wall_profile=open:player_hp=4:enemy_hp=2:agent=mcts_small,1,7,1,3,0,9,7,1,2,0.05,1,0.9696969696969697,0.05714285714285714,0,0,3,3.0,3
griddly,mcts_small,50,10,1.4142135623730951,small,baseline,medium_plus,many,open,default,many,low,4,2,size,small,120,11,22,33,ofat_real,ofat:factor=size:value=small:size=small:map_type=baseline:enemy_profile=medium_plus:item_profile=many:wall_profile=open:player_hp=4:enemy_hp=2:agent=mcts_small,1,13,2,2,0,9,7,1,2,0.05,1,0.9696969696969697,0.05714285714285714,1,1,4,4.0,4
griddly,mcts_small,50,10,1.4142135623730951,small,baseline,medium_plus,many,open,default,many,low,4,2,size,small,120,11,23,34,ofat_real,ofat:factor=size:value=small:size=small:map_type=baseline:enemy_profile=medium_plus:item_profile=many:wall_profile=open:player_hp=4:enemy_hp=2:agent=mcts_small,1,14,2,2,0,9,7,1,0,0.05,1,0.9714285714285714,0.0,1,1,7,7.0,7
griddly,mcts_small,50,10,1.4142135623730951,small,baseline,medium_plus,many,open,default,many,low,4,2,size,small,120,11,24,35,ofat_real,ofat:factor=size:value=small:size=small:map_type=baseline:enemy_profile=medium_plus:item_profile=many:wall_profile=open:player_hp=4:enemy_hp=2:agent=mcts_small,1,9,1,3,0,9,7,1,1,0.05,1,0.9705882352941176,0.02857142857142857,0,0,6,6.0,6
griddly,mcts_small,50,10,1.4142135623730951,small,baseline,medium_plus,many,open,default,many,low,4,2,size,small,120,11,25,36,ofat_real,ofat:factor=size:value=small:size=small:map_type=baseline:enemy_profile=medium_plus:item_profile=many:wall_profile=open:player_hp=4:enemy_hp=2:agent=mcts_small,1,12,2,2,0,9,7,1,0,0.05,1,0.9714285714285714,0.0,0,0,3,3.0,3
griddly,mcts_small,50,10,1.4142135623730951,small,baseline,medium_plus,many,open,default,many,low,4,2,size,small,120,11,26,37,ofat_real,ofat:factor=size:value=small:size=small:map_type=baseline:enemy_profile=medium_plus:item_profile=many:wall_profile=open:player_hp=4:enemy_hp=2:agent=mcts_small,1,9,2,2,0,9,7,1,4,0.05,1,0.9354838709677419,0.11428571428571428,0,0,5,5.0,5
griddly,mcts_small,50,10,1.4142135623730951,small,baseline,medium_plus,many,open,default,many,low,4,2,size,small,120,11,27,38,ofat_real,ofat:factor=size:value=small:size=small:map_type=baseline:enemy_profile=medium_plus:item_profile=many:wall_profile=open:player_hp=4:enemy_hp=2:agent=mcts_small,1,8,2,2,0,9,7,1,0,0.05,1,0.9714285714285714,0.0,0,0,3,3.0,3
griddly,mcts_small,50,10,1.4142135623730951,small,baseline,medium_plus,many,open,default,many,low,4,2,size,small,120,11,28,39,ofat_real,ofat:factor=size:value=small:size=small:map_type=baseline:enemy_profile=medium_plus:item_profile=many:wall_profile=open:player_hp=4:enemy_hp=2:agent=mcts_small,1,11,1,3,0,9,7,1,1,0.05,1,0.9705882352941176,0.02857142857142857,0,0,2,2.0,2
griddly,mcts_small,50,10,1.4142135623730951,small,baseline,medium_plus,many,open,default,many,low,4,2,size,small,120,11,29,40,ofat_real,ofat:factor=size:value=small:size=small:map_type=baseline:enemy_profile=medium_plus:item_profile=many:wall_profile=open:player_hp=4:enemy_hp=2:agent=mcts_small,1,8,1,3,0,9,7,1,1,0.05,1,0.9705882352941176,0.02857142857142857,1,1,3,3.0,3
griddly,mcts_medium,200,30,1.4142135623730951,small,baseline,medium_plus,many,open,default,many,low,4,2,size,small,120,11,0,11,ofat_real,ofat:factor=size:value=small:size=small:map_type=baseline:enemy_profile=medium_plus:item_profile=many:wall_profile=open:player_hp=4:enemy_hp=2:agent=mcts_medium,1,8,2,2,0,9,7,1,3,0.05,1,0.96875,0.08571428571428572,0,0,2,2.0,2
griddly,mcts_medium,200,30,1.4142135623730951,small,baseline,medium_plus,many,open,default,many,low,4,2,size,small,120,11,1,12,ofat_real,ofat:factor=size:value=small:size=small:map_type=baseline:enemy_profile=medium_plus:item_profile=many:wall_profile=open:player_hp=4:enemy_hp=2:agent=mcts_medium,1,14,0,4,0,9,7,1,1,0.05,1,0.9705882352941176,0.02857142857142857,0,0,3,3.0,3
griddly,mcts_medium,200,30,1.4142135623730951,small,baseline,medium_plus,many,open,default,many,low,4,2,size,small,120,11,2,13,ofat_real,ofat:factor=size:value=small:size=small:map_type=baseline:enemy_profile=medium_plus:item_profile=many:wall_profile=open:player_hp=4:enemy_hp=2:agent=mcts_medium,1,10,2,2,0,9,7,1,1,0.05,1,0.9705882352941176,0.02857142857142857,0,0,3,3.0,3
griddly,mcts_medium,200,30,1.4142135623730951,small,baseline,medium_plus,many,open,default,many,low,4,2,size,small,120,11,3,14,ofat_real,ofat:factor=size:value=small:size=small:map_type=baseline:enemy_profile=medium_plus:item_profile=many:wall_profile=open:player_hp=4:enemy_hp=2:agent=mcts_medium,1,8,1,3,0,9,7,1,1,0.05,1,0.9705882352941176,0.02857142857142857,0,0,6,6.0,6
griddly,mcts_medium,200,30,1.4142135623730951,small,baseline,medium_plus,many,open,default,many,low,4,2,size,small,120,11,4,15,ofat_real,ofat:factor=size:value=small:size=small:map_type=baseline:enemy_profile=medium_plus:item_profile=many:wall_profile=open:player_hp=4:enemy_hp=2:agent=mcts_medium,1,23,1,3,0,9,7,1,1,0.05,1,0.9705882352941176,0.02857142857142857,0,0,8,8.0,8
griddly,mcts_medium,200,30,1.4142135623730951,small,baseline,medium_plus,many,open,default,many,low,4,2,size,small,120,11,5,16,ofat_real,ofat:factor=size:value=small:size=small:map_type=baseline:enemy_profile=medium_plus:item_profile=many:wall_profile=open:player_hp=4:enemy_hp=2:agent=mcts_medium,1,13,1,3,0,9,7,1,2,0.05,1,0.9696969696969697,0.05714285714285714,1,2,5,5.0,5
griddly,mcts_medium,200,30,1.4142135623730951,small,baseline,medium_plus,many,open,default,many,low,4,2,size,small,120,11,6,17,ofat_real,ofat:factor=size:value=small:size=small:map_type=baseline:enemy_profile=medium_plus:item_profile=many:wall_profile=open:player_hp=4:enemy_hp=2:agent=mcts_medium,1,8,2,2,0,9,7,1,1,0.05,1,0.9705882352941176,0.02857142857142857,0,0,4,4.0,4
griddly,mcts_medium,200,30,1.4142135623730951,small,baseline,medium_plus,many,open,default,many,low,4,2,size,small,120,11,7,18,ofat_real,ofat:factor=size:value=small:size=small:map_type=baseline:enemy_profile=medium_plus:item_profile=many:wall_profile=open:player_hp=4:enemy_hp=2:agent=mcts_medium,1,13,1,3,0,9,7,1,0,0.05,1,0.9714285714285714,0.0,0,0,4,4.0,4
griddly,mcts_medium,200,30,1.4142135623730951,small,baseline,medium_plus,many,open,default,many,low,4,2,size,small,120,11,8,19,ofat_real,ofat:factor=size:value=small:size=small:map_type=baseline:enemy_profile=medium_plus:item_profile=many:wall_profile=open:player_hp=4:enemy_hp=2:agent=mcts_medium,1,9,1,3,0,9,7,1,2,0.05,1,0.9696969696969697,0.05714285714285714,1,1,3,3.0,3
griddly,mcts_medium,200,30,1.4142135623730951,small,baseline,medium_plus,many,open,default,many,low,4,2,size,small,120,11,9,20,ofat_real,ofat:factor=size:value=small:size=small:map_type=baseline:enemy_profile=medium_plus:item_profile=many:wall_profile=open:player_hp=4:enemy_hp=2:agent=mcts_medium,1,8,2,2,0,9,7,1,2,0.05,1,0.9696969696969697,0.05714285714285714,1,1,2,2.0,2
griddly,mcts_medium,200,30,1.4142135623730951,small,baseline,medium_plus,many,open,default,many,low,4,2,size,small,120,11,10,21,ofat_real,ofat:factor=size:value=small:size=small:map_type=baseline:enemy_profile=medium_plus:item_profile=many:wall_profile=open:player_hp=4:enemy_hp=2:agent=mcts_medium,1,9,0,4,0,9,7,1,2,0.05,1,0.9393939393939394,0.05714285714285714,1,1,2,2.0,2
griddly,mcts_medium,200,30,1.4142135623730951,small,baseline,medium_plus,many,open,default,many,low,4,2,size,small,120,11,11,22,ofat_real,ofat:factor=size:value=small:size=small:map_type=baseline:enemy_profile=medium_plus:item_profile=many:wall_profile=open:player_hp=4:enemy_hp=2:agent=mcts_medium,1,7,1,3,0,9,7,1,2,0.05,1,0.9696969696969697,0.05714285714285714,0,1,3,3.0,3
griddly,mcts_medium,200,30,1.4142135623730951,small,baseline,medium_plus,many,open,default,many,low,4,2,size,small,120,11,12,23,ofat_real,ofat:factor=size:value=small:size=small:map_type=baseline:enemy_profile=medium_plus:item_profile=many:wall_profile=open:player_hp=4:enemy_hp=2:agent=mcts_medium,1,8,2,2,0,9,7,1,1,0.05,1,0.9705882352941176,0.02857142857142857,1,1,2,2.0,2
griddly,mcts_medium,200,30,1.4142135623730951,small,baseline,medium_plus,many,open,default,many,low,4,2,size,small,120,11,13,24,ofat_real,ofat:factor=size:value=small:size=small:map_type=baseline:enemy_profile=medium_plus:item_profile=many:wall_profile=open:player_hp=4:enemy_hp=2:agent=mcts_medium,1,15,2,2,0,9,7,1,0,0.05,1,0.9714285714285714,0.0,0,0,2,2.0,2
griddly,mcts_medium,200,30,1.4142135623730951,small,baseline,medium_plus,many,open,default,many,low,4,2,size,small,120,11,14,25,ofat_real,ofat:factor=size:value=small:size=small:map_type=baseline:enemy_profile=medium_plus:item_profile=many:wall_profile=open:player_hp=4:enemy_hp=2:agent=mcts_medium,1,8,1,3,0,9,7,1,1,0.05,1,0.9705882352941176,0.02857142857142857,0,0,3,3.0,3
griddly,mcts_medium,200,30,1.4142135623730951,small,baseline,medium_plus,many,open,default,many,low,4,2,size,small,120,11,15,26,ofat_real,ofat:factor=size:value=small:size=small:map_type=baseline:enemy_profile=medium_plus:item_profile=many:wall_profile=open:player_hp=4:enemy_hp=2:agent=mcts_medium,1,14,2,2,0,9,7,1,2,0.05,1,0.9696969696969697,0.05714285714285714,3,3,2,2.0,2
griddly,mcts_medium,200,30,1.4142135623730951,small,baseline,medium_plus,many,open,default,many,low,4,2,size,small,120,11,16,27,ofat_real,ofat:factor=size:value=small:size=small:map_type=baseline:enemy_profile=medium_plus:item_profile=many:wall_profile=open:player_hp=4:enemy_hp=2:agent=mcts_medium,1,10,1,3,0,9,7,1,1,0.05,1,0.9705882352941176,0.02857142857142857,0,0,4,4.0,4
griddly,mcts_medium,200,30,1.4142135623730951,small,baseline,medium_plus,many,open,default,many,low,4,2,size,small,120,11,17,28,ofat_real,ofat:factor=size:value=small:size=small:map_type=baseline:enemy_profile=medium_plus:item_profile=many:wall_profile=open:player_hp=4:enemy_hp=2:agent=mcts_medium,1,11,1,3,0,9,7,1,0,0.05,1,0.9714285714285714,0.0,0,0,3,3.0,3
griddly,mcts_medium,200,30,1.4142135623730951,small,baseline,medium_plus,many,open,default,many,low,4,2,size,small,120,11,18,29,ofat_real,ofat:factor=size:value=small:size=small:map_type=baseline:enemy_profile=medium_plus:item_profile=many:wall_profile=open:player_hp=4:enemy_hp=2:agent=mcts_medium,1,7,1,3,0,9,7,1,1,0.05,1,0.9705882352941176,0.02857142857142857,2,2,4,4.0,4
griddly,mcts_medium,200,30,1.4142135623730951,small,baseline,medium_plus,many,open,default,many,low,4,2,size,small,120,11,19,30,ofat_real,ofat:factor=size:value=small:size=small:map_type=baseline:enemy_profile=medium_plus:item_profile=many:wall_profile=open:player_hp=4:enemy_hp=2:agent=mcts_medium,1,16,1,3,0,9,7,1,2,0.05,1,0.9696969696969697,0.05714285714285714,0,0,5,5.0,5
griddly,mcts_medium,200,30,1.4142135623730951,small,baseline,medium_plus,many,open,default,many,low,4,2,size,small,120,11,20,31,ofat_real,ofat:factor=size:value=small:size=small:map_type=baseline:enemy_profile=medium_plus:item_profile=many:wall_profile=open:player_hp=4:enemy_hp=2:agent=mcts_medium,1,4,1,3,0,9,7,1,2,0.05,1,0.9696969696969697,0.05714285714285714,0,0,2,2.0,2
griddly,mcts_medium,200,30,1.4142135623730951,small,baseline,medium_plus,many,open,default,many,low,4,2,size,small,120,11,21,32,ofat_real,ofat:factor=size:value=small:size=small:map_type=baseline:enemy_profile=medium_plus:item_profile=many:wall_profile=open:player_hp=4:enemy_hp=2:agent=mcts_medium,1,10,1,3,0,9,7,1,2,0.05,1,0.9696969696969697,0.05714285714285714,0,0,3,3.0,3
griddly,mcts_medium,200,30,1.4142135623730951,small,baseline,medium_plus,many,open,default,many,low,4,2,size,small,120,11,22,33,ofat_real,ofat:factor=size:value=small:size=small:map_type=baseline:enemy_profile=medium_plus:item_profile=many:wall_profile=open:player_hp=4:enemy_hp=2:agent=mcts_medium,1,8,2,2,0,9,7,1,2,0.05,1,0.9696969696969697,0.05714285714285714,1,1,4,4.0,4
griddly,mcts_medium,200,30,1.4142135623730951,small,baseline,medium_plus,many,open,default,many,low,4,2,size,small,120,11,23,34,ofat_real,ofat:factor=size:value=small:size=small:map_type=baseline:enemy_profile=medium_plus:item_profile=many:wall_profile=open:player_hp=4:enemy_hp=2:agent=mcts_medium,1,17,1,3,0,9,7,1,0,0.05,1,0.9714285714285714,0.0,1,1,7,7.0,7
griddly,mcts_medium,200,30,1.4142135623730951,small,baseline,medium_plus,many,open,default,many,low,4,2,size,small,120,11,24,35,ofat_real,ofat:factor=size:value=small:size=small:map_type=baseline:enemy_profile=medium_plus:item_profile=many:wall_profile=open:player_hp=4:enemy_hp=2:agent=mcts_medium,1,18,1,3,0,9,7,1,1,0.05,1,0.9705882352941176,0.02857142857142857,0,0,6,6.0,6
griddly,mcts_medium,200,30,1.4142135623730951,small,baseline,medium_plus,many,open,default,many,low,4,2,size,small,120,11,25,36,ofat_real,ofat:factor=size:value=small:size=small:map_type=baseline:enemy_profile=medium_plus:item_profile=many:wall_profile=open:player_hp=4:enemy_hp=2:agent=mcts_medium,1,10,1,3,0,9,7,1,0,0.05,1,0.9714285714285714,0.0,0,0,3,3.0,3
griddly,mcts_medium,200,30,1.4142135623730951,small,baseline,medium_plus,many,open,default,many,low,4,2,size,small,120,11,26,37,ofat_real,ofat:factor=size:value=small:size=small:map_type=baseline:enemy_profile=medium_plus:item_profile=many:wall_profile=open:player_hp=4:enemy_hp=2:agent=mcts_medium,1,11,1,3,0,9,7,1,4,0.05,1,0.9354838709677419,0.11428571428571428,0,0,5,5.0,5
griddly,mcts_medium,200,30,1.4142135623730951,small,baseline,medium_plus,many,open,default,many,low,4,2,size,small,120,11,27,38,ofat_real,ofat:factor=size:value=small:size=small:map_type=baseline:enemy_profile=medium_plus:item_profile=many:wall_profile=open:player_hp=4:enemy_hp=2:agent=mcts_medium,1,7,1,3,0,9,7,1,0,0.05,1,0.9714285714285714,0.0,0,0,3,3.0,3
griddly,mcts_medium,200,30,1.4142135623730951,small,baseline,medium_plus,many,open,default,many,low,4,2,size,small,120,11,28,39,ofat_real,ofat:factor=size:value=small:size=small:map_type=baseline:enemy_profile=medium_plus:item_profile=many:wall_profile=open:player_hp=4:enemy_hp=2:agent=mcts_medium,1,9,1,3,0,9,7,1,1,0.05,1,0.9705882352941176,0.02857142857142857,0,0,2,2.0,2
griddly,mcts_medium,200,30,1.4142135623730951,small,baseline,medium_plus,many,open,default,many,low,4,2,size,small,120,11,29,40,ofat_real,ofat:factor=size:value=small:size=small:map_type=baseline:enemy_profile=medium_plus:item_profile=many:wall_profile=open:player_hp=4:enemy_hp=2:agent=mcts_medium,1,10,1,3,0,9,7,1,1,0.05,1,0.9705882352941176,0.02857142857142857,1,1,3,3.0,3
griddly,random,,,,large,baseline,medium_plus,many,open,default,many,low,4,2,size,large,120,11,0,11,ofat_real,ofat:factor=size:value=large:size=large:map_type=baseline:enemy_profile=medium_plus:item_profile=many:wall_profile=open:player_hp=4:enemy_hp=2:agent=random,0,22,4,0,2,17,13,3,19,0.1,1,0.9794520547945206,0.11515151515151516,3,3,4,6.666666666666667,9
griddly,random,,,,large,baseline,medium_plus,many,open,default,many,low,4,2,size,large,120,11,1,12,ofat_real,ofat:factor=size:value=large:size=large:map_type=baseline:enemy_profile=medium_plus:item_profile=many:wall_profile=open:player_hp=4:enemy_hp=2:agent=random,0,12,4,0,3,17,13,3,9,0.1,1,0.9807692307692307,0.05454545454545454,2,4,5,9.666666666666666,17
griddly,random,,,,large,baseline,medium_plus,many,open,default,many,low,4,2,size,large,120,11,2,13,ofat_real,ofat:factor=size:value=large:size=large:map_type=baseline:enemy_profile=medium_plus:item_profile=many:wall_profile=open:player_hp=4:enemy_hp=2:agent=random,0,26,4,0,2,17,13,3,25,0.1,1,0.9785714285714285,0.15151515151515152,7,12,6,8.0,9
griddly,random,,,,large,baseline,medium_plus,many,open,default,many,low,4,2,size,large,120,11,3,14,ofat_real,ofat:factor=size:value=large:size=large:map_type=baseline:enemy_profile=medium_plus:item_profile=many:wall_profile=open:player_hp=4:enemy_hp=2:agent=random,0,16,4,0,1,17,13,3,13,0.1,1,0.9802631578947368,0.07878787878787878,1,1,8,9.0,11
griddly,random,,,,large,baseline,medium_plus,many,open,default,many,low,4,2,size,large,120,11,4,15,ofat_real,ofat:factor=size:value=large:size=large:map_type=baseline:enemy_profile=medium_plus:item_profile=many:wall_profile=open:player_hp=4:enemy_hp=2:agent=random,0,21,4,0,3,17,13,3,10,0.1,1,0.9806451612903225,0.06060606060606061,3,3,4,9.333333333333334,13
griddly,random,,,,large,baseline,medium_plus,many,open,default,many,low,4,2,size,large,120,11,5,16,ofat_real,ofat:factor=size:value=large:size=large:map_type=baseline:enemy_profile=medium_plus:item_profile=many:wall_profile=open:player_hp=4:enemy_hp=2:agent=random,0,21,4,0,2,17,13,3,21,0.1,1,0.9791666666666666,0.12727272727272726,2,6,7,9.666666666666666,12
griddly,random,,,,large,baseline,medium_plus,many,open,default,many,low,4,2,size,large,120,11,6,17,ofat_real,ofat:factor=size:value=large:size=large:map_type=baseline:enemy_profile=medium_plus:item_profile=many:wall_profile=open:player_hp=4:enemy_hp=2:agent=random,0,10,4,0,3,17,13,3,16,0.1,1,0.9664429530201343,0.09696969696969697,4,4,3,6.666666666666667,13
griddly,random,,,,large,baseline,medium_plus,many,open,default,many,low,4,2,size,large,120,11,7,18,ofat_real,ofat:factor=size:value=large:size=large:map_type=baseline:enemy_profile=medium_plus:item_profile=many:wall_profile=open:player_hp=4:enemy_hp=2:agent=random,0,15,4,0,2,17,13,3,17,0.1,1,0.9797297297297297,0.10303030303030303,3,3,7,8.333333333333334,9
griddly,random,,,,large,baseline,medium_plus,many,open,default,many,low,4,2,size,large,120,11,8,19,ofat_real,ofat:factor=size:value=large:size=large:map_type=baseline:enemy_profile=medium_plus:item_profile=many:wall_profile=open:player_hp=4:enemy_hp=2:agent=random,0,11,4,0,3,17,13,3,20,0.1,1,0.9793103448275862,0.12121212121212122,4,5,3,9.333333333333334,15
griddly,random,,,,large,baseline,medium_plus,many,open,default,many,low,4,2,size,large,120,11,9,20,ofat_real,ofat:factor=size:value=large:size=large:map_type=baseline:enemy_profile=medium_plus:item_profile=many:wall_profile=open:player_hp=4:enemy_hp=2:agent=random,0,14,4,0,3,17,13,3,16,0.1,1,0.9731543624161074,0.09696969696969697,6,7,2,8.0,12
griddly,random,,,,large,baseline,medium_plus,many,open,default,many,low,4,2,size,large,120,11,10,21,ofat_real,ofat:factor=size:value=large:size=large:map_type=baseline:enemy_profile=medium_plus:item_profile=many:wall_profile=open:player_hp=4:enemy_hp=2:agent=random,0,10,4,0,3,17,13,3,12,0.1,1,0.9803921568627451,0.07272727272727272,2,2,6,8.666666666666666,13
griddly,random,,,,large,baseline,medium_plus,many,open,default,many,low,4,2,size,large,120,11,11,22,ofat_real,ofat:factor=size:value=large:size=large:map_type=baseline:enemy_profile=medium_plus:item_profile=many:wall_profile=open:player_hp=4:enemy_hp=2:agent=random,0,15,4,0,2,17,13,3,21,0.1,1,0.9791666666666666,0.12727272727272726,5,5,6,6.666666666666667,7
griddly,random,,,,large,baseline,medium_plus,many,open,default,many,low,4,2,size,large,120,11,12,23,ofat_real,ofat:factor=size:value=large:size=large:map_type=baseline:enemy_profile=medium_plus:item_profile=many:wall_profile=open:player_hp=4:enemy_hp=2:agent=random,0,23,4,0,1,17,13,3,16,0.1,1,0.9798657718120806,0.09696969696969697,3,4,5,10.0,17
griddly,random,,,,large,baseline,medium_plus,many,open,default,many,low,4,2,size,large,120,11,13,24,ofat_real,ofat:factor=size:value=large:size=large:map_type=baseline:enemy_profile=medium_plus:item_profile=many:wall_profile=open:player_hp=4:enemy_hp=2:agent=random,0,25,4,0,2,17,13,3,9,0.1,1,0.9807692307692307,0.05454545454545454,1,2,7,8.666666666666666,11
griddly,random,,,,large,baseline,medium_plus,many,open,default,many,low,4,2,size,large,120,11,14,25,ofat_real,ofat:factor=size:value=large:size=large:map_type=baseline:enemy_profile=medium_plus:item_profile=many:wall_profile=open:player_hp=4:enemy_hp=2:agent=random,0,16,4,0,3,17,13,3,22,0.1,1,0.9790209790209791,0.13333333333333333,5,7,4,7.666666666666667,10
griddly,random,,,,large,baseline,medium_plus,many,open,default,many,low,4,2,size,large,120,11,15,26,ofat_real,ofat:factor=size:value=large:size=large:map_type=baseline:enemy_profile=medium_plus:item_profile=many:wall_profile=open:player_hp=4:enemy_hp=2:agent=random,0,13,4,0,3,17,13,3,23,0.1,1,0.9788732394366197,0.1393939393939394,5,5,4,6.333333333333333,8
griddly,random,,,,large,baseline,medium_plus,many,open,default,many,low,4,2,size,large,120,11,16,27,ofat_real,ofat:factor=size:value=large:size=large:map_type=baseline:enemy_profile=medium_plus:item_profile=many:wall_profile=open:player_hp=4:enemy_hp=2:agent=random,0,22,4,0,2,17,13,3,18,0.1,1,0.9795918367346939,0.10909090909090909,4,5,9,12.0,15
griddly,random,,,,large,baseline,medium_plus,many,open,default,many,low,4,2,size,large,120,11,17,28,ofat_real,ofat:factor=size:value=large:size=large:map_type=baseline:enemy_profile=medium_plus:item_profile=many:wall_profile=open:player_hp=4:enemy_hp=2:agent=random,0,13,4,0,3,17,13,3,19,0.1,1,0.9726027397260274,0.11515151515151516,2,3,9,11.333333333333334,15
griddly,random,,,,large,baseline,medium_plus,many,open,default,many,low,4,2,size,large,120,11,18,29,ofat_real,ofat:factor=size:value=large:size=large:map_type=baseline:enemy_profile=medium_plus:item_profile=many:wall_profile=open:player_hp=4:enemy_hp=2:agent=random,0,19,4,0,3,17,13,3,13,0.1,1,0.9802631578947368,0.07878787878787878,2,2,5,10.666666666666666,16
griddly,random,,,,large,baseline,medium_plus,many,open,default,many,low,4,2,size,large,120,11,19,30,ofat_real,ofat:factor=size:value=large:size=large:map_type=baseline:enemy_profile=medium_plus:item_profile=many:wall_profile=open:player_hp=4:enemy_hp=2:agent=random,0,17,4,0,2,17,13,3,17,0.1,1,0.9797297297297297,0.10303030303030303,2,2,9,10.0,11
griddly,random,,,,large,baseline,medium_plus,many,open,default,many,low,4,2,size,large,120,11,20,31,ofat_real,ofat:factor=size:value=large:size=large:map_type=baseline:enemy_profile=medium_plus:item_profile=many:wall_profile=open:player_hp=4:enemy_hp=2:agent=random,0,12,4,0,3,17,13,3,12,0.1,1,0.9803921568627451,0.07272727272727272,2,6,6,10.333333333333334,13
griddly,random,,,,large,baseline,medium_plus,many,open,default,many,low,4,2,size,large,120,11,21,32,ofat_real,ofat:factor=size:value=large:size=large:map_type=baseline:enemy_profile=medium_plus:item_profile=many:wall_profile=open:player_hp=4:enemy_hp=2:agent=random,0,18,4,0,3,17,13,3,16,0.1,1,0.9798657718120806,0.09696969696969697,2,2,2,8.0,16
griddly,random,,,,large,baseline,medium_plus,many,open,default,many,low,4,2,size,large,120,11,22,33,ofat_real,ofat:factor=size:value=large:size=large:map_type=baseline:enemy_profile=medium_plus:item_profile=many:wall_profile=open:player_hp=4:enemy_hp=2:agent=random,0,16,4,0,2,17,13,3,18,0.1,1,0.9795918367346939,0.10909090909090909,2,4,6,9.0,11
griddly,random,,,,large,baseline,medium_plus,many,open,default,many,low,4,2,size,large,120,11,23,34,ofat_real,ofat:factor=size:value=large:size=large:map_type=baseline:enemy_profile=medium_plus:item_profile=many:wall_profile=open:player_hp=4:enemy_hp=2:agent=random,0,22,4,0,3,17,13,3,11,0.1,1,0.974025974025974,0.06666666666666667,2,2,9,15.666666666666666,20
griddly,random,,,,large,baseline,medium_plus,many,open,default,many,low,4,2,size,large,120,11,24,35,ofat_real,ofat:factor=size:value=large:size=large:map_type=baseline:enemy_profile=medium_plus:item_profile=many:wall_profile=open:player_hp=4:enemy_hp=2:agent=random,0,12,4,0,2,17,13,3,19,0.1,1,0.9794520547945206,0.11515151515151516,4,6,4,8.666666666666666,14
griddly,random,,,,large,baseline,medium_plus,many,open,default,many,low,4,2,size,large,120,11,25,36,ofat_real,ofat:factor=size:value=large:size=large:map_type=baseline:enemy_profile=medium_plus:item_profile=many:wall_profile=open:player_hp=4:enemy_hp=2:agent=random,0,14,4,0,2,17,13,3,14,0.1,1,0.9801324503311258,0.08484848484848485,4,7,4,4.0,4
griddly,random,,,,large,baseline,medium_plus,many,open,default,many,low,4,2,size,large,120,11,26,37,ofat_real,ofat:factor=size:value=large:size=large:map_type=baseline:enemy_profile=medium_plus:item_profile=many:wall_profile=open:player_hp=4:enemy_hp=2:agent=random,0,13,4,0,2,17,13,3,13,0.1,1,0.9802631578947368,0.07878787878787878,0,0,8,9.666666666666666,11
griddly,random,,,,large,baseline,medium_plus,many,open,default,many,low,4,2,size,large,120,11,27,38,ofat_real,ofat:factor=size:value=large:size=large:map_type=baseline:enemy_profile=medium_plus:item_profile=many:wall_profile=open:player_hp=4:enemy_hp=2:agent=random,0,10,4,0,3,17,13,3,16,0.1,1,0.9798657718120806,0.09696969696969697,2,2,6,9.666666666666666,14
griddly,random,,,,large,baseline,medium_plus,many,open,default,many,low,4,2,size,large,120,11,28,39,ofat_real,ofat:factor=size:value=large:size=large:map_type=baseline:enemy_profile=medium_plus:item_profile=many:wall_profile=open:player_hp=4:enemy_hp=2:agent=random,0,22,4,0,3,17,13,3,14,0.1,1,0.9801324503311258,0.08484848484848485,3,4,6,6.666666666666667,7
griddly,random,,,,large,baseline,medium_plus,many,open,default,many,low,4,2,size,large,120,11,29,40,ofat_real,ofat:factor=size:value=large:size=large:map_type=baseline:enemy_profile=medium_plus:item_profile=many:wall_profile=open:player_hp=4:enemy_hp=2:agent=random,0,9,4,0,3,17,13,3,21,0.1,1,0.9652777777777778,0.12727272727272726,2,3,3,6.0,9
griddly,heuristic,,,,large,baseline,medium_plus,many,open,default,many,low,4,2,size,large,120,11,0,11,ofat_real,ofat:factor=size:value=large:size=large:map_type=baseline:enemy_profile=medium_plus:item_profile=many:wall_profile=open:player_hp=4:enemy_hp=2:agent=heuristic,1,11,3,1,0,17,13,3,19,0.1,1,0.9794520547945206,0.11515151515151516,3,3,4,6.666666666666667,9
griddly,heuristic,,,,large,baseline,medium_plus,many,open,default,many,low,4,2,size,large,120,11,1,12,ofat_real,ofat:factor=size:value=large:size=large:map_type=baseline:enemy_profile=medium_plus:item_profile=many:wall_profile=open:player_hp=4:enemy_hp=2:agent=heuristic,1,13,3,1,0,17,13,3,9,0.1,1,0.9807692307692307,0.05454545454545454,2,4,5,9.666666666666666,17
griddly,heuristic,,,,large,baseline,medium_plus,many,open,default,many,low,4,2,size,large,120,11,2,13,ofat_real,ofat:factor=size:value=large:size=large:map_type=baseline:enemy_profile=medium_plus:item_profile=many:wall_profile=open:player_hp=4:enemy_hp=2:agent=heuristic,1,12,2,2,0,17,13,3,25,0.1,1,0.9785714285714285,0.15151515151515152,7,12,6,8.0,9
griddly,heuristic,,,,large,baseline,medium_plus,many,open,default,many,low,4,2,size,large,120,11,3,14,ofat_real,ofat:factor=size:value=large:size=large:map_type=baseline:enemy_profile=medium_plus:item_profile=many:wall_profile=open:player_hp=4:enemy_hp=2:agent=heuristic,1,12,1,3,0,17,13,3,13,0.1,1,0.9802631578947368,0.07878787878787878,1,1,8,9.0,11
griddly,heuristic,,,,large,baseline,medium_plus,many,open,default,many,low,4,2,size,large,120,11,4,15,ofat_real,ofat:factor=size:value=large:size=large:map_type=baseline:enemy_profile=medium_plus:item_profile=many:wall_profile=open:player_hp=4:enemy_hp=2:agent=heuristic,0,12,4,0,1,17,13,3,10,0.1,1,0.9806451612903225,0.06060606060606061,3,3,4,9.333333333333334,13
griddly,heuristic,,,,large,baseline,medium_plus,many,open,default,many,low,4,2,size,large,120,11,5,16,ofat_real,ofat:factor=size:value=large:size=large:map_type=baseline:enemy_profile=medium_plus:item_profile=many:wall_profile=open:player_hp=4:enemy_hp=2:agent=heuristic,1,12,2,2,0,17,13,3,21,0.1,1,0.9791666666666666,0.12727272727272726,2,6,7,9.666666666666666,12
griddly,heuristic,,,,large,baseline,medium_plus,many,open,default,many,low,4,2,size,large,120,11,6,17,ofat_real,ofat:factor=size:value=large:size=large:map_type=baseline:enemy_profile=medium_plus:item_profile=many:wall_profile=open:player_hp=4:enemy_hp=2:agent=heuristic,0,11,4,0,1,17,13,3,16,0.1,1,0.9664429530201343,0.09696969696969697,4,4,3,6.666666666666667,13
griddly,heuristic,,,,large,baseline,medium_plus,many,open,default,many,low,4,2,size,large,120,11,7,18,ofat_real,ofat:factor=size:value=large:size=large:map_type=baseline:enemy_profile=medium_plus:item_profile=many:wall_profile=open:player_hp=4:enemy_hp=2:agent=heuristic,1,11,2,2,0,17,13,3,17,0.1,1,0.9797297297297297,0.10303030303030303,3,3,7,8.333333333333334,9
griddly,heuristic,,,,large,baseline,medium_plus,many,open,default,many,low,4,2,size,large,120,11,8,19,ofat_real,ofat:factor=size:value=large:size=large:map_type=baseline:enemy_profile=medium_plus:item_profile=many:wall_profile=open:player_hp=4:enemy_hp=2:agent=heuristic,0,13,4,0,1,17,13,3,20,0.1,1,0.9793103448275862,0.12121212121212122,4,5,3,9.333333333333334,15
griddly,heuristic,,,,large,baseline,medium_plus,many,open,default,many,low,4,2,size,large,120,11,9,20,ofat_real,ofat:factor=size:value=large:size=large:map_type=baseline:enemy_profile=medium_plus:item_profile=many:wall_profile=open:player_hp=4:enemy_hp=2:agent=heuristic,0,10,4,0,1,17,13,3,16,0.1,1,0.9731543624161074,0.09696969696969697,6,7,2,8.0,12
griddly,heuristic,,,,large,baseline,medium_plus,many,open,default,many,low,4,2,size,large,120,11,10,21,ofat_real,ofat:factor=size:value=large:size=large:map_type=baseline:enemy_profile=medium_plus:item_profile=many:wall_profile=open:player_hp=4:enemy_hp=2:agent=heuristic,1,12,3,1,0,17,13,3,12,0.1,1,0.9803921568627451,0.07272727272727272,2,2,6,8.666666666666666,13
griddly,heuristic,,,,large,baseline,medium_plus,many,open,default,many,low,4,2,size,large,120,11,11,22,ofat_real,ofat:factor=size:value=large:size=large:map_type=baseline:enemy_profile=medium_plus:item_profile=many:wall_profile=open:player_hp=4:enemy_hp=2:agent=heuristic,0,14,4,0,1,17,13,3,21,0.1,1,0.9791666666666666,0.12727272727272726,5,5,6,6.666666666666667,7
griddly,heuristic,,,,large,baseline,medium_plus,many,open,default,many,low,4,2,size,large,120,11,12,23,ofat_real,ofat:factor=size:value=large:size=large:map_type=baseline:enemy_profile=medium_plus:item_profile=many:wall_profile=open:player_hp=4:enemy_hp=2:agent=heuristic,1,14,1,3,0,17,13,3,16,0.1,1,0.9798657718120806,0.09696969696969697,3,4,5,10.0,17
griddly,heuristic,,,,large,baseline,medium_plus,many,open,default,many,low,4,2,size,large,120,11,13,24,ofat_real,ofat:factor=size:value=large:size=large:map_type=baseline:enemy_profile=medium_plus:item_profile=many:wall_profile=open:player_hp=4:enemy_hp=2:agent=heuristic,0,9,4,0,1,17,13,3,9,0.1,1,0.9807692307692307,0.05454545454545454,1,2,7,8.666666666666666,11
griddly,heuristic,,,,large,baseline,medium_plus,many,open,default,many,low,4,2,size,large,120,11,14,25,ofat_real,ofat:factor=size:value=large:size=large:map_type=baseline:enemy_profile=medium_plus:item_profile=many:wall_profile=open:player_hp=4:enemy_hp=2:agent=heuristic,1,13,3,1,0,17,13,3,22,0.1,1,0.9790209790209791,0.13333333333333333,5,7,4,7.666666666666667,10
griddly,heuristic,,,,large,baseline,medium_plus,many,open,default,many,low,4,2,size,large,120,11,15,26,ofat_real,ofat:factor=size:value=large:size=large:map_type=baseline:enemy_profile=medium_plus:item_profile=many:wall_profile=open:player_hp=4:enemy_hp=2:agent=heuristic,0,9,4,0,1,17,13,3,23,0.1,1,0.9788732394366197,0.1393939393939394,5,5,4,6.333333333333333,8
griddly,heuristic,,,,large,baseline,medium_plus,many,open,default,many,low,4,2,size,large,120,11,16,27,ofat_real,ofat:factor=size:value=large:size=large:map_type=baseline:enemy_profile=medium_plus:item_profile=many:wall_profile=open:player_hp=4:enemy_hp=2:agent=heuristic,1,14,2,2,0,17,13,3,18,0.1,1,0.9795918367346939,0.10909090909090909,4,5,9,12.0,15
griddly,heuristic,,,,large,baseline,medium_plus,many,open,default,many,low,4,2,size,large,120,11,17,28,ofat_real,ofat:factor=size:value=large:size=large:map_type=baseline:enemy_profile=medium_plus:item_profile=many:wall_profile=open:player_hp=4:enemy_hp=2:agent=heuristic,0,11,4,0,1,17,13,3,19,0.1,1,0.9726027397260274,0.11515151515151516,2,3,9,11.333333333333334,15
griddly,heuristic,,,,large,baseline,medium_plus,many,open,default,many,low,4,2,size,large,120,11,18,29,ofat_real,ofat:factor=size:value=large:size=large:map_type=baseline:enemy_profile=medium_plus:item_profile=many:wall_profile=open:player_hp=4:enemy_hp=2:agent=heuristic,0,12,4,0,1,17,13,3,13,0.1,1,0.9802631578947368,0.07878787878787878,2,2,5,10.666666666666666,16
griddly,heuristic,,,,large,baseline,medium_plus,many,open,default,many,low,4,2,size,large,120,11,19,30,ofat_real,ofat:factor=size:value=large:size=large:map_type=baseline:enemy_profile=medium_plus:item_profile=many:wall_profile=open:player_hp=4:enemy_hp=2:agent=heuristic,1,11,3,1,0,17,13,3,17,0.1,1,0.9797297297297297,0.10303030303030303,2,2,9,10.0,11
griddly,heuristic,,,,large,baseline,medium_plus,many,open,default,many,low,4,2,size,large,120,11,20,31,ofat_real,ofat:factor=size:value=large:size=large:map_type=baseline:enemy_profile=medium_plus:item_profile=many:wall_profile=open:player_hp=4:enemy_hp=2:agent=heuristic,0,12,4,0,1,17,13,3,12,0.1,1,0.9803921568627451,0.07272727272727272,2,6,6,10.333333333333334,13
griddly,heuristic,,,,large,baseline,medium_plus,many,open,default,many,low,4,2,size,large,120,11,21,32,ofat_real,ofat:factor=size:value=large:size=large:map_type=baseline:enemy_profile=medium_plus:item_profile=many:wall_profile=open:player_hp=4:enemy_hp=2:agent=heuristic,0,12,4,0,1,17,13,3,16,0.1,1,0.9798657718120806,0.09696969696969697,2,2,2,8.0,16
griddly,heuristic,,,,large,baseline,medium_plus,many,open,default,many,low,4,2,size,large,120,11,22,33,ofat_real,ofat:factor=size:value=large:size=large:map_type=baseline:enemy_profile=medium_plus:item_profile=many:wall_profile=open:player_hp=4:enemy_hp=2:agent=heuristic,0,12,4,0,1,17,13,3,18,0.1,1,0.9795918367346939,0.10909090909090909,2,4,6,9.0,11
griddly,heuristic,,,,large,baseline,medium_plus,many,open,default,many,low,4,2,size,large,120,11,23,34,ofat_real,ofat:factor=size:value=large:size=large:map_type=baseline:enemy_profile=medium_plus:item_profile=many:wall_profile=open:player_hp=4:enemy_hp=2:agent=heuristic,0,15,4,0,1,17,13,3,11,0.1,1,0.974025974025974,0.06666666666666667,2,2,9,15.666666666666666,20
griddly,heuristic,,,,large,baseline,medium_plus,many,open,default,many,low,4,2,size,large,120,11,24,35,ofat_real,ofat:factor=size:value=large:size=large:map_type=baseline:enemy_profile=medium_plus:item_profile=many:wall_profile=open:player_hp=4:enemy_hp=2:agent=heuristic,0,9,4,0,1,17,13,3,19,0.1,1,0.9794520547945206,0.11515151515151516,4,6,4,8.666666666666666,14
griddly,heuristic,,,,large,baseline,medium_plus,many,open,default,many,low,4,2,size,large,120,11,25,36,ofat_real,ofat:factor=size:value=large:size=large:map_type=baseline:enemy_profile=medium_plus:item_profile=many:wall_profile=open:player_hp=4:enemy_hp=2:agent=heuristic,0,8,4,0,1,17,13,3,14,0.1,1,0.9801324503311258,0.08484848484848485,4,7,4,4.0,4
griddly,heuristic,,,,large,baseline,medium_plus,many,open,default,many,low,4,2,size,large,120,11,26,37,ofat_real,ofat:factor=size:value=large:size=large:map_type=baseline:enemy_profile=medium_plus:item_profile=many:wall_profile=open:player_hp=4:enemy_hp=2:agent=heuristic,0,7,4,0,3,17,13,3,13,0.1,1,0.9802631578947368,0.07878787878787878,0,0,8,9.666666666666666,11
griddly,heuristic,,,,large,baseline,medium_plus,many,open,default,many,low,4,2,size,large,120,11,27,38,ofat_real,ofat:factor=size:value=large:size=large:map_type=baseline:enemy_profile=medium_plus:item_profile=many:wall_profile=open:player_hp=4:enemy_hp=2:agent=heuristic,1,11,3,1,0,17,13,3,16,0.1,1,0.9798657718120806,0.09696969696969697,2,2,6,9.666666666666666,14
griddly,heuristic,,,,large,baseline,medium_plus,many,open,default,many,low,4,2,size,large,120,11,28,39,ofat_real,ofat:factor=size:value=large:size=large:map_type=baseline:enemy_profile=medium_plus:item_profile=many:wall_profile=open:player_hp=4:enemy_hp=2:agent=heuristic,1,14,3,1,0,17,13,3,14,0.1,1,0.9801324503311258,0.08484848484848485,3,4,6,6.666666666666667,7
griddly,heuristic,,,,large,baseline,medium_plus,many,open,default,many,low,4,2,size,large,120,11,29,40,ofat_real,ofat:factor=size:value=large:size=large:map_type=baseline:enemy_profile=medium_plus:item_profile=many:wall_profile=open:player_hp=4:enemy_hp=2:agent=heuristic,1,11,2,2,0,17,13,3,21,0.1,1,0.9652777777777778,0.12727272727272726,2,3,3,6.0,9
griddly,mcts_small,50,10,1.4142135623730951,large,baseline,medium_plus,many,open,default,many,low,4,2,size,large,120,11,0,11,ofat_real,ofat:factor=size:value=large:size=large:map_type=baseline:enemy_profile=medium_plus:item_profile=many:wall_profile=open:player_hp=4:enemy_hp=2:agent=mcts_small,0,17,4,0,2,17,13,3,19,0.1,1,0.9794520547945206,0.11515151515151516,3,3,4,6.666666666666667,9
griddly,mcts_small,50,10,1.4142135623730951,large,baseline,medium_plus,many,open,default,many,low,4,2,size,large,120,11,1,12,ofat_real,ofat:factor=size:value=large:size=large:map_type=baseline:enemy_profile=medium_plus:item_profile=many:wall_profile=open:player_hp=4:enemy_hp=2:agent=mcts_small,1,26,2,2,0,17,13,3,9,0.1,1,0.9807692307692307,0.05454545454545454,2,4,5,9.666666666666666,17
griddly,mcts_small,50,10,1.4142135623730951,large,baseline,medium_plus,many,open,default,many,low,4,2,size,large,120,11,2,13,ofat_real,ofat:factor=size:value=large:size=large:map_type=baseline:enemy_profile=medium_plus:item_profile=many:wall_profile=open:player_hp=4:enemy_hp=2:agent=mcts_small,1,18,2,2,0,17,13,3,25,0.1,1,0.9785714285714285,0.15151515151515152,7,12,6,8.0,9
griddly,mcts_small,50,10,1.4142135623730951,large,baseline,medium_plus,many,open,default,many,low,4,2,size,large,120,11,3,14,ofat_real,ofat:factor=size:value=large:size=large:map_type=baseline:enemy_profile=medium_plus:item_profile=many:wall_profile=open:player_hp=4:enemy_hp=2:agent=mcts_small,1,16,2,2,0,17,13,3,13,0.1,1,0.9802631578947368,0.07878787878787878,1,1,8,9.0,11
griddly,mcts_small,50,10,1.4142135623730951,large,baseline,medium_plus,many,open,default,many,low,4,2,size,large,120,11,4,15,ofat_real,ofat:factor=size:value=large:size=large:map_type=baseline:enemy_profile=medium_plus:item_profile=many:wall_profile=open:player_hp=4:enemy_hp=2:agent=mcts_small,1,24,2,2,0,17,13,3,10,0.1,1,0.9806451612903225,0.06060606060606061,3,3,4,9.333333333333334,13
griddly,mcts_small,50,10,1.4142135623730951,large,baseline,medium_plus,many,open,default,many,low,4,2,size,large,120,11,5,16,ofat_real,ofat:factor=size:value=large:size=large:map_type=baseline:enemy_profile=medium_plus:item_profile=many:wall_profile=open:player_hp=4:enemy_hp=2:agent=mcts_small,1,30,1,3,0,17,13,3,21,0.1,1,0.9791666666666666,0.12727272727272726,2,6,7,9.666666666666666,12
griddly,mcts_small,50,10,1.4142135623730951,large,baseline,medium_plus,many,open,default,many,low,4,2,size,large,120,11,6,17,ofat_real,ofat:factor=size:value=large:size=large:map_type=baseline:enemy_profile=medium_plus:item_profile=many:wall_profile=open:player_hp=4:enemy_hp=2:agent=mcts_small,0,17,4,0,2,17,13,3,16,0.1,1,0.9664429530201343,0.09696969696969697,4,4,3,6.666666666666667,13
griddly,mcts_small,50,10,1.4142135623730951,large,baseline,medium_plus,many,open,default,many,low,4,2,size,large,120,11,7,18,ofat_real,ofat:factor=size:value=large:size=large:map_type=baseline:enemy_profile=medium_plus:item_profile=many:wall_profile=open:player_hp=4:enemy_hp=2:agent=mcts_small,1,14,3,1,0,17,13,3,17,0.1,1,0.9797297297297297,0.10303030303030303,3,3,7,8.333333333333334,9
griddly,mcts_small,50,10,1.4142135623730951,large,baseline,medium_plus,many,open,default,many,low,4,2,size,large,120,11,8,19,ofat_real,ofat:factor=size:value=large:size=large:map_type=baseline:enemy_profile=medium_plus:item_profile=many:wall_profile=open:player_hp=4:enemy_hp=2:agent=mcts_small,0,23,4,0,1,17,13,3,20,0.1,1,0.9793103448275862,0.12121212121212122,4,5,3,9.333333333333334,15
griddly,mcts_small,50,10,1.4142135623730951,large,baseline,medium_plus,many,open,default,many,low,4,2,size,large,120,11,9,20,ofat_real,ofat:factor=size:value=large:size=large:map_type=baseline:enemy_profile=medium_plus:item_profile=many:wall_profile=open:player_hp=4:enemy_hp=2:agent=mcts_small,1,25,2,2,0,17,13,3,16,0.1,1,0.9731543624161074,0.09696969696969697,6,7,2,8.0,12
griddly,mcts_small,50,10,1.4142135623730951,large,baseline,medium_plus,many,open,default,many,low,4,2,size,large,120,11,10,21,ofat_real,ofat:factor=size:value=large:size=large:map_type=baseline:enemy_profile=medium_plus:item_profile=many:wall_profile=open:player_hp=4:enemy_hp=2:agent=mcts_small,1,16,3,1,0,17,13,3,12,0.1,1,0.9803921568627451,0.07272727272727272,2,2,6,8.666666666666666,13
griddly,mcts_small,50,10,1.4142135623730951,large,baseline,medium_plus,many,open,default,many,low,4,2,size,large,120,11,11,22,ofat_real,ofat:factor=size:value=large:size=large:map_type=baseline:enemy_profile=medium_plus:item_profile=many:wall_profile=open:player_hp=4:enemy_hp=2:agent=mcts_small,0,9,4,0,3,17,13,3,21,0.1,1,0.9791666666666666,0.12727272727272726,5,5,6,6.666666666666667,7
griddly,mcts_small,50,10,1.4142135623730951,large,baseline,medium_plus,many,open,default,many,low,4,2,size,large,120,11,12,23,ofat_real,ofat:factor=size:value=large:size=large:map_type=baseline:enemy_profile=medium_plus:item_profile=many:wall_profile=open:player_hp=4:enemy_hp=2:agent=mcts_small,1,19,3,1,0,17,13,3,16,0.1,1,0.9798657718120806,0.09696969696969697,3,4,5,10.0,17
griddly,mcts_small,50,10,1.4142135623730951,large,baseline,medium_plus,many,open,default,many,low,4,2,size,large,120,11,13,24,ofat_real,ofat:factor=size:value=large:size=large:map_type=baseline:enemy_profile=medium_plus:item_profile=many:wall_profile=open:player_hp=4:enemy_hp=2:agent=mcts_small,1,23,3,1,0,17,13,3,9,0.1,1,0.9807692307692307,0.05454545454545454,1,2,7,8.666666666666666,11
griddly,mcts_small,50,10,1.4142135623730951,large,baseline,medium_plus,many,open,default,many,low,4,2,size,large,120,11,14,25,ofat_real,ofat:factor=size:value=large:size=large:map_type=baseline:enemy_profile=medium_plus:item_profile=many:wall_profile=open:player_hp=4:enemy_hp=2:agent=mcts_small,1,18,3,1,0,17,13,3,22,0.1,1,0.9790209790209791,0.13333333333333333,5,7,4,7.666666666666667,10
griddly,mcts_small,50,10,1.4142135623730951,large,baseline,medium_plus,many,open,default,many,low,4,2,size,large,120,11,15,26,ofat_real,ofat:factor=size:value=large:size=large:map_type=baseline:enemy_profile=medium_plus:item_profile=many:wall_profile=open:player_hp=4:enemy_hp=2:agent=mcts_small,1,20,3,1,0,17,13,3,23,0.1,1,0.9788732394366197,0.1393939393939394,5,5,4,6.333333333333333,8
griddly,mcts_small,50,10,1.4142135623730951,large,baseline,medium_plus,many,open,default,many,low,4,2,size,large,120,11,16,27,ofat_real,ofat:factor=size:value=large:size=large:map_type=baseline:enemy_profile=medium_plus:item_profile=many:wall_profile=open:player_hp=4:enemy_hp=2:agent=mcts_small,1,18,1,3,0,17,13,3,18,0.1,1,0.9795918367346939,0.10909090909090909,4,5,9,12.0,15
griddly,mcts_small,50,10,1.4142135623730951,large,baseline,medium_plus,many,open,default,many,low,4,2,size,large,120,11,17,28,ofat_real,ofat:factor=size:value=large:size=large:map_type=baseline:enemy_profile=medium_plus:item_profile=many:wall_profile=open:player_hp=4:enemy_hp=2:agent=mcts_small,1,18,3,1,0,17,13,3,19,0.1,1,0.9726027397260274,0.11515151515151516,2,3,9,11.333333333333334,15
griddly,mcts_small,50,10,1.4142135623730951,large,baseline,medium_plus,many,open,default,many,low,4,2,size,large,120,11,18,29,ofat_real,ofat:factor=size:value=large:size=large:map_type=baseline:enemy_profile=medium_plus:item_profile=many:wall_profile=open:player_hp=4:enemy_hp=2:agent=mcts_small,0,22,4,0,1,17,13,3,13,0.1,1,0.9802631578947368,0.07878787878787878,2,2,5,10.666666666666666,16
griddly,mcts_small,50,10,1.4142135623730951,large,baseline,medium_plus,many,open,default,many,low,4,2,size,large,120,11,19,30,ofat_real,ofat:factor=size:value=large:size=large:map_type=baseline:enemy_profile=medium_plus:item_profile=many:wall_profile=open:player_hp=4:enemy_hp=2:agent=mcts_small,0,17,4,0,1,17,13,3,17,0.1,1,0.9797297297297297,0.10303030303030303,2,2,9,10.0,11
griddly,mcts_small,50,10,1.4142135623730951,large,baseline,medium_plus,many,open,default,many,low,4,2,size,large,120,11,20,31,ofat_real,ofat:factor=size:value=large:size=large:map_type=baseline:enemy_profile=medium_plus:item_profile=many:wall_profile=open:player_hp=4:enemy_hp=2:agent=mcts_small,1,18,2,2,0,17,13,3,12,0.1,1,0.9803921568627451,0.07272727272727272,2,6,6,10.333333333333334,13
griddly,mcts_small,50,10,1.4142135623730951,large,baseline,medium_plus,many,open,default,many,low,4,2,size,large,120,11,21,32,ofat_real,ofat:factor=size:value=large:size=large:map_type=baseline:enemy_profile=medium_plus:item_profile=many:wall_profile=open:player_hp=4:enemy_hp=2:agent=mcts_small,1,27,2,2,0,17,13,3,16,0.1,1,0.9798657718120806,0.09696969696969697,2,2,2,8.0,16
griddly,mcts_small,50,10,1.4142135623730951,large,baseline,medium_plus,many,open,default,many,low,4,2,size,large,120,11,22,33,ofat_real,ofat:factor=size:value=large:size=large:map_type=baseline:enemy_profile=medium_plus:item_profile=many:wall_profile=open:player_hp=4:enemy_hp=2:agent=mcts_small,1,25,1,3,0,17,13,3,18,0.1,1,0.9795918367346939,0.10909090909090909,2,4,6,9.0,11
griddly,mcts_small,50,10,1.4142135623730951,large,baseline,medium_plus,many,open,default,many,low,4,2,size,large,120,11,23,34,ofat_real,ofat:factor=size:value=large:size=large:map_type=baseline:enemy_profile=medium_plus:item_profile=many:wall_profile=open:player_hp=4:enemy_hp=2:agent=mcts_small,0,24,4,0,2,17,13,3,11,0.1,1,0.974025974025974,0.06666666666666667,2,2,9,15.666666666666666,20
griddly,mcts_small,50,10,1.4142135623730951,large,baseline,medium_plus,many,open,default,many,low,4,2,size,large,120,11,24,35,ofat_real,ofat:factor=size:value=large:size=large:map_type=baseline:enemy_profile=medium_plus:item_profile=many:wall_profile=open:player_hp=4:enemy_hp=2:agent=mcts_small,1,18,3,1,0,17,13,3,19,0.1,1,0.9794520547945206,0.11515151515151516,4,6,4,8.666666666666666,14
griddly,mcts_small,50,10,1.4142135623730951,large,baseline,medium_plus,many,open,default,many,low,4,2,size,large,120,11,25,36,ofat_real,ofat:factor=size:value=large:size=large:map_type=baseline:enemy_profile=medium_plus:item_profile=many:wall_profile=open:player_hp=4:enemy_hp=2:agent=mcts_small,0,8,4,0,3,17,13,3,14,0.1,1,0.9801324503311258,0.08484848484848485,4,7,4,4.0,4
griddly,mcts_small,50,10,1.4142135623730951,large,baseline,medium_plus,many,open,default,many,low,4,2,size,large,120,11,26,37,ofat_real,ofat:factor=size:value=large:size=large:map_type=baseline:enemy_profile=medium_plus:item_profile=many:wall_profile=open:player_hp=4:enemy_hp=2:agent=mcts_small,1,22,2,2,0,17,13,3,13,0.1,1,0.9802631578947368,0.07878787878787878,0,0,8,9.666666666666666,11
griddly,mcts_small,50,10,1.4142135623730951,large,baseline,medium_plus,many,open,default,many,low,4,2,size,large,120,11,27,38,ofat_real,ofat:factor=size:value=large:size=large:map_type=baseline:enemy_profile=medium_plus:item_profile=many:wall_profile=open:player_hp=4:enemy_hp=2:agent=mcts_small,1,11,2,2,0,17,13,3,16,0.1,1,0.9798657718120806,0.09696969696969697,2,2,6,9.666666666666666,14
griddly,mcts_small,50,10,1.4142135623730951,large,baseline,medium_plus,many,open,default,many,low,4,2,size,large,120,11,28,39,ofat_real,ofat:factor=size:value=large:size=large:map_type=baseline:enemy_profile=medium_plus:item_profile=many:wall_profile=open:player_hp=4:enemy_hp=2:agent=mcts_small,1,17,2,2,0,17,13,3,14,0.1,1,0.9801324503311258,0.08484848484848485,3,4,6,6.666666666666667,7
griddly,mcts_small,50,10,1.4142135623730951,large,baseline,medium_plus,many,open,default,many,low,4,2,size,large,120,11,29,40,ofat_real,ofat:factor=size:value=large:size=large:map_type=baseline:enemy_profile=medium_plus:item_profile=many:wall_profile=open:player_hp=4:enemy_hp=2:agent=mcts_small,1,15,2,2,0,17,13,3,21,0.1,1,0.9652777777777778,0.12727272727272726,2,3,3,6.0,9
griddly,mcts_medium,200,30,1.4142135623730951,large,baseline,medium_plus,many,open,default,many,low,4,2,size,large,120,11,0,11,ofat_real,ofat:factor=size:value=large:size=large:map_type=baseline:enemy_profile=medium_plus:item_profile=many:wall_profile=open:player_hp=4:enemy_hp=2:agent=mcts_medium,0,18,4,0,1,17,13,3,19,0.1,1,0.9794520547945206,0.11515151515151516,3,3,4,6.666666666666667,9
griddly,mcts_medium,200,30,1.4142135623730951,large,baseline,medium_plus,many,open,default,many,low,4,2,size,large,120,11,1,12,ofat_real,ofat:factor=size:value=large:size=large:map_type=baseline:enemy_profile=medium_plus:item_profile=many:wall_profile=open:player_hp=4:enemy_hp=2:agent=mcts_medium,1,21,3,1,0,17,13,3,9,0.1,1,0.9807692307692307,0.05454545454545454,2,4,5,9.666666666666666,17
griddly,mcts_medium,200,30,1.4142135623730951,large,baseline,medium_plus,many,open,default,many,low,4,2,size,large,120,11,2,13,ofat_real,ofat:factor=size:value=large:size=large:map_type=baseline:enemy_profile=medium_plus:item_profile=many:wall_profile=open:player_hp=4:enemy_hp=2:agent=mcts_medium,1,22,2,2,0,17,13,3,25,0.1,1,0.9785714285714285,0.15151515151515152,7,12,6,8.0,9
griddly,mcts_medium,200,30,1.4142135623730951,large,baseline,medium_plus,many,open,default,many,low,4,2,size,large,120,11,3,14,ofat_real,ofat:factor=size:value=large:size=large:map_type=baseline:enemy_profile=medium_plus:item_profile=many:wall_profile=open:player_hp=4:enemy_hp=2:agent=mcts_medium,1,18,1,3,0,17,13,3,13,0.1,1,0.9802631578947368,0.07878787878787878,1,1,8,9.0,11
griddly,mcts_medium,200,30,1.4142135623730951,large,baseline,medium_plus,many,open,default,many,low,4,2,size,large,120,11,4,15,ofat_real,ofat:factor=size:value=large:size=large:map_type=baseline:enemy_profile=medium_plus:item_profile=many:wall_profile=open:player_hp=4:enemy_hp=2:agent=mcts_medium,1,11,3,1,0,17,13,3,10,0.1,1,0.9806451612903225,0.06060606060606061,3,3,4,9.333333333333334,13
griddly,mcts_medium,200,30,1.4142135623730951,large,baseline,medium_plus,many,open,default,many,low,4,2,size,large,120,11,5,16,ofat_real,ofat:factor=size:value=large:size=large:map_type=baseline:enemy_profile=medium_plus:item_profile=many:wall_profile=open:player_hp=4:enemy_hp=2:agent=mcts_medium,1,24,1,3,0,17,13,3,21,0.1,1,0.9791666666666666,0.12727272727272726,2,6,7,9.666666666666666,12
griddly,mcts_medium,200,30,1.4142135623730951,large,baseline,medium_plus,many,open,default,many,low,4,2,size,large,120,11,6,17,ofat_real,ofat:factor=size:value=large:size=large:map_type=baseline:enemy_profile=medium_plus:item_profile=many:wall_profile=open:player_hp=4:enemy_hp=2:agent=mcts_medium,0,22,4,0,1,17,13,3,16,0.1,1,0.9664429530201343,0.09696969696969697,4,4,3,6.666666666666667,13
griddly,mcts_medium,200,30,1.4142135623730951,large,baseline,medium_plus,many,open,default,many,low,4,2,size,large,120,11,7,18,ofat_real,ofat:factor=size:value=large:size=large:map_type=baseline:enemy_profile=medium_plus:item_profile=many:wall_profile=open:player_hp=4:enemy_hp=2:agent=mcts_medium,1,15,2,2,0,17,13,3,17,0.1,1,0.9797297297297297,0.10303030303030303,3,3,7,8.333333333333334,9
griddly,mcts_medium,200,30,1.4142135623730951,large,baseline,medium_plus,many,open,default,many,low,4,2,size,large,120,11,8,19,ofat_real,ofat:factor=size:value=large:size=large:map_type=baseline:enemy_profile=medium_plus:item_profile=many:wall_profile=open:player_hp=4:enemy_hp=2:agent=mcts_medium,1,25,3,1,0,17,13,3,20,0.1,1,0.9793103448275862,0.12121212121212122,4,5,3,9.333333333333334,15
griddly,mcts_medium,200,30,1.4142135623730951,large,baseline,medium_plus,many,open,default,many,low,4,2,size,large,120,11,9,20,ofat_real,ofat:factor=size:value=large:size=large:map_type=baseline:enemy_profile=medium_plus:item_profile=many:wall_profile=open:player_hp=4:enemy_hp=2:agent=mcts_medium,1,25,2,2,0,17,13,3,16,0.1,1,0.9731543624161074,0.09696969696969697,6,7,2,8.0,12
griddly,mcts_medium,200,30,1.4142135623730951,large,baseline,medium_plus,many,open,default,many,low,4,2,size,large,120,11,10,21,ofat_real,ofat:factor=size:value=large:size=large:map_type=baseline:enemy_profile=medium_plus:item_profile=many:wall_profile=open:player_hp=4:enemy_hp=2:agent=mcts_medium,1,17,2,2,0,17,13,3,12,0.1,1,0.9803921568627451,0.07272727272727272,2,2,6,8.666666666666666,13
griddly,mcts_medium,200,30,1.4142135623730951,large,baseline,medium_plus,many,open,default,many,low,4,2,size,large,120,11,11,22,ofat_real,ofat:factor=size:value=large:size=large:map_type=baseline:enemy_profile=medium_plus:item_profile=many:wall_profile=open:player_hp=4:enemy_hp=2:agent=mcts_medium,1,19,3,1,0,17,13,3,21,0.1,1,0.9791666666666666,0.12727272727272726,5,5,6,6.666666666666667,7
griddly,mcts_medium,200,30,1.4142135623730951,large,baseline,medium_plus,many,open,default,many,low,4,2,size,large,120,11,12,23,ofat_real,ofat:factor=size:value=large:size=large:map_type=baseline:enemy_profile=medium_plus:item_profile=many:wall_profile=open:player_hp=4:enemy_hp=2:agent=mcts_medium,1,22,3,1,0,17,13,3,16,0.1,1,0.9798657718120806,0.09696969696969697,3,4,5,10.0,17
griddly,mcts_medium,200,30,1.4142135623730951,large,baseline,medium_plus,many,open,default,many,low,4,2,size,large,120,11,13,24,ofat_real,ofat:factor=size:value=large:size=large:map_type=baseline:enemy_profile=medium_plus:item_profile=many:wall_profile=open:player_hp=4:enemy_hp=2:agent=mcts_medium,1,17,2,2,0,17,13,3,9,0.1,1,0.9807692307692307,0.05454545454545454,1,2,7,8.666666666666666,11
griddly,mcts_medium,200,30,1.4142135623730951,large,baseline,medium_plus,many,open,default,many,low,4,2,size,large,120,11,14,25,ofat_real,ofat:factor=size:value=large:size=large:map_type=baseline:enemy_profile=medium_plus:item_profile=many:wall_profile=open:player_hp=4:enemy_hp=2:agent=mcts_medium,1,17,3,1,0,17,13,3,22,0.1,1,0.9790209790209791,0.13333333333333333,5,7,4,7.666666666666667,10
griddly,mcts_medium,200,30,1.4142135623730951,large,baseline,medium_plus,many,open,default,many,low,4,2,size,large,120,11,15,26,ofat_real,ofat:factor=size:value=large:size=large:map_type=baseline:enemy_profile=medium_plus:item_profile=many:wall_profile=open:player_hp=4:enemy_hp=2:agent=mcts_medium,1,16,3,1,0,17,13,3,23,0.1,1,0.9788732394366197,0.1393939393939394,5,5,4,6.333333333333333,8
griddly,mcts_medium,200,30,1.4142135623730951,large,baseline,medium_plus,many,open,default,many,low,4,2,size,large,120,11,16,27,ofat_real,ofat:factor=size:value=large:size=large:map_type=baseline:enemy_profile=medium_plus:item_profile=many:wall_profile=open:player_hp=4:enemy_hp=2:agent=mcts_medium,0,25,4,0,1,17,13,3,18,0.1,1,0.9795918367346939,0.10909090909090909,4,5,9,12.0,15
griddly,mcts_medium,200,30,1.4142135623730951,large,baseline,medium_plus,many,open,default,many,low,4,2,size,large,120,11,17,28,ofat_real,ofat:factor=size:value=large:size=large:map_type=baseline:enemy_profile=medium_plus:item_profile=many:wall_profile=open:player_hp=4:enemy_hp=2:agent=mcts_medium,1,16,1,3,0,17,13,3,19,0.1,1,0.9726027397260274,0.11515151515151516,2,3,9,11.333333333333334,15
griddly,mcts_medium,200,30,1.4142135623730951,large,baseline,medium_plus,many,open,default,many,low,4,2,size,large,120,11,18,29,ofat_real,ofat:factor=size:value=large:size=large:map_type=baseline:enemy_profile=medium_plus:item_profile=many:wall_profile=open:player_hp=4:enemy_hp=2:agent=mcts_medium,0,16,4,0,2,17,13,3,13,0.1,1,0.9802631578947368,0.07878787878787878,2,2,5,10.666666666666666,16
griddly,mcts_medium,200,30,1.4142135623730951,large,baseline,medium_plus,many,open,default,many,low,4,2,size,large,120,11,19,30,ofat_real,ofat:factor=size:value=large:size=large:map_type=baseline:enemy_profile=medium_plus:item_profile=many:wall_profile=open:player_hp=4:enemy_hp=2:agent=mcts_medium,1,23,3,1,0,17,13,3,17,0.1,1,0.9797297297297297,0.10303030303030303,2,2,9,10.0,11
griddly,mcts_medium,200,30,1.4142135623730951,large,baseline,medium_plus,many,open,default,many,low,4,2,size,large,120,11,20,31,ofat_real,ofat:factor=size:value=large:size=large:map_type=baseline:enemy_profile=medium_plus:item_profile=many:wall_profile=open:player_hp=4:enemy_hp=2:agent=mcts_medium,1,22,1,3,0,17,13,3,12,0.1,1,0.9803921568627451,0.07272727272727272,2,6,6,10.333333333333334,13
griddly,mcts_medium,200,30,1.4142135623730951,large,baseline,medium_plus,many,open,default,many,low,4,2,size,large,120,11,21,32,ofat_real,ofat:factor=size:value=large:size=large:map_type=baseline:enemy_profile=medium_plus:item_profile=many:wall_profile=open:player_hp=4:enemy_hp=2:agent=mcts_medium,1,26,2,2,0,17,13,3,16,0.1,1,0.9798657718120806,0.09696969696969697,2,2,2,8.0,16
griddly,mcts_medium,200,30,1.4142135623730951,large,baseline,medium_plus,many,open,default,many,low,4,2,size,large,120,11,22,33,ofat_real,ofat:factor=size:value=large:size=large:map_type=baseline:enemy_profile=medium_plus:item_profile=many:wall_profile=open:player_hp=4:enemy_hp=2:agent=mcts_medium,1,18,2,2,0,17,13,3,18,0.1,1,0.9795918367346939,0.10909090909090909,2,4,6,9.0,11
griddly,mcts_medium,200,30,1.4142135623730951,large,baseline,medium_plus,many,open,default,many,low,4,2,size,large,120,11,23,34,ofat_real,ofat:factor=size:value=large:size=large:map_type=baseline:enemy_profile=medium_plus:item_profile=many:wall_profile=open:player_hp=4:enemy_hp=2:agent=mcts_medium,0,20,4,0,3,17,13,3,11,0.1,1,0.974025974025974,0.06666666666666667,2,2,9,15.666666666666666,20
griddly,mcts_medium,200,30,1.4142135623730951,large,baseline,medium_plus,many,open,default,many,low,4,2,size,large,120,11,24,35,ofat_real,ofat:factor=size:value=large:size=large:map_type=baseline:enemy_profile=medium_plus:item_profile=many:wall_profile=open:player_hp=4:enemy_hp=2:agent=mcts_medium,0,11,4,0,3,17,13,3,19,0.1,1,0.9794520547945206,0.11515151515151516,4,6,4,8.666666666666666,14
griddly,mcts_medium,200,30,1.4142135623730951,large,baseline,medium_plus,many,open,default,many,low,4,2,size,large,120,11,25,36,ofat_real,ofat:factor=size:value=large:size=large:map_type=baseline:enemy_profile=medium_plus:item_profile=many:wall_profile=open:player_hp=4:enemy_hp=2:agent=mcts_medium,0,20,4,0,2,17,13,3,14,0.1,1,0.9801324503311258,0.08484848484848485,4,7,4,4.0,4
griddly,mcts_medium,200,30,1.4142135623730951,large,baseline,medium_plus,many,open,default,many,low,4,2,size,large,120,11,26,37,ofat_real,ofat:factor=size:value=large:size=large:map_type=baseline:enemy_profile=medium_plus:item_profile=many:wall_profile=open:player_hp=4:enemy_hp=2:agent=mcts_medium,0,20,4,0,1,17,13,3,13,0.1,1,0.9802631578947368,0.07878787878787878,0,0,8,9.666666666666666,11
griddly,mcts_medium,200,30,1.4142135623730951,large,baseline,medium_plus,many,open,default,many,low,4,2,size,large,120,11,27,38,ofat_real,ofat:factor=size:value=large:size=large:map_type=baseline:enemy_profile=medium_plus:item_profile=many:wall_profile=open:player_hp=4:enemy_hp=2:agent=mcts_medium,1,25,1,3,0,17,13,3,16,0.1,1,0.9798657718120806,0.09696969696969697,2,2,6,9.666666666666666,14
griddly,mcts_medium,200,30,1.4142135623730951,large,baseline,medium_plus,many,open,default,many,low,4,2,size,large,120,11,28,39,ofat_real,ofat:factor=size:value=large:size=large:map_type=baseline:enemy_profile=medium_plus:item_profile=many:wall_profile=open:player_hp=4:enemy_hp=2:agent=mcts_medium,1,20,1,3,0,17,13,3,14,0.1,1,0.9801324503311258,0.08484848484848485,3,4,6,6.666666666666667,7
griddly,mcts_medium,200,30,1.4142135623730951,large,baseline,medium_plus,many,open,default,many,low,4,2,size,large,120,11,29,40,ofat_real,ofat:factor=size:value=large:size=large:map_type=baseline:enemy_profile=medium_plus:item_profile=many:wall_profile=open:player_hp=4:enemy_hp=2:agent=mcts_medium,1,15,0,4,0,17,13,3,21,0.1,1,0.9652777777777778,0.12727272727272726,2,3,3,6.0,9
griddly,random,,,,medium,random_walk,medium_plus,many,open,medium_plus,many,low,4,2,map_type,random_walk,120,11,0,11,ofat_real,ofat:factor=map_type:value=random_walk:size=medium:map_type=random_walk:enemy_profile=medium_plus:item_profile=many:wall_profile=open:player_hp=4:enemy_hp=2:agent=random,0,27,4,0,2,13,11,3,32,0.32000000000000006,1,0.9402985074626866,0.32323232323232326,3,19,14,15.333333333333334,16
griddly,random,,,,medium,random_walk,medium_plus,many,open,medium_plus,many,low,4,2,map_type,random_walk,120,11,1,12,ofat_real,ofat:factor=map_type:value=random_walk:size=medium:map_type=random_walk:enemy_profile=medium_plus:item_profile=many:wall_profile=open:player_hp=4:enemy_hp=2:agent=random,0,15,4,0,3,13,11,3,32,0.32000000000000006,1,0.9552238805970149,0.32323232323232326,3,19,11,12.0,13
griddly,random,,,,medium,random_walk,medium_plus,many,open,medium_plus,many,low,4,2,map_type,random_walk,120,11,2,13,ofat_real,ofat:factor=map_type:value=random_walk:size=medium:map_type=random_walk:enemy_profile=medium_plus:item_profile=many:wall_profile=open:player_hp=4:enemy_hp=2:agent=random,0,18,4,0,3,13,11,3,32,0.32000000000000006,1,0.9552238805970149,0.32323232323232326,3,8,15,15.0,15
griddly,random,,,,medium,random_walk,medium_plus,many,open,medium_plus,many,low,4,2,map_type,random_walk,120,11,3,14,ofat_real,ofat:factor=map_type:value=random_walk:size=medium:map_type=random_walk:enemy_profile=medium_plus:item_profile=many:wall_profile=open:player_hp=4:enemy_hp=2:agent=random,0,26,4,0,2,13,11,3,32,0.32000000000000006,1,0.9552238805970149,0.32323232323232326,4,8,10,11.333333333333334,12
griddly,random,,,,medium,random_walk,medium_plus,many,open,medium_plus,many,low,4,2,map_type,random_walk,120,11,4,15,ofat_real,ofat:factor=map_type:value=random_walk:size=medium:map_type=random_walk:enemy_profile=medium_plus:item_profile=many:wall_profile=open:player_hp=4:enemy_hp=2:agent=random,0,16,4,0,3,13,11,3,32,0.32000000000000006,1,0.9402985074626866,0.32323232323232326,4,7,13,13.666666666666666,15
griddly,random,,,,medium,random_walk,medium_plus,many,open,medium_plus,many,low,4,2,map_type,random_walk,120,11,5,16,ofat_real,ofat:factor=map_type:value=random_walk:size=medium:map_type=random_walk:enemy_profile=medium_plus:item_profile=many:wall_profile=open:player_hp=4:enemy_hp=2:agent=random,0,18,4,0,2,13,11,3,32,0.32000000000000006,1,0.9552238805970149,0.32323232323232326,6,12,13,13.333333333333334,14
griddly,random,,,,medium,random_walk,medium_plus,many,open,medium_plus,many,low,4,2,map_type,random_walk,120,11,6,17,ofat_real,ofat:factor=map_type:value=random_walk:size=medium:map_type=random_walk:enemy_profile=medium_plus:item_profile=many:wall_profile=open:player_hp=4:enemy_hp=2:agent=random,0,31,4,0,1,13,11,3,32,0.32000000000000006,1,0.9552238805970149,0.32323232323232326,2,3,13,14.333333333333334,15
griddly,random,,,,medium,random_walk,medium_plus,many,open,medium_plus,many,low,4,2,map_type,random_walk,120,11,7,18,ofat_real,ofat:factor=map_type:value=random_walk:size=medium:map_type=random_walk:enemy_profile=medium_plus:item_profile=many:wall_profile=open:player_hp=4:enemy_hp=2:agent=random,0,30,4,0,3,13,11,3,32,0.32000000000000006,1,0.9402985074626866,0.32323232323232326,4,12,15,16.0,17
griddly,random,,,,medium,random_walk,medium_plus,many,open,medium_plus,many,low,4,2,map_type,random_walk,120,11,8,19,ofat_real,ofat:factor=map_type:value=random_walk:size=medium:map_type=random_walk:enemy_profile=medium_plus:item_profile=many:wall_profile=open:player_hp=4:enemy_hp=2:agent=random,0,14,4,0,3,13,11,3,32,0.32000000000000006,1,0.9552238805970149,0.32323232323232326,2,9,14,14.666666666666666,15
griddly,random,,,,medium,random_walk,medium_plus,many,open,medium_plus,many,low,4,2,map_type,random_walk,120,11,9,20,ofat_real,ofat:factor=map_type:value=random_walk:size=medium:map_type=random_walk:enemy_profile=medium_plus:item_profile=many:wall_profile=open:player_hp=4:enemy_hp=2:agent=random,0,20,4,0,3,13,11,3,32,0.32000000000000006,1,0.9402985074626866,0.32323232323232326,2,14,16,17.333333333333332,18
griddly,random,,,,medium,random_walk,medium_plus,many,open,medium_plus,many,low,4,2,map_type,random_walk,120,11,10,21,ofat_real,ofat:factor=map_type:value=random_walk:size=medium:map_type=random_walk:enemy_profile=medium_plus:item_profile=many:wall_profile=open:player_hp=4:enemy_hp=2:agent=random,0,16,4,0,3,13,11,3,32,0.32000000000000006,1,0.9402985074626866,0.32323232323232326,6,21,13,14.333333333333334,15
griddly,random,,,,medium,random_walk,medium_plus,many,open,medium_plus,many,low,4,2,map_type,random_walk,120,11,11,22,ofat_real,ofat:factor=map_type:value=random_walk:size=medium:map_type=random_walk:enemy_profile=medium_plus:item_profile=many:wall_profile=open:player_hp=4:enemy_hp=2:agent=random,0,28,4,0,2,13,11,3,32,0.32000000000000006,1,0.9402985074626866,0.32323232323232326,8,32,12,12.666666666666666,14
griddly,random,,,,medium,random_walk,medium_plus,many,open,medium_plus,many,low,4,2,map_type,random_walk,120,11,12,23,ofat_real,ofat:factor=map_type:value=random_walk:size=medium:map_type=random_walk:enemy_profile=medium_plus:item_profile=many:wall_profile=open:player_hp=4:enemy_hp=2:agent=random,0,22,4,0,3,13,11,3,32,0.32000000000000006,1,0.9402985074626866,0.32323232323232326,4,14,15,16.0,17
griddly,random,,,,medium,random_walk,medium_plus,many,open,medium_plus,many,low,4,2,map_type,random_walk,120,11,13,24,ofat_real,ofat:factor=map_type:value=random_walk:size=medium:map_type=random_walk:enemy_profile=medium_plus:item_profile=many:wall_profile=open:player_hp=4:enemy_hp=2:agent=random,0,10,4,0,3,13,11,3,31,0.32000000000000006,1,0.9411764705882353,0.31313131313131315,4,19,10,11.333333333333334,12
griddly,random,,,,medium,random_walk,medium_plus,many,open,medium_plus,many,low,4,2,map_type,random_walk,120,11,14,25,ofat_real,ofat:factor=map_type:value=random_walk:size=medium:map_type=random_walk:enemy_profile=medium_plus:item_profile=many:wall_profile=open:player_hp=4:enemy_hp=2:agent=random,0,45,4,0,2,13,11,3,31,0.32000000000000006,1,0.9558823529411765,0.31313131313131315,3,12,13,13.666666666666666,15
griddly,random,,,,medium,random_walk,medium_plus,many,open,medium_plus,many,low,4,2,map_type,random_walk,120,11,15,26,ofat_real,ofat:factor=map_type:value=random_walk:size=medium:map_type=random_walk:enemy_profile=medium_plus:item_profile=many:wall_profile=open:player_hp=4:enemy_hp=2:agent=random,0,29,4,0,1,13,11,3,32,0.32000000000000006,1,0.9552238805970149,0.32323232323232326,7,26,17,17.333333333333332,18
griddly,random,,,,medium,random_walk,medium_plus,many,open,medium_plus,many,low,4,2,map_type,random_walk,120,11,16,27,ofat_real,ofat:factor=map_type:value=random_walk:size=medium:map_type=random_walk:enemy_profile=medium_plus:item_profile=many:wall_profile=open:player_hp=4:enemy_hp=2:agent=random,0,25,4,0,3,13,11,3,32,0.32000000000000006,1,0.9552238805970149,0.32323232323232326,5,27,14,14.0,14
griddly,random,,,,medium,random_walk,medium_plus,many,open,medium_plus,many,low,4,2,map_type,random_walk,120,11,17,28,ofat_real,ofat:factor=map_type:value=random_walk:size=medium:map_type=random_walk:enemy_profile=medium_plus:item_profile=many:wall_profile=open:player_hp=4:enemy_hp=2:agent=random,0,29,4,0,3,13,11,3,32,0.32000000000000006,1,0.9402985074626866,0.32323232323232326,3,8,15,16.0,17
griddly,random,,,,medium,random_walk,medium_plus,many,open,medium_plus,many,low,4,2,map_type,random_walk,120,11,18,29,ofat_real,ofat:factor=map_type:value=random_walk:size=medium:map_type=random_walk:enemy_profile=medium_plus:item_profile=many:wall_profile=open:player_hp=4:enemy_hp=2:agent=random,0,33,4,0,1,13,11,3,32,0.32000000000000006,1,0.9402985074626866,0.32323232323232326,2,9,13,14.666666666666666,16
griddly,random,,,,medium,random_walk,medium_plus,many,open,medium_plus,many,low,4,2,map_type,random_walk,120,11,19,30,ofat_real,ofat:factor=map_type:value=random_walk:size=medium:map_type=random_walk:enemy_profile=medium_plus:item_profile=many:wall_profile=open:player_hp=4:enemy_hp=2:agent=random,0,19,4,0,2,13,11,3,32,0.32000000000000006,1,0.9253731343283582,0.32323232323232326,3,18,13,14.333333333333334,15
griddly,random,,,,medium,random_walk,medium_plus,many,open,medium_plus,many,low,4,2,map_type,random_walk,120,11,20,31,ofat_real,ofat:factor=map_type:value=random_walk:size=medium:map_type=random_walk:enemy_profile=medium_plus:item_profile=many:wall_profile=open:player_hp=4:enemy_hp=2:agent=random,0,21,4,0,3,13,11,3,32,0.32000000000000006,1,0.9552238805970149,0.32323232323232326,8,10,14,15.0,16
griddly,random,,,,medium,random_walk,medium_plus,many,open,medium_plus,many,low,4,2,map_type,random_walk,120,11,21,32,ofat_real,ofat:factor=map_type:value=random_walk:size=medium:map_type=random_walk:enemy_profile=medium_plus:item_profile=many:wall_profile=open:player_hp=4:enemy_hp=2:agent=random,0,19,4,0,3,13,11,3,32,0.32000000000000006,1,0.9402985074626866,0.32323232323232326,5,17,10,11.0,12
griddly,random,,,,medium,random_walk,medium_plus,many,open,medium_plus,many,low,4,2,map_type,random_walk,120,11,22,33,ofat_real,ofat:factor=map_type:value=random_walk:size=medium:map_type=random_walk:enemy_profile=medium_plus:item_profile=many:wall_profile=open:player_hp=4:enemy_hp=2:agent=random,0,16,4,0,3,13,11,3,32,0.32000000000000006,1,0.9552238805970149,0.32323232323232326,9,38,14,14.333333333333334,15
griddly,random,,,,medium,random_walk,medium_plus,many,open,medium_plus,many,low,4,2,map_type,random_walk,120,11,23,34,ofat_real,ofat:factor=map_type:value=random_walk:size=medium:map_type=random_walk:enemy_profile=medium_plus:item_profile=many:wall_profile=open:player_hp=4:enemy_hp=2:agent=random,0,17,4,0,3,13,11,3,32,0.32000000000000006,1,0.9552238805970149,0.32323232323232326,7,22,7,8.0,9
griddly,random,,,,medium,random_walk,medium_plus,many,open,medium_plus,many,low,4,2,map_type,random_walk,120,11,24,35,ofat_real,ofat:factor=map_type:value=random_walk:size=medium:map_type=random_walk:enemy_profile=medium_plus:item_profile=many:wall_profile=open:player_hp=4:enemy_hp=2:agent=random,0,21,4,0,2,13,11,3,32,0.32000000000000006,1,0.9402985074626866,0.32323232323232326,2,7,14,14.666666666666666,16
griddly,random,,,,medium,random_walk,medium_plus,many,open,medium_plus,many,low,4,2,map_type,random_walk,120,11,25,36,ofat_real,ofat:factor=map_type:value=random_walk:size=medium:map_type=random_walk:enemy_profile=medium_plus:item_profile=many:wall_profile=open:player_hp=4:enemy_hp=2:agent=random,0,19,4,0,3,13,11,3,32,0.32000000000000006,1,0.9402985074626866,0.32323232323232326,5,15,14,15.0,16
griddly,random,,,,medium,random_walk,medium_plus,many,open,medium_plus,many,low,4,2,map_type,random_walk,120,11,26,37,ofat_real,ofat:factor=map_type:value=random_walk:size=medium:map_type=random_walk:enemy_profile=medium_plus:item_profile=many:wall_profile=open:player_hp=4:enemy_hp=2:agent=random,0,21,4,0,2,13,11,3,32,0.32000000000000006,1,0.9253731343283582,0.32323232323232326,3,8,16,16.666666666666668,18
griddly,random,,,,medium,random_walk,medium_plus,many,open,medium_plus,many,low,4,2,map_type,random_walk,120,11,27,38,ofat_real,ofat:factor=map_type:value=random_walk:size=medium:map_type=random_walk:enemy_profile=medium_plus:item_profile=many:wall_profile=open:player_hp=4:enemy_hp=2:agent=random,0,38,4,0,1,13,11,3,32,0.32000000000000006,1,0.9402985074626866,0.32323232323232326,5,25,15,15.666666666666666,17
griddly,random,,,,medium,random_walk,medium_plus,many,open,medium_plus,many,low,4,2,map_type,random_walk,120,11,28,39,ofat_real,ofat:factor=map_type:value=random_walk:size=medium:map_type=random_walk:enemy_profile=medium_plus:item_profile=many:wall_profile=open:player_hp=4:enemy_hp=2:agent=random,0,30,4,0,2,13,11,3,32,0.32000000000000006,1,0.9552238805970149,0.32323232323232326,4,18,19,19.333333333333332,20
griddly,random,,,,medium,random_walk,medium_plus,many,open,medium_plus,many,low,4,2,map_type,random_walk,120,11,29,40,ofat_real,ofat:factor=map_type:value=random_walk:size=medium:map_type=random_walk:enemy_profile=medium_plus:item_profile=many:wall_profile=open:player_hp=4:enemy_hp=2:agent=random,0,17,4,0,3,13,11,3,32,0.32000000000000006,1,0.9552238805970149,0.32323232323232326,6,19,11,12.0,13
griddly,heuristic,,,,medium,random_walk,medium_plus,many,open,medium_plus,many,low,4,2,map_type,random_walk,120,11,0,11,ofat_real,ofat:factor=map_type:value=random_walk:size=medium:map_type=random_walk:enemy_profile=medium_plus:item_profile=many:wall_profile=open:player_hp=4:enemy_hp=2:agent=heuristic,1,24,3,1,0,13,11,3,32,0.32000000000000006,1,0.9402985074626866,0.32323232323232326,3,19,14,15.333333333333334,16
griddly,heuristic,,,,medium,random_walk,medium_plus,many,open,medium_plus,many,low,4,2,map_type,random_walk,120,11,1,12,ofat_real,ofat:factor=map_type:value=random_walk:size=medium:map_type=random_walk:enemy_profile=medium_plus:item_profile=many:wall_profile=open:player_hp=4:enemy_hp=2:agent=heuristic,0,9,4,0,2,13,11,3,32,0.32000000000000006,1,0.9552238805970149,0.32323232323232326,3,19,11,12.0,13
griddly,heuristic,,,,medium,random_walk,medium_plus,many,open,medium_plus,many,low,4,2,map_type,random_walk,120,11,2,13,ofat_real,ofat:factor=map_type:value=random_walk:size=medium:map_type=random_walk:enemy_profile=medium_plus:item_profile=many:wall_profile=open:player_hp=4:enemy_hp=2:agent=heuristic,1,19,2,2,0,13,11,3,32,0.32000000000000006,1,0.9552238805970149,0.32323232323232326,3,8,15,15.0,15
griddly,heuristic,,,,medium,random_walk,medium_plus,many,open,medium_plus,many,low,4,2,map_type,random_walk,120,11,3,14,ofat_real,ofat:factor=map_type:value=random_walk:size=medium:map_type=random_walk:enemy_profile=medium_plus:item_profile=many:wall_profile=open:player_hp=4:enemy_hp=2:agent=heuristic,1,13,3,1,0,13,11,3,32,0.32000000000000006,1,0.9552238805970149,0.32323232323232326,4,8,10,11.333333333333334,12
griddly,heuristic,,,,medium,random_walk,medium_plus,many,open,medium_plus,many,low,4,2,map_type,random_walk,120,11,4,15,ofat_real,ofat:factor=map_type:value=random_walk:size=medium:map_type=random_walk:enemy_profile=medium_plus:item_profile=many:wall_profile=open:player_hp=4:enemy_hp=2:agent=heuristic,0,14,4,0,1,13,11,3,32,0.32000000000000006,1,0.9402985074626866,0.32323232323232326,4,7,13,13.666666666666666,15
griddly,heuristic,,,,medium,random_walk,medium_plus,many,open,medium_plus,many,low,4,2,map_type,random_walk,120,11,5,16,ofat_real,ofat:factor=map_type:value=random_walk:size=medium:map_type=random_walk:enemy_profile=medium_plus:item_profile=many:wall_profile=open:player_hp=4:enemy_hp=2:agent=heuristic,0,7,4,0,3,13,11,3,32,0.32000000000000006,1,0.9552238805970149,0.32323232323232326,6,12,13,13.333333333333334,14
griddly,heuristic,,,,medium,random_walk,medium_plus,many,open,medium_plus,many,low,4,2,map_type,random_walk,120,11,6,17,ofat_real,ofat:factor=map_type:value=random_walk:size=medium:map_type=random_walk:enemy_profile=medium_plus:item_profile=many:wall_profile=open:player_hp=4:enemy_hp=2:agent=heuristic,0,9,4,0,3,13,11,3,32,0.32000000000000006,1,0.9552238805970149,0.32323232323232326,2,3,13,14.333333333333334,15
griddly,heuristic,,,,medium,random_walk,medium_plus,many,open,medium_plus,many,low,4,2,map_type,random_walk,120,11,7,18,ofat_real,ofat:factor=map_type:value=random_walk:size=medium:map_type=random_walk:enemy_profile=medium_plus:item_profile=many:wall_profile=open:player_hp=4:enemy_hp=2:agent=heuristic,0,14,4,0,1,13,11,3,32,0.32000000000000006,1,0.9402985074626866,0.32323232323232326,4,12,15,16.0,17
griddly,heuristic,,,,medium,random_walk,medium_plus,many,open,medium_plus,many,low,4,2,map_type,random_walk,120,11,8,19,ofat_real,ofat:factor=map_type:value=random_walk:size=medium:map_type=random_walk:enemy_profile=medium_plus:item_profile=many:wall_profile=open:player_hp=4:enemy_hp=2:agent=heuristic,0,10,4,0,2,13,11,3,32,0.32000000000000006,1,0.9552238805970149,0.32323232323232326,2,9,14,14.666666666666666,15
griddly,heuristic,,,,medium,random_walk,medium_plus,many,open,medium_plus,many,low,4,2,map_type,random_walk,120,11,9,20,ofat_real,ofat:factor=map_type:value=random_walk:size=medium:map_type=random_walk:enemy_profile=medium_plus:item_profile=many:wall_profile=open:player_hp=4:enemy_hp=2:agent=heuristic,0,21,4,0,1,13,11,3,32,0.32000000000000006,1,0.9402985074626866,0.32323232323232326,2,14,16,17.333333333333332,18
griddly,heuristic,,,,medium,random_walk,medium_plus,many,open,medium_plus,many,low,4,2,map_type,random_walk,120,11,10,21,ofat_real,ofat:factor=map_type:value=random_walk:size=medium:map_type=random_walk:enemy_profile=medium_plus:item_profile=many:wall_profile=open:player_hp=4:enemy_hp=2:agent=heuristic,1,21,2,2,0,13,11,3,32,0.32000000000000006,1,0.9402985074626866,0.32323232323232326,6,21,13,14.333333333333334,15
griddly,heuristic,,,,medium,random_walk,medium_plus,many,open,medium_plus,many,low,4,2,map_type,random_walk,120,11,11,22,ofat_real,ofat:factor=map_type:value=random_walk:size=medium:map_type=random_walk:enemy_profile=medium_plus:item_profile=many:wall_profile=open:player_hp=4:enemy_hp=2:agent=heuristic,0,16,4,0,1,13,11,3,32,0.32000000000000006,1,0.9402985074626866,0.32323232323232326,8,32,12,12.666666666666666,14
griddly,heuristic,,,,medium,random_walk,medium_plus,many,open,medium_plus,many,low,4,2,map_type,random_walk,120,11,12,23,ofat_real,ofat:factor=map_type:value=random_walk:size=medium:map_type=random_walk:enemy_profile=medium_plus:item_profile=many:wall_profile=open:player_hp=4:enemy_hp=2:agent=heuristic,0,23,4,0,1,13,11,3,32,0.32000000000000006,1,0.9402985074626866,0.32323232323232326,4,14,15,16.0,17
griddly,heuristic,,,,medium,random_walk,medium_plus,many,open,medium_plus,many,low,4,2,map_type,random_walk,120,11,13,24,ofat_real,ofat:factor=map_type:value=random_walk:size=medium:map_type=random_walk:enemy_profile=medium_plus:item_profile=many:wall_profile=open:player_hp=4:enemy_hp=2:agent=heuristic,0,12,4,0,1,13,11,3,31,0.32000000000000006,1,0.9411764705882353,0.31313131313131315,4,19,10,11.333333333333334,12
griddly,heuristic,,,,medium,random_walk,medium_plus,many,open,medium_plus,many,low,4,2,map_type,random_walk,120,11,14,25,ofat_real,ofat:factor=map_type:value=random_walk:size=medium:map_type=random_walk:enemy_profile=medium_plus:item_profile=many:wall_profile=open:player_hp=4:enemy_hp=2:agent=heuristic,1,16,2,2,0,13,11,3,31,0.32000000000000006,1,0.9558823529411765,0.31313131313131315,3,12,13,13.666666666666666,15
griddly,heuristic,,,,medium,random_walk,medium_plus,many,open,medium_plus,many,low,4,2,map_type,random_walk,120,11,15,26,ofat_real,ofat:factor=map_type:value=random_walk:size=medium:map_type=random_walk:enemy_profile=medium_plus:item_profile=many:wall_profile=open:player_hp=4:enemy_hp=2:agent=heuristic,1,15,3,1,0,13,11,3,32,0.32000000000000006,1,0.9552238805970149,0.32323232323232326,7,26,17,17.333333333333332,18
griddly,heuristic,,,,medium,random_walk,medium_plus,many,open,medium_plus,many,low,4,2,map_type,random_walk,120,11,16,27,ofat_real,ofat:factor=map_type:value=random_walk:size=medium:map_type=random_walk:enemy_profile=medium_plus:item_profile=many:wall_profile=open:player_hp=4:enemy_hp=2:agent=heuristic,0,24,4,0,1,13,11,3,32,0.32000000000000006,1,0.9552238805970149,0.32323232323232326,5,27,14,14.0,14
griddly,heuristic,,,,medium,random_walk,medium_plus,many,open,medium_plus,many,low,4,2,map_type,random_walk,120,11,17,28,ofat_real,ofat:factor=map_type:value=random_walk:size=medium:map_type=random_walk:enemy_profile=medium_plus:item_profile=many:wall_profile=open:player_hp=4:enemy_hp=2:agent=heuristic,0,18,4,0,1,13,11,3,32,0.32000000000000006,1,0.9402985074626866,0.32323232323232326,3,8,15,16.0,17
griddly,heuristic,,,,medium,random_walk,medium_plus,many,open,medium_plus,many,low,4,2,map_type,random_walk,120,11,18,29,ofat_real,ofat:factor=map_type:value=random_walk:size=medium:map_type=random_walk:enemy_profile=medium_plus:item_profile=many:wall_profile=open:player_hp=4:enemy_hp=2:agent=heuristic,1,17,3,1,0,13,11,3,32,0.32000000000000006,1,0.9402985074626866,0.32323232323232326,2,9,13,14.666666666666666,16
griddly,heuristic,,,,medium,random_walk,medium_plus,many,open,medium_plus,many,low,4,2,map_type,random_walk,120,11,19,30,ofat_real,ofat:factor=map_type:value=random_walk:size=medium:map_type=random_walk:enemy_profile=medium_plus:item_profile=many:wall_profile=open:player_hp=4:enemy_hp=2:agent=heuristic,1,16,2,2,0,13,11,3,32,0.32000000000000006,1,0.9253731343283582,0.32323232323232326,3,18,13,14.333333333333334,15
griddly,heuristic,,,,medium,random_walk,medium_plus,many,open,medium_plus,many,low,4,2,map_type,random_walk,120,11,20,31,ofat_real,ofat:factor=map_type:value=random_walk:size=medium:map_type=random_walk:enemy_profile=medium_plus:item_profile=many:wall_profile=open:player_hp=4:enemy_hp=2:agent=heuristic,0,14,4,0,1,13,11,3,32,0.32000000000000006,1,0.9552238805970149,0.32323232323232326,8,10,14,15.0,16
griddly,heuristic,,,,medium,random_walk,medium_plus,many,open,medium_plus,many,low,4,2,map_type,random_walk,120,11,21,32,ofat_real,ofat:factor=map_type:value=random_walk:size=medium:map_type=random_walk:enemy_profile=medium_plus:item_profile=many:wall_profile=open:player_hp=4:enemy_hp=2:agent=heuristic,1,17,2,2,0,13,11,3,32,0.32000000000000006,1,0.9402985074626866,0.32323232323232326,5,17,10,11.0,12
griddly,heuristic,,,,medium,random_walk,medium_plus,many,open,medium_plus,many,low,4,2,map_type,random_walk,120,11,22,33,ofat_real,ofat:factor=map_type:value=random_walk:size=medium:map_type=random_walk:enemy_profile=medium_plus:item_profile=many:wall_profile=open:player_hp=4:enemy_hp=2:agent=heuristic,0,20,4,0,1,13,11,3,32,0.32000000000000006,1,0.9552238805970149,0.32323232323232326,9,38,14,14.333333333333334,15
griddly,heuristic,,,,medium,random_walk,medium_plus,many,open,medium_plus,many,low,4,2,map_type,random_walk,120,11,23,34,ofat_real,ofat:factor=map_type:value=random_walk:size=medium:map_type=random_walk:enemy_profile=medium_plus:item_profile=many:wall_profile=open:player_hp=4:enemy_hp=2:agent=heuristic,0,11,4,0,2,13,11,3,32,0.32000000000000006,1,0.9552238805970149,0.32323232323232326,7,22,7,8.0,9
griddly,heuristic,,,,medium,random_walk,medium_plus,many,open,medium_plus,many,low,4,2,map_type,random_walk,120,11,24,35,ofat_real,ofat:factor=map_type:value=random_walk:size=medium:map_type=random_walk:enemy_profile=medium_plus:item_profile=many:wall_profile=open:player_hp=4:enemy_hp=2:agent=heuristic,0,16,4,0,1,13,11,3,32,0.32000000000000006,1,0.9402985074626866,0.32323232323232326,2,7,14,14.666666666666666,16
griddly,heuristic,,,,medium,random_walk,medium_plus,many,open,medium_plus,many,low,4,2,map_type,random_walk,120,11,25,36,ofat_real,ofat:factor=map_type:value=random_walk:size=medium:map_type=random_walk:enemy_profile=medium_plus:item_profile=many:wall_profile=open:player_hp=4:enemy_hp=2:agent=heuristic,1,15,3,1,0,13,11,3,32,0.32000000000000006,1,0.9402985074626866,0.32323232323232326,5,15,14,15.0,16
griddly,heuristic,,,,medium,random_walk,medium_plus,many,open,medium_plus,many,low,4,2,map_type,random_walk,120,11,26,37,ofat_real,ofat:factor=map_type:value=random_walk:size=medium:map_type=random_walk:enemy_profile=medium_plus:item_profile=many:wall_profile=open:player_hp=4:enemy_hp=2:agent=heuristic,0,10,4,0,3,13,11,3,32,0.32000000000000006,1,0.9253731343283582,0.32323232323232326,3,8,16,16.666666666666668,18
griddly,heuristic,,,,medium,random_walk,medium_plus,many,open,medium_plus,many,low,4,2,map_type,random_walk,120,11,27,38,ofat_real,ofat:factor=map_type:value=random_walk:size=medium:map_type=random_walk:enemy_profile=medium_plus:item_profile=many:wall_profile=open:player_hp=4:enemy_hp=2:agent=heuristic,1,23,3,1,0,13,11,3,32,0.32000000000000006,1,0.9402985074626866,0.32323232323232326,5,25,15,15.666666666666666,17
griddly,heuristic,,,,medium,random_walk,medium_plus,many,open,medium_plus,many,low,4,2,map_type,random_walk,120,11,28,39,ofat_real,ofat:factor=map_type:value=random_walk:size=medium:map_type=random_walk:enemy_profile=medium_plus:item_profile=many:wall_profile=open:player_hp=4:enemy_hp=2:agent=heuristic,1,19,2,2,0,13,11,3,32,0.32000000000000006,1,0.9552238805970149,0.32323232323232326,4,18,19,19.333333333333332,20
griddly,heuristic,,,,medium,random_walk,medium_plus,many,open,medium_plus,many,low,4,2,map_type,random_walk,120,11,29,40,ofat_real,ofat:factor=map_type:value=random_walk:size=medium:map_type=random_walk:enemy_profile=medium_plus:item_profile=many:wall_profile=open:player_hp=4:enemy_hp=2:agent=heuristic,0,15,4,0,1,13,11,3,32,0.32000000000000006,1,0.9552238805970149,0.32323232323232326,6,19,11,12.0,13
griddly,mcts_small,50,10,1.4142135623730951,medium,random_walk,medium_plus,many,open,medium_plus,many,low,4,2,map_type,random_walk,120,11,0,11,ofat_real,ofat:factor=map_type:value=random_walk:size=medium:map_type=random_walk:enemy_profile=medium_plus:item_profile=many:wall_profile=open:player_hp=4:enemy_hp=2:agent=mcts_small,1,54,2,2,0,13,11,3,32,0.32000000000000006,1,0.9402985074626866,0.32323232323232326,3,19,14,15.333333333333334,16
griddly,mcts_small,50,10,1.4142135623730951,medium,random_walk,medium_plus,many,open,medium_plus,many,low,4,2,map_type,random_walk,120,11,1,12,ofat_real,ofat:factor=map_type:value=random_walk:size=medium:map_type=random_walk:enemy_profile=medium_plus:item_profile=many:wall_profile=open:player_hp=4:enemy_hp=2:agent=mcts_small,0,22,4,0,1,13,11,3,32,0.32000000000000006,1,0.9552238805970149,0.32323232323232326,3,19,11,12.0,13
griddly,mcts_small,50,10,1.4142135623730951,medium,random_walk,medium_plus,many,open,medium_plus,many,low,4,2,map_type,random_walk,120,11,2,13,ofat_real,ofat:factor=map_type:value=random_walk:size=medium:map_type=random_walk:enemy_profile=medium_plus:item_profile=many:wall_profile=open:player_hp=4:enemy_hp=2:agent=mcts_small,1,27,3,1,0,13,11,3,32,0.32000000000000006,1,0.9552238805970149,0.32323232323232326,3,8,15,15.0,15
griddly,mcts_small,50,10,1.4142135623730951,medium,random_walk,medium_plus,many,open,medium_plus,many,low,4,2,map_type,random_walk,120,11,3,14,ofat_real,ofat:factor=map_type:value=random_walk:size=medium:map_type=random_walk:enemy_profile=medium_plus:item_profile=many:wall_profile=open:player_hp=4:enemy_hp=2:agent=mcts_small,1,19,3,1,0,13,11,3,32,0.32000000000000006,1,0.9552238805970149,0.32323232323232326,4,8,10,11.333333333333334,12
griddly,mcts_small,50,10,1.4142135623730951,medium,random_walk,medium_plus,many,open,medium_plus,many,low,4,2,map_type,random_walk,120,11,4,15,ofat_real,ofat:factor=map_type:value=random_walk:size=medium:map_type=random_walk:enemy_profile=medium_plus:item_profile=many:wall_profile=open:player_hp=4:enemy_hp=2:agent=mcts_small,0,18,4,0,3,13,11,3,32,0.32000000000000006,1,0.9402985074626866,0.32323232323232326,4,7,13,13.666666666666666,15
griddly,mcts_small,50,10,1.4142135623730951,medium,random_walk,medium_plus,many,open,medium_plus,many,low,4,2,map_type,random_walk,120,11,5,16,ofat_real,ofat:factor=map_type:value=random_walk:size=medium:map_type=random_walk:enemy_profile=medium_plus:item_profile=many:wall_profile=open:player_hp=4:enemy_hp=2:agent=mcts_small,1,26,3,1,0,13,11,3,32,0.32000000000000006,1,0.9552238805970149,0.32323232323232326,6,12,13,13.333333333333334,14
griddly,mcts_small,50,10,1.4142135623730951,medium,random_walk,medium_plus,many,open,medium_plus,many,low,4,2,map_type,random_walk,120,11,6,17,ofat_real,ofat:factor=map_type:value=random_walk:size=medium:map_type=random_walk:enemy_profile=medium_plus:item_profile=many:wall_profile=open:player_hp=4:enemy_hp=2:agent=mcts_small,1,30,3,1,0,13,11,3,32,0.32000000000000006,1,0.9552238805970149,0.32323232323232326,2,3,13,14.333333333333334,15
griddly,mcts_small,50,10,1.4142135623730951,medium,random_walk,medium_plus,many,open,medium_plus,many,low,4,2,map_type,random_walk,120,11,7,18,ofat_real,ofat:factor=map_type:value=random_walk:size=medium:map_type=random_walk:enemy_profile=medium_plus:item_profile=many:wall_profile=open:player_hp=4:enemy_hp=2:agent=mcts_small,0,19,4,0,2,13,11,3,32,0.32000000000000006,1,0.9402985074626866,0.32323232323232326,4,12,15,16.0,17
griddly,mcts_small,50,10,1.4142135623730951,medium,random_walk,medium_plus,many,open,medium_plus,many,low,4,2,map_type,random_walk,120,11,8,19,ofat_real,ofat:factor=map_type:value=random_walk:size=medium:map_type=random_walk:enemy_profile=medium_plus:item_profile=many:wall_profile=open:player_hp=4:enemy_hp=2:agent=mcts_small,0,14,4,0,3,13,11,3,32,0.32000000000000006,1,0.9552238805970149,0.32323232323232326,2,9,14,14.666666666666666,15
griddly,mcts_small,50,10,1.4142135623730951,medium,random_walk,medium_plus,many,open,medium_plus,many,low,4,2,map_type,random_walk,120,11,9,20,ofat_real,ofat:factor=map_type:value=random_walk:size=medium:map_type=random_walk:enemy_profile=medium_plus:item_profile=many:wall_profile=open:player_hp=4:enemy_hp=2:agent=mcts_small,1,22,2,2,0,13,11,3,32,0.32000000000000006,1,0.9402985074626866,0.32323232323232326,2,14,16,17.333333333333332,18
griddly,mcts_small,50,10,1.4142135623730951,medium,random_walk,medium_plus,many,open,medium_plus,many,low,4,2,map_type,random_walk,120,11,10,21,ofat_real,ofat:factor=map_type:value=random_walk:size=medium:map_type=random_walk:enemy_profile=medium_plus:item_profile=many:wall_profile=open:player_hp=4:enemy_hp=2:agent=mcts_small,0,21,4,0,2,13,11,3,32,0.32000000000000006,1,0.9402985074626866,0.32323232323232326,6,21,13,14.333333333333334,15
griddly,mcts_small,50,10,1.4142135623730951,medium,random_walk,medium_plus,many,open,medium_plus,many,low,4,2,map_type,random_walk,120,11,11,22,ofat_real,ofat:factor=map_type:value=random_walk:size=medium:map_type=random_walk:enemy_profile=medium_plus:item_profile=many:wall_profile=open:player_hp=4:enemy_hp=2:agent=mcts_small,1,32,3,1,0,13,11,3,32,0.32000000000000006,1,0.9402985074626866,0.32323232323232326,8,32,12,12.666666666666666,14
griddly,mcts_small,50,10,1.4142135623730951,medium,random_walk,medium_plus,many,open,medium_plus,many,low,4,2,map_type,random_walk,120,11,12,23,ofat_real,ofat:factor=map_type:value=random_walk:size=medium:map_type=random_walk:enemy_profile=medium_plus:item_profile=many:wall_profile=open:player_hp=4:enemy_hp=2:agent=mcts_small,1,34,3,1,0,13,11,3,32,0.32000000000000006,1,0.9402985074626866,0.32323232323232326,4,14,15,16.0,17
griddly,mcts_small,50,10,1.4142135623730951,medium,random_walk,medium_plus,many,open,medium_plus,many,low,4,2,map_type,random_walk,120,11,13,24,ofat_real,ofat:factor=map_type:value=random_walk:size=medium:map_type=random_walk:enemy_profile=medium_plus:item_profile=many:wall_profile=open:player_hp=4:enemy_hp=2:agent=mcts_small,1,27,3,1,0,13,11,3,31,0.32000000000000006,1,0.9411764705882353,0.31313131313131315,4,19,10,11.333333333333334,12
griddly,mcts_small,50,10,1.4142135623730951,medium,random_walk,medium_plus,many,open,medium_plus,many,low,4,2,map_type,random_walk,120,11,14,25,ofat_real,ofat:factor=map_type:value=random_walk:size=medium:map_type=random_walk:enemy_profile=medium_plus:item_profile=many:wall_profile=open:player_hp=4:enemy_hp=2:agent=mcts_small,1,26,1,3,0,13,11,3,31,0.32000000000000006,1,0.9558823529411765,0.31313131313131315,3,12,13,13.666666666666666,15
griddly,mcts_small,50,10,1.4142135623730951,medium,random_walk,medium_plus,many,open,medium_plus,many,low,4,2,map_type,random_walk,120,11,15,26,ofat_real,ofat:factor=map_type:value=random_walk:size=medium:map_type=random_walk:enemy_profile=medium_plus:item_profile=many:wall_profile=open:player_hp=4:enemy_hp=2:agent=mcts_small,0,50,4,0,1,13,11,3,32,0.32000000000000006,1,0.9552238805970149,0.32323232323232326,7,26,17,17.333333333333332,18
griddly,mcts_small,50,10,1.4142135623730951,medium,random_walk,medium_plus,many,open,medium_plus,many,low,4,2,map_type,random_walk,120,11,16,27,ofat_real,ofat:factor=map_type:value=random_walk:size=medium:map_type=random_walk:enemy_profile=medium_plus:item_profile=many:wall_profile=open:player_hp=4:enemy_hp=2:agent=mcts_small,1,35,3,1,0,13,11,3,32,0.32000000000000006,1,0.9552238805970149,0.32323232323232326,5,27,14,14.0,14
griddly,mcts_small,50,10,1.4142135623730951,medium,random_walk,medium_plus,many,open,medium_plus,many,low,4,2,map_type,random_walk,120,11,17,28,ofat_real,ofat:factor=map_type:value=random_walk:size=medium:map_type=random_walk:enemy_profile=medium_plus:item_profile=many:wall_profile=open:player_hp=4:enemy_hp=2:agent=mcts_small,1,35,2,2,0,13,11,3,32,0.32000000000000006,1,0.9402985074626866,0.32323232323232326,3,8,15,16.0,17
griddly,mcts_small,50,10,1.4142135623730951,medium,random_walk,medium_plus,many,open,medium_plus,many,low,4,2,map_type,random_walk,120,11,18,29,ofat_real,ofat:factor=map_type:value=random_walk:size=medium:map_type=random_walk:enemy_profile=medium_plus:item_profile=many:wall_profile=open:player_hp=4:enemy_hp=2:agent=mcts_small,0,24,4,0,1,13,11,3,32,0.32000000000000006,1,0.9402985074626866,0.32323232323232326,2,9,13,14.666666666666666,16
griddly,mcts_small,50,10,1.4142135623730951,medium,random_walk,medium_plus,many,open,medium_plus,many,low,4,2,map_type,random_walk,120,11,19,30,ofat_real,ofat:factor=map_type:value=random_walk:size=medium:map_type=random_walk:enemy_profile=medium_plus:item_profile=many:wall_profile=open:player_hp=4:enemy_hp=2:agent=mcts_small,1,21,2,2,0,13,11,3,32,0.32000000000000006,1,0.9253731343283582,0.32323232323232326,3,18,13,14.333333333333334,15
griddly,mcts_small,50,10,1.4142135623730951,medium,random_walk,medium_plus,many,open,medium_plus,many,low,4,2,map_type,random_walk,120,11,20,31,ofat_real,ofat:factor=map_type:value=random_walk:size=medium:map_type=random_walk:enemy_profile=medium_plus:item_profile=many:wall_profile=open:player_hp=4:enemy_hp=2:agent=mcts_small,1,28,2,2,0,13,11,3,32,0.32000000000000006,1,0.9552238805970149,0.32323232323232326,8,10,14,15.0,16
griddly,mcts_small,50,10,1.4142135623730951,medium,random_walk,medium_plus,many,open,medium_plus,many,low,4,2,map_type,random_walk,120,11,21,32,ofat_real,ofat:factor=map_type:value=random_walk:size=medium:map_type=random_walk:enemy_profile=medium_plus:item_profile=many:wall_profile=open:player_hp=4:enemy_hp=2:agent=mcts_small,1,31,3,1,0,13,11,3,32,0.32000000000000006,1,0.9402985074626866,0.32323232323232326,5,17,10,11.0,12
griddly,mcts_small,50,10,1.4142135623730951,medium,random_walk,medium_plus,many,open,medium_plus,many,low,4,2,map_type,random_walk,120,11,22,33,ofat_real,ofat:factor=map_type:value=random_walk:size=medium:map_type=random_walk:enemy_profile=medium_plus:item_profile=many:wall_profile=open:player_hp=4:enemy_hp=2:agent=mcts_small,1,32,3,1,0,13,11,3,32,0.32000000000000006,1,0.9552238805970149,0.32323232323232326,9,38,14,14.333333333333334,15
griddly,mcts_small,50,10,1.4142135623730951,medium,random_walk,medium_plus,many,open,medium_plus,many,low,4,2,map_type,random_walk,120,11,23,34,ofat_real,ofat:factor=map_type:value=random_walk:size=medium:map_type=random_walk:enemy_profile=medium_plus:item_profile=many:wall_profile=open:player_hp=4:enemy_hp=2:agent=mcts_small,0,18,4,0,1,13,11,3,32,0.32000000000000006,1,0.9552238805970149,0.32323232323232326,7,22,7,8.0,9
griddly,mcts_small,50,10,1.4142135623730951,medium,random_walk,medium_plus,many,open,medium_plus,many,low,4,2,map_type,random_walk,120,11,24,35,ofat_real,ofat:factor=map_type:value=random_walk:size=medium:map_type=random_walk:enemy_profile=medium_plus:item_profile=many:wall_profile=open:player_hp=4:enemy_hp=2:agent=mcts_small,0,25,4,0,2,13,11,3,32,0.32000000000000006,1,0.9402985074626866,0.32323232323232326,2,7,14,14.666666666666666,16
griddly,mcts_small,50,10,1.4142135623730951,medium,random_walk,medium_plus,many,open,medium_plus,many,low,4,2,map_type,random_walk,120,11,25,36,ofat_real,ofat:factor=map_type:value=random_walk:size=medium:map_type=random_walk:enemy_profile=medium_plus:item_profile=many:wall_profile=open:player_hp=4:enemy_hp=2:agent=mcts_small,1,52,2,2,0,13,11,3,32,0.32000000000000006,1,0.9402985074626866,0.32323232323232326,5,15,14,15.0,16
griddly,mcts_small,50,10,1.4142135623730951,medium,random_walk,medium_plus,many,open,medium_plus,many,low,4,2,map_type,random_walk,120,11,26,37,ofat_real,ofat:factor=map_type:value=random_walk:size=medium:map_type=random_walk:enemy_profile=medium_plus:item_profile=many:wall_profile=open:player_hp=4:enemy_hp=2:agent=mcts_small,0,12,4,0,3,13,11,3,32,0.32000000000000006,1,0.9253731343283582,0.32323232323232326,3,8,16,16.666666666666668,18
griddly,mcts_small,50,10,1.4142135623730951,medium,random_walk,medium_plus,many,open,medium_plus,many,low,4,2,map_type,random_walk,120,11,27,38,ofat_real,ofat:factor=map_type:value=random_walk:size=medium:map_type=random_walk:enemy_profile=medium_plus:item_profile=many:wall_profile=open:player_hp=4:enemy_hp=2:agent=mcts_small,1,36,2,2,0,13,11,3,32,0.32000000000000006,1,0.9402985074626866,0.32323232323232326,5,25,15,15.666666666666666,17
griddly,mcts_small,50,10,1.4142135623730951,medium,random_walk,medium_plus,many,open,medium_plus,many,low,4,2,map_type,random_walk,120,11,28,39,ofat_real,ofat:factor=map_type:value=random_walk:size=medium:map_type=random_walk:enemy_profile=medium_plus:item_profile=many:wall_profile=open:player_hp=4:enemy_hp=2:agent=mcts_small,0,21,4,0,2,13,11,3,32,0.32000000000000006,1,0.9552238805970149,0.32323232323232326,4,18,19,19.333333333333332,20
griddly,mcts_small,50,10,1.4142135623730951,medium,random_walk,medium_plus,many,open,medium_plus,many,low,4,2,map_type,random_walk,120,11,29,40,ofat_real,ofat:factor=map_type:value=random_walk:size=medium:map_type=random_walk:enemy_profile=medium_plus:item_profile=many:wall_profile=open:player_hp=4:enemy_hp=2:agent=mcts_small,1,32,2,2,0,13,11,3,32,0.32000000000000006,1,0.9552238805970149,0.32323232323232326,6,19,11,12.0,13
griddly,mcts_medium,200,30,1.4142135623730951,medium,random_walk,medium_plus,many,open,medium_plus,many,low,4,2,map_type,random_walk,120,11,0,11,ofat_real,ofat:factor=map_type:value=random_walk:size=medium:map_type=random_walk:enemy_profile=medium_plus:item_profile=many:wall_profile=open:player_hp=4:enemy_hp=2:agent=mcts_medium,1,40,2,2,0,13,11,3,32,0.32000000000000006,1,0.9402985074626866,0.32323232323232326,3,19,14,15.333333333333334,16
griddly,mcts_medium,200,30,1.4142135623730951,medium,random_walk,medium_plus,many,open,medium_plus,many,low,4,2,map_type,random_walk,120,11,1,12,ofat_real,ofat:factor=map_type:value=random_walk:size=medium:map_type=random_walk:enemy_profile=medium_plus:item_profile=many:wall_profile=open:player_hp=4:enemy_hp=2:agent=mcts_medium,1,39,1,3,0,13,11,3,32,0.32000000000000006,1,0.9552238805970149,0.32323232323232326,3,19,11,12.0,13
griddly,mcts_medium,200,30,1.4142135623730951,medium,random_walk,medium_plus,many,open,medium_plus,many,low,4,2,map_type,random_walk,120,11,2,13,ofat_real,ofat:factor=map_type:value=random_walk:size=medium:map_type=random_walk:enemy_profile=medium_plus:item_profile=many:wall_profile=open:player_hp=4:enemy_hp=2:agent=mcts_medium,0,18,4,0,3,13,11,3,32,0.32000000000000006,1,0.9552238805970149,0.32323232323232326,3,8,15,15.0,15
griddly,mcts_medium,200,30,1.4142135623730951,medium,random_walk,medium_plus,many,open,medium_plus,many,low,4,2,map_type,random_walk,120,11,3,14,ofat_real,ofat:factor=map_type:value=random_walk:size=medium:map_type=random_walk:enemy_profile=medium_plus:item_profile=many:wall_profile=open:player_hp=4:enemy_hp=2:agent=mcts_medium,1,28,1,3,0,13,11,3,32,0.32000000000000006,1,0.9552238805970149,0.32323232323232326,4,8,10,11.333333333333334,12
griddly,mcts_medium,200,30,1.4142135623730951,medium,random_walk,medium_plus,many,open,medium_plus,many,low,4,2,map_type,random_walk,120,11,4,15,ofat_real,ofat:factor=map_type:value=random_walk:size=medium:map_type=random_walk:enemy_profile=medium_plus:item_profile=many:wall_profile=open:player_hp=4:enemy_hp=2:agent=mcts_medium,0,16,4,0,3,13,11,3,32,0.32000000000000006,1,0.9402985074626866,0.32323232323232326,4,7,13,13.666666666666666,15
griddly,mcts_medium,200,30,1.4142135623730951,medium,random_walk,medium_plus,many,open,medium_plus,many,low,4,2,map_type,random_walk,120,11,5,16,ofat_real,ofat:factor=map_type:value=random_walk:size=medium:map_type=random_walk:enemy_profile=medium_plus:item_profile=many:wall_profile=open:player_hp=4:enemy_hp=2:agent=mcts_medium,1,28,0,4,0,13,11,3,32,0.32000000000000006,1,0.9552238805970149,0.32323232323232326,6,12,13,13.333333333333334,14
griddly,mcts_medium,200,30,1.4142135623730951,medium,random_walk,medium_plus,many,open,medium_plus,many,low,4,2,map_type,random_walk,120,11,6,17,ofat_real,ofat:factor=map_type:value=random_walk:size=medium:map_type=random_walk:enemy_profile=medium_plus:item_profile=many:wall_profile=open:player_hp=4:enemy_hp=2:agent=mcts_medium,0,51,4,0,1,13,11,3,32,0.32000000000000006,1,0.9552238805970149,0.32323232323232326,2,3,13,14.333333333333334,15
griddly,mcts_medium,200,30,1.4142135623730951,medium,random_walk,medium_plus,many,open,medium_plus,many,low,4,2,map_type,random_walk,120,11,7,18,ofat_real,ofat:factor=map_type:value=random_walk:size=medium:map_type=random_walk:enemy_profile=medium_plus:item_profile=many:wall_profile=open:player_hp=4:enemy_hp=2:agent=mcts_medium,1,37,2,2,0,13,11,3,32,0.32000000000000006,1,0.9402985074626866,0.32323232323232326,4,12,15,16.0,17
griddly,mcts_medium,200,30,1.4142135623730951,medium,random_walk,medium_plus,many,open,medium_plus,many,low,4,2,map_type,random_walk,120,11,8,19,ofat_real,ofat:factor=map_type:value=random_walk:size=medium:map_type=random_walk:enemy_profile=medium_plus:item_profile=many:wall_profile=open:player_hp=4:enemy_hp=2:agent=mcts_medium,0,30,4,0,2,13,11,3,32,0.32000000000000006,1,0.9552238805970149,0.32323232323232326,2,9,14,14.666666666666666,15
griddly,mcts_medium,200,30,1.4142135623730951,medium,random_walk,medium_plus,many,open,medium_plus,many,low,4,2,map_type,random_walk,120,11,9,20,ofat_real,ofat:factor=map_type:value=random_walk:size=medium:map_type=random_walk:enemy_profile=medium_plus:item_profile=many:wall_profile=open:player_hp=4:enemy_hp=2:agent=mcts_medium,0,27,4,0,1,13,11,3,32,0.32000000000000006,1,0.9402985074626866,0.32323232323232326,2,14,16,17.333333333333332,18
griddly,mcts_medium,200,30,1.4142135623730951,medium,random_walk,medium_plus,many,open,medium_plus,many,low,4,2,map_type,random_walk,120,11,10,21,ofat_real,ofat:factor=map_type:value=random_walk:size=medium:map_type=random_walk:enemy_profile=medium_plus:item_profile=many:wall_profile=open:player_hp=4:enemy_hp=2:agent=mcts_medium,1,46,2,2,0,13,11,3,32,0.32000000000000006,1,0.9402985074626866,0.32323232323232326,6,21,13,14.333333333333334,15
griddly,mcts_medium,200,30,1.4142135623730951,medium,random_walk,medium_plus,many,open,medium_plus,many,low,4,2,map_type,random_walk,120,11,11,22,ofat_real,ofat:factor=map_type:value=random_walk:size=medium:map_type=random_walk:enemy_profile=medium_plus:item_profile=many:wall_profile=open:player_hp=4:enemy_hp=2:agent=mcts_medium,0,29,4,0,2,13,11,3,32,0.32000000000000006,1,0.9402985074626866,0.32323232323232326,8,32,12,12.666666666666666,14
griddly,mcts_medium,200,30,1.4142135623730951,medium,random_walk,medium_plus,many,open,medium_plus,many,low,4,2,map_type,random_walk,120,11,12,23,ofat_real,ofat:factor=map_type:value=random_walk:size=medium:map_type=random_walk:enemy_profile=medium_plus:item_profile=many:wall_profile=open:player_hp=4:enemy_hp=2:agent=mcts_medium,1,38,3,1,0,13,11,3,32,0.32000000000000006,1,0.9402985074626866,0.32323232323232326,4,14,15,16.0,17
griddly,mcts_medium,200,30,1.4142135623730951,medium,random_walk,medium_plus,many,open,medium_plus,many,low,4,2,map_type,random_walk,120,11,13,24,ofat_real,ofat:factor=map_type:value=random_walk:size=medium:map_type=random_walk:enemy_profile=medium_plus:item_profile=many:wall_profile=open:player_hp=4:enemy_hp=2:agent=mcts_medium,0,28,4,0,1,13,11,3,31,0.32000000000000006,1,0.9411764705882353,0.31313131313131315,4,19,10,11.333333333333334,12
griddly,mcts_medium,200,30,1.4142135623730951,medium,random_walk,medium_plus,many,open,medium_plus,many,low,4,2,map_type,random_walk,120,11,14,25,ofat_real,ofat:factor=map_type:value=random_walk:size=medium:map_type=random_walk:enemy_profile=medium_plus:item_profile=many:wall_profile=open:player_hp=4:enemy_hp=2:agent=mcts_medium,1,57,2,2,0,13,11,3,31,0.32000000000000006,1,0.9558823529411765,0.31313131313131315,3,12,13,13.666666666666666,15
griddly,mcts_medium,200,30,1.4142135623730951,medium,random_walk,medium_plus,many,open,medium_plus,many,low,4,2,map_type,random_walk,120,11,15,26,ofat_real,ofat:factor=map_type:value=random_walk:size=medium:map_type=random_walk:enemy_profile=medium_plus:item_profile=many:wall_profile=open:player_hp=4:enemy_hp=2:agent=mcts_medium,1,55,3,1,0,13,11,3,32,0.32000000000000006,1,0.9552238805970149,0.32323232323232326,7,26,17,17.333333333333332,18
griddly,mcts_medium,200,30,1.4142135623730951,medium,random_walk,medium_plus,many,open,medium_plus,many,low,4,2,map_type,random_walk,120,11,16,27,ofat_real,ofat:factor=map_type:value=random_walk:size=medium:map_type=random_walk:enemy_profile=medium_plus:item_profile=many:wall_profile=open:player_hp=4:enemy_hp=2:agent=mcts_medium,0,31,4,0,2,13,11,3,32,0.32000000000000006,1,0.9552238805970149,0.32323232323232326,5,27,14,14.0,14
griddly,mcts_medium,200,30,1.4142135623730951,medium,random_walk,medium_plus,many,open,medium_plus,many,low,4,2,map_type,random_walk,120,11,17,28,ofat_real,ofat:factor=map_type:value=random_walk:size=medium:map_type=random_walk:enemy_profile=medium_plus:item_profile=many:wall_profile=open:player_hp=4:enemy_hp=2:agent=mcts_medium,1,63,2,2,0,13,11,3,32,0.32000000000000006,1,0.9402985074626866,0.32323232323232326,3,8,15,16.0,17
griddly,mcts_medium,200,30,1.4142135623730951,medium,random_walk,medium_plus,many,open,medium_plus,many,low,4,2,map_type,random_walk,120,11,18,29,ofat_real,ofat:factor=map_type:value=random_walk:size=medium:map_type=random_walk:enemy_profile=medium_plus:item_profile=many:wall_profile=open:player_hp=4:enemy_hp=2:agent=mcts_medium,1,44,3,1,0,13,11,3,32,0.32000000000000006,1,0.9402985074626866,0.32323232323232326,2,9,13,14.666666666666666,16
griddly,mcts_medium,200,30,1.4142135623730951,medium,random_walk,medium_plus,many,open,medium_plus,many,low,4,2,map_type,random_walk,120,11,19,30,ofat_real,ofat:factor=map_type:value=random_walk:size=medium:map_type=random_walk:enemy_profile=medium_plus:item_profile=many:wall_profile=open:player_hp=4:enemy_hp=2:agent=mcts_medium,1,59,2,2,0,13,11,3,32,0.32000000000000006,1,0.9253731343283582,0.32323232323232326,3,18,13,14.333333333333334,15
griddly,mcts_medium,200,30,1.4142135623730951,medium,random_walk,medium_plus,many,open,medium_plus,many,low,4,2,map_type,random_walk,120,11,20,31,ofat_real,ofat:factor=map_type:value=random_walk:size=medium:map_type=random_walk:enemy_profile=medium_plus:item_profile=many:wall_profile=open:player_hp=4:enemy_hp=2:agent=mcts_medium,1,33,3,1,0,13,11,3,32,0.32000000000000006,1,0.9552238805970149,0.32323232323232326,8,10,14,15.0,16
griddly,mcts_medium,200,30,1.4142135623730951,medium,random_walk,medium_plus,many,open,medium_plus,many,low,4,2,map_type,random_walk,120,11,21,32,ofat_real,ofat:factor=map_type:value=random_walk:size=medium:map_type=random_walk:enemy_profile=medium_plus:item_profile=many:wall_profile=open:player_hp=4:enemy_hp=2:agent=mcts_medium,1,22,2,2,0,13,11,3,32,0.32000000000000006,1,0.9402985074626866,0.32323232323232326,5,17,10,11.0,12
griddly,mcts_medium,200,30,1.4142135623730951,medium,random_walk,medium_plus,many,open,medium_plus,many,low,4,2,map_type,random_walk,120,11,22,33,ofat_real,ofat:factor=map_type:value=random_walk:size=medium:map_type=random_walk:enemy_profile=medium_plus:item_profile=many:wall_profile=open:player_hp=4:enemy_hp=2:agent=mcts_medium,0,21,4,0,1,13,11,3,32,0.32000000000000006,1,0.9552238805970149,0.32323232323232326,9,38,14,14.333333333333334,15
griddly,mcts_medium,200,30,1.4142135623730951,medium,random_walk,medium_plus,many,open,medium_plus,many,low,4,2,map_type,random_walk,120,11,23,34,ofat_real,ofat:factor=map_type:value=random_walk:size=medium:map_type=random_walk:enemy_profile=medium_plus:item_profile=many:wall_profile=open:player_hp=4:enemy_hp=2:agent=mcts_medium,1,19,1,3,0,13,11,3,32,0.32000000000000006,1,0.9552238805970149,0.32323232323232326,7,22,7,8.0,9
griddly,mcts_medium,200,30,1.4142135623730951,medium,random_walk,medium_plus,many,open,medium_plus,many,low,4,2,map_type,random_walk,120,11,24,35,ofat_real,ofat:factor=map_type:value=random_walk:size=medium:map_type=random_walk:enemy_profile=medium_plus:item_profile=many:wall_profile=open:player_hp=4:enemy_hp=2:agent=mcts_medium,1,24,3,1,0,13,11,3,32,0.32000000000000006,1,0.9402985074626866,0.32323232323232326,2,7,14,14.666666666666666,16
griddly,mcts_medium,200,30,1.4142135623730951,medium,random_walk,medium_plus,many,open,medium_plus,many,low,4,2,map_type,random_walk,120,11,25,36,ofat_real,ofat:factor=map_type:value=random_walk:size=medium:map_type=random_walk:enemy_profile=medium_plus:item_profile=many:wall_profile=open:player_hp=4:enemy_hp=2:agent=mcts_medium,1,37,3,1,0,13,11,3,32,0.32000000000000006,1,0.9402985074626866,0.32323232323232326,5,15,14,15.0,16
griddly,mcts_medium,200,30,1.4142135623730951,medium,random_walk,medium_plus,many,open,medium_plus,many,low,4,2,map_type,random_walk,120,11,26,37,ofat_real,ofat:factor=map_type:value=random_walk:size=medium:map_type=random_walk:enemy_profile=medium_plus:item_profile=many:wall_profile=open:player_hp=4:enemy_hp=2:agent=mcts_medium,0,30,4,0,1,13,11,3,32,0.32000000000000006,1,0.9253731343283582,0.32323232323232326,3,8,16,16.666666666666668,18
griddly,mcts_medium,200,30,1.4142135623730951,medium,random_walk,medium_plus,many,open,medium_plus,many,low,4,2,map_type,random_walk,120,11,27,38,ofat_real,ofat:factor=map_type:value=random_walk:size=medium:map_type=random_walk:enemy_profile=medium_plus:item_profile=many:wall_profile=open:player_hp=4:enemy_hp=2:agent=mcts_medium,1,48,1,3,0,13,11,3,32,0.32000000000000006,1,0.9402985074626866,0.32323232323232326,5,25,15,15.666666666666666,17
griddly,mcts_medium,200,30,1.4142135623730951,medium,random_walk,medium_plus,many,open,medium_plus,many,low,4,2,map_type,random_walk,120,11,28,39,ofat_real,ofat:factor=map_type:value=random_walk:size=medium:map_type=random_walk:enemy_profile=medium_plus:item_profile=many:wall_profile=open:player_hp=4:enemy_hp=2:agent=mcts_medium,1,44,3,1,0,13,11,3,32,0.32000000000000006,1,0.9552238805970149,0.32323232323232326,4,18,19,19.333333333333332,20
griddly,mcts_medium,200,30,1.4142135623730951,medium,random_walk,medium_plus,many,open,medium_plus,many,low,4,2,map_type,random_walk,120,11,29,40,ofat_real,ofat:factor=map_type:value=random_walk:size=medium:map_type=random_walk:enemy_profile=medium_plus:item_profile=many:wall_profile=open:player_hp=4:enemy_hp=2:agent=mcts_medium,1,53,2,2,0,13,11,3,32,0.32000000000000006,1,0.9552238805970149,0.32323232323232326,6,19,11,12.0,13
griddly,random,,,,medium,arena,medium_plus,many,open,medium_plus,many,low,4,2,map_type,arena,120,11,0,11,ofat_real,ofat:factor=map_type:value=arena:size=medium:map_type=arena:enemy_profile=medium_plus:item_profile=many:wall_profile=open:player_hp=4:enemy_hp=2:agent=random,0,16,4,0,3,13,11,3,6,0.06,1,0.967741935483871,0.06060606060606061,0,0,8,8.0,8
griddly,random,,,,medium,arena,medium_plus,many,open,medium_plus,many,low,4,2,map_type,arena,120,11,1,12,ofat_real,ofat:factor=map_type:value=arena:size=medium:map_type=arena:enemy_profile=medium_plus:item_profile=many:wall_profile=open:player_hp=4:enemy_hp=2:agent=random,0,9,4,0,3,13,11,3,8,0.06,1,0.967032967032967,0.08080808080808081,0,0,8,8.0,8
griddly,random,,,,medium,arena,medium_plus,many,open,medium_plus,many,low,4,2,map_type,arena,120,11,2,13,ofat_real,ofat:factor=map_type:value=arena:size=medium:map_type=arena:enemy_profile=medium_plus:item_profile=many:wall_profile=open:player_hp=4:enemy_hp=2:agent=random,0,22,4,0,3,13,11,3,8,0.06,1,0.967032967032967,0.08080808080808081,2,2,8,8.0,8
griddly,random,,,,medium,arena,medium_plus,many,open,medium_plus,many,low,4,2,map_type,arena,120,11,3,14,ofat_real,ofat:factor=map_type:value=arena:size=medium:map_type=arena:enemy_profile=medium_plus:item_profile=many:wall_profile=open:player_hp=4:enemy_hp=2:agent=random,0,12,4,0,3,13,11,3,8,0.06,1,0.967032967032967,0.08080808080808081,6,9,8,8.0,8
griddly,random,,,,medium,arena,medium_plus,many,open,medium_plus,many,low,4,2,map_type,arena,120,11,4,15,ofat_real,ofat:factor=map_type:value=arena:size=medium:map_type=arena:enemy_profile=medium_plus:item_profile=many:wall_profile=open:player_hp=4:enemy_hp=2:agent=random,0,15,4,0,2,13,11,3,8,0.06,1,0.967032967032967,0.08080808080808081,1,1,8,8.0,8
griddly,random,,,,medium,arena,medium_plus,many,open,medium_plus,many,low,4,2,map_type,arena,120,11,5,16,ofat_real,ofat:factor=map_type:value=arena:size=medium:map_type=arena:enemy_profile=medium_plus:item_profile=many:wall_profile=open:player_hp=4:enemy_hp=2:agent=random,0,9,4,0,3,13,11,3,6,0.06,1,0.967741935483871,0.06060606060606061,0,0,8,8.0,8
griddly,random,,,,medium,arena,medium_plus,many,open,medium_plus,many,low,4,2,map_type,arena,120,11,6,17,ofat_real,ofat:factor=map_type:value=arena:size=medium:map_type=arena:enemy_profile=medium_plus:item_profile=many:wall_profile=open:player_hp=4:enemy_hp=2:agent=random,0,14,4,0,3,13,11,3,6,0.06,1,0.967741935483871,0.06060606060606061,3,3,8,8.0,8
griddly,random,,,,medium,arena,medium_plus,many,open,medium_plus,many,low,4,2,map_type,arena,120,11,7,18,ofat_real,ofat:factor=map_type:value=arena:size=medium:map_type=arena:enemy_profile=medium_plus:item_profile=many:wall_profile=open:player_hp=4:enemy_hp=2:agent=random,0,18,4,0,3,13,11,3,8,0.06,1,0.967032967032967,0.08080808080808081,0,0,8,8.0,8
griddly,random,,,,medium,arena,medium_plus,many,open,medium_plus,many,low,4,2,map_type,arena,120,11,8,19,ofat_real,ofat:factor=map_type:value=arena:size=medium:map_type=arena:enemy_profile=medium_plus:item_profile=many:wall_profile=open:player_hp=4:enemy_hp=2:agent=random,0,13,4,0,3,13,11,3,6,0.06,1,0.967741935483871,0.06060606060606061,6,6,8,8.0,8
griddly,random,,,,medium,arena,medium_plus,many,open,medium_plus,many,low,4,2,map_type,arena,120,11,9,20,ofat_real,ofat:factor=map_type:value=arena:size=medium:map_type=arena:enemy_profile=medium_plus:item_profile=many:wall_profile=open:player_hp=4:enemy_hp=2:agent=random,0,16,4,0,3,13,11,3,8,0.06,1,0.967032967032967,0.08080808080808081,3,3,8,8.0,8
griddly,random,,,,medium,arena,medium_plus,many,open,medium_plus,many,low,4,2,map_type,arena,120,11,10,21,ofat_real,ofat:factor=map_type:value=arena:size=medium:map_type=arena:enemy_profile=medium_plus:item_profile=many:wall_profile=open:player_hp=4:enemy_hp=2:agent=random,0,13,4,0,3,13,11,3,6,0.06,1,0.967741935483871,0.06060606060606061,1,1,8,8.0,8
griddly,random,,,,medium,arena,medium_plus,many,open,medium_plus,many,low,4,2,map_type,arena,120,11,11,22,ofat_real,ofat:factor=map_type:value=arena:size=medium:map_type=arena:enemy_profile=medium_plus:item_profile=many:wall_profile=open:player_hp=4:enemy_hp=2:agent=random,0,12,4,0,3,13,11,3,8,0.06,1,0.967032967032967,0.08080808080808081,0,0,8,8.0,8
griddly,random,,,,medium,arena,medium_plus,many,open,medium_plus,many,low,4,2,map_type,arena,120,11,12,23,ofat_real,ofat:factor=map_type:value=arena:size=medium:map_type=arena:enemy_profile=medium_plus:item_profile=many:wall_profile=open:player_hp=4:enemy_hp=2:agent=random,0,10,4,0,3,13,11,3,8,0.06,1,0.967032967032967,0.08080808080808081,0,0,7,7.0,7
griddly,random,,,,medium,arena,medium_plus,many,open,medium_plus,many,low,4,2,map_type,arena,120,11,13,24,ofat_real,ofat:factor=map_type:value=arena:size=medium:map_type=arena:enemy_profile=medium_plus:item_profile=many:wall_profile=open:player_hp=4:enemy_hp=2:agent=random,0,11,4,0,3,13,11,3,8,0.06,1,0.967032967032967,0.08080808080808081,0,0,8,8.0,8
griddly,random,,,,medium,arena,medium_plus,many,open,medium_plus,many,low,4,2,map_type,arena,120,11,14,25,ofat_real,ofat:factor=map_type:value=arena:size=medium:map_type=arena:enemy_profile=medium_plus:item_profile=many:wall_profile=open:player_hp=4:enemy_hp=2:agent=random,0,14,4,0,2,13,11,3,8,0.06,1,0.967032967032967,0.08080808080808081,0,0,7,7.0,7
griddly,random,,,,medium,arena,medium_plus,many,open,medium_plus,many,low,4,2,map_type,arena,120,11,15,26,ofat_real,ofat:factor=map_type:value=arena:size=medium:map_type=arena:enemy_profile=medium_plus:item_profile=many:wall_profile=open:player_hp=4:enemy_hp=2:agent=random,0,11,4,0,3,13,11,3,8,0.06,1,0.967032967032967,0.08080808080808081,0,0,8,8.0,8
griddly,random,,,,medium,arena,medium_plus,many,open,medium_plus,many,low,4,2,map_type,arena,120,11,16,27,ofat_real,ofat:factor=map_type:value=arena:size=medium:map_type=arena:enemy_profile=medium_plus:item_profile=many:wall_profile=open:player_hp=4:enemy_hp=2:agent=random,0,11,4,0,3,13,11,3,8,0.06,1,0.967032967032967,0.08080808080808081,0,0,8,8.0,8
griddly,random,,,,medium,arena,medium_plus,many,open,medium_plus,many,low,4,2,map_type,arena,120,11,17,28,ofat_real,ofat:factor=map_type:value=arena:size=medium:map_type=arena:enemy_profile=medium_plus:item_profile=many:wall_profile=open:player_hp=4:enemy_hp=2:agent=random,0,15,4,0,3,13,11,3,8,0.06,1,0.967032967032967,0.08080808080808081,0,0,8,8.0,8
griddly,random,,,,medium,arena,medium_plus,many,open,medium_plus,many,low,4,2,map_type,arena,120,11,18,29,ofat_real,ofat:factor=map_type:value=arena:size=medium:map_type=arena:enemy_profile=medium_plus:item_profile=many:wall_profile=open:player_hp=4:enemy_hp=2:agent=random,0,24,4,0,1,13,11,3,8,0.06,1,0.967032967032967,0.08080808080808081,1,1,8,8.0,8
griddly,random,,,,medium,arena,medium_plus,many,open,medium_plus,many,low,4,2,map_type,arena,120,11,19,30,ofat_real,ofat:factor=map_type:value=arena:size=medium:map_type=arena:enemy_profile=medium_plus:item_profile=many:wall_profile=open:player_hp=4:enemy_hp=2:agent=random,0,7,4,0,3,13,11,3,8,0.06,1,0.967032967032967,0.08080808080808081,0,0,8,8.0,8
griddly,random,,,,medium,arena,medium_plus,many,open,medium_plus,many,low,4,2,map_type,arena,120,11,20,31,ofat_real,ofat:factor=map_type:value=arena:size=medium:map_type=arena:enemy_profile=medium_plus:item_profile=many:wall_profile=open:player_hp=4:enemy_hp=2:agent=random,0,12,4,0,3,13,11,3,8,0.06,1,0.967032967032967,0.08080808080808081,1,1,8,8.0,8
griddly,random,,,,medium,arena,medium_plus,many,open,medium_plus,many,low,4,2,map_type,arena,120,11,21,32,ofat_real,ofat:factor=map_type:value=arena:size=medium:map_type=arena:enemy_profile=medium_plus:item_profile=many:wall_profile=open:player_hp=4:enemy_hp=2:agent=random,0,11,4,0,3,13,11,3,6,0.06,1,0.967741935483871,0.06060606060606061,1,1,8,8.0,8
griddly,random,,,,medium,arena,medium_plus,many,open,medium_plus,many,low,4,2,map_type,arena,120,11,22,33,ofat_real,ofat:factor=map_type:value=arena:size=medium:map_type=arena:enemy_profile=medium_plus:item_profile=many:wall_profile=open:player_hp=4:enemy_hp=2:agent=random,0,14,4,0,3,13,11,3,8,0.06,1,0.967032967032967,0.08080808080808081,1,1,8,8.0,8
griddly,random,,,,medium,arena,medium_plus,many,open,medium_plus,many,low,4,2,map_type,arena,120,11,23,34,ofat_real,ofat:factor=map_type:value=arena:size=medium:map_type=arena:enemy_profile=medium_plus:item_profile=many:wall_profile=open:player_hp=4:enemy_hp=2:agent=random,0,11,4,0,3,13,11,3,6,0.06,1,0.967741935483871,0.06060606060606061,0,0,8,8.0,8
griddly,random,,,,medium,arena,medium_plus,many,open,medium_plus,many,low,4,2,map_type,arena,120,11,24,35,ofat_real,ofat:factor=map_type:value=arena:size=medium:map_type=arena:enemy_profile=medium_plus:item_profile=many:wall_profile=open:player_hp=4:enemy_hp=2:agent=random,0,13,4,0,2,13,11,3,8,0.06,1,0.967032967032967,0.08080808080808081,0,0,8,8.0,8
griddly,random,,,,medium,arena,medium_plus,many,open,medium_plus,many,low,4,2,map_type,arena,120,11,25,36,ofat_real,ofat:factor=map_type:value=arena:size=medium:map_type=arena:enemy_profile=medium_plus:item_profile=many:wall_profile=open:player_hp=4:enemy_hp=2:agent=random,0,15,4,0,3,13,11,3,8,0.06,1,0.967032967032967,0.08080808080808081,0,0,8,8.0,8
griddly,random,,,,medium,arena,medium_plus,many,open,medium_plus,many,low,4,2,map_type,arena,120,11,26,37,ofat_real,ofat:factor=map_type:value=arena:size=medium:map_type=arena:enemy_profile=medium_plus:item_profile=many:wall_profile=open:player_hp=4:enemy_hp=2:agent=random,0,12,4,0,3,13,11,3,8,0.06,1,0.967032967032967,0.08080808080808081,1,1,8,8.0,8
griddly,random,,,,medium,arena,medium_plus,many,open,medium_plus,many,low,4,2,map_type,arena,120,11,27,38,ofat_real,ofat:factor=map_type:value=arena:size=medium:map_type=arena:enemy_profile=medium_plus:item_profile=many:wall_profile=open:player_hp=4:enemy_hp=2:agent=random,0,18,4,0,3,13,11,3,6,0.06,1,0.967741935483871,0.06060606060606061,0,0,8,8.0,8
griddly,random,,,,medium,arena,medium_plus,many,open,medium_plus,many,low,4,2,map_type,arena,120,11,28,39,ofat_real,ofat:factor=map_type:value=arena:size=medium:map_type=arena:enemy_profile=medium_plus:item_profile=many:wall_profile=open:player_hp=4:enemy_hp=2:agent=random,0,27,4,0,2,13,11,3,8,0.06,1,0.967032967032967,0.08080808080808081,2,2,8,8.0,8
griddly,random,,,,medium,arena,medium_plus,many,open,medium_plus,many,low,4,2,map_type,arena,120,11,29,40,ofat_real,ofat:factor=map_type:value=arena:size=medium:map_type=arena:enemy_profile=medium_plus:item_profile=many:wall_profile=open:player_hp=4:enemy_hp=2:agent=random,0,13,4,0,3,13,11,3,8,0.06,1,0.967032967032967,0.08080808080808081,0,0,8,8.0,8
griddly,heuristic,,,,medium,arena,medium_plus,many,open,medium_plus,many,low,4,2,map_type,arena,120,11,0,11,ofat_real,ofat:factor=map_type:value=arena:size=medium:map_type=arena:enemy_profile=medium_plus:item_profile=many:wall_profile=open:player_hp=4:enemy_hp=2:agent=heuristic,0,14,4,0,1,13,11,3,6,0.06,1,0.967741935483871,0.06060606060606061,0,0,8,8.0,8
griddly,heuristic,,,,medium,arena,medium_plus,many,open,medium_plus,many,low,4,2,map_type,arena,120,11,1,12,ofat_real,ofat:factor=map_type:value=arena:size=medium:map_type=arena:enemy_profile=medium_plus:item_profile=many:wall_profile=open:player_hp=4:enemy_hp=2:agent=heuristic,1,14,3,1,0,13,11,3,8,0.06,1,0.967032967032967,0.08080808080808081,0,0,8,8.0,8
griddly,heuristic,,,,medium,arena,medium_plus,many,open,medium_plus,many,low,4,2,map_type,arena,120,11,2,13,ofat_real,ofat:factor=map_type:value=arena:size=medium:map_type=arena:enemy_profile=medium_plus:item_profile=many:wall_profile=open:player_hp=4:enemy_hp=2:agent=heuristic,0,7,4,0,3,13,11,3,8,0.06,1,0.967032967032967,0.08080808080808081,2,2,8,8.0,8
griddly,heuristic,,,,medium,arena,medium_plus,many,open,medium_plus,many,low,4,2,map_type,arena,120,11,3,14,ofat_real,ofat:factor=map_type:value=arena:size=medium:map_type=arena:enemy_profile=medium_plus:item_profile=many:wall_profile=open:player_hp=4:enemy_hp=2:agent=heuristic,1,13,3,1,0,13,11,3,8,0.06,1,0.967032967032967,0.08080808080808081,6,9,8,8.0,8
griddly,heuristic,,,,medium,arena,medium_plus,many,open,medium_plus,many,low,4,2,map_type,arena,120,11,4,15,ofat_real,ofat:factor=map_type:value=arena:size=medium:map_type=arena:enemy_profile=medium_plus:item_profile=many:wall_profile=open:player_hp=4:enemy_hp=2:agent=heuristic,1,13,3,1,0,13,11,3,8,0.06,1,0.967032967032967,0.08080808080808081,1,1,8,8.0,8
griddly,heuristic,,,,medium,arena,medium_plus,many,open,medium_plus,many,low,4,2,map_type,arena,120,11,5,16,ofat_real,ofat:factor=map_type:value=arena:size=medium:map_type=arena:enemy_profile=medium_plus:item_profile=many:wall_profile=open:player_hp=4:enemy_hp=2:agent=heuristic,1,15,3,1,0,13,11,3,6,0.06,1,0.967741935483871,0.06060606060606061,0,0,8,8.0,8
griddly,heuristic,,,,medium,arena,medium_plus,many,open,medium_plus,many,low,4,2,map_type,arena,120,11,6,17,ofat_real,ofat:factor=map_type:value=arena:size=medium:map_type=arena:enemy_profile=medium_plus:item_profile=many:wall_profile=open:player_hp=4:enemy_hp=2:agent=heuristic,1,12,3,1,0,13,11,3,6,0.06,1,0.967741935483871,0.06060606060606061,3,3,8,8.0,8
griddly,heuristic,,,,medium,arena,medium_plus,many,open,medium_plus,many,low,4,2,map_type,arena,120,11,7,18,ofat_real,ofat:factor=map_type:value=arena:size=medium:map_type=arena:enemy_profile=medium_plus:item_profile=many:wall_profile=open:player_hp=4:enemy_hp=2:agent=heuristic,1,13,1,3,0,13,11,3,8,0.06,1,0.967032967032967,0.08080808080808081,0,0,8,8.0,8
griddly,heuristic,,,,medium,arena,medium_plus,many,open,medium_plus,many,low,4,2,map_type,arena,120,11,8,19,ofat_real,ofat:factor=map_type:value=arena:size=medium:map_type=arena:enemy_profile=medium_plus:item_profile=many:wall_profile=open:player_hp=4:enemy_hp=2:agent=heuristic,0,11,4,0,1,13,11,3,6,0.06,1,0.967741935483871,0.06060606060606061,6,6,8,8.0,8
griddly,heuristic,,,,medium,arena,medium_plus,many,open,medium_plus,many,low,4,2,map_type,arena,120,11,9,20,ofat_real,ofat:factor=map_type:value=arena:size=medium:map_type=arena:enemy_profile=medium_plus:item_profile=many:wall_profile=open:player_hp=4:enemy_hp=2:agent=heuristic,1,14,3,1,0,13,11,3,8,0.06,1,0.967032967032967,0.08080808080808081,3,3,8,8.0,8
griddly,heuristic,,,,medium,arena,medium_plus,many,open,medium_plus,many,low,4,2,map_type,arena,120,11,10,21,ofat_real,ofat:factor=map_type:value=arena:size=medium:map_type=arena:enemy_profile=medium_plus:item_profile=many:wall_profile=open:player_hp=4:enemy_hp=2:agent=heuristic,0,12,4,0,1,13,11,3,6,0.06,1,0.967741935483871,0.06060606060606061,1,1,8,8.0,8
griddly,heuristic,,,,medium,arena,medium_plus,many,open,medium_plus,many,low,4,2,map_type,arena,120,11,11,22,ofat_real,ofat:factor=map_type:value=arena:size=medium:map_type=arena:enemy_profile=medium_plus:item_profile=many:wall_profile=open:player_hp=4:enemy_hp=2:agent=heuristic,0,7,4,0,3,13,11,3,8,0.06,1,0.967032967032967,0.08080808080808081,0,0,8,8.0,8
griddly,heuristic,,,,medium,arena,medium_plus,many,open,medium_plus,many,low,4,2,map_type,arena,120,11,12,23,ofat_real,ofat:factor=map_type:value=arena:size=medium:map_type=arena:enemy_profile=medium_plus:item_profile=many:wall_profile=open:player_hp=4:enemy_hp=2:agent=heuristic,1,12,3,1,0,13,11,3,8,0.06,1,0.967032967032967,0.08080808080808081,0,0,7,7.0,7
griddly,heuristic,,,,medium,arena,medium_plus,many,open,medium_plus,many,low,4,2,map_type,arena,120,11,13,24,ofat_real,ofat:factor=map_type:value=arena:size=medium:map_type=arena:enemy_profile=medium_plus:item_profile=many:wall_profile=open:player_hp=4:enemy_hp=2:agent=heuristic,0,14,4,0,1,13,11,3,8,0.06,1,0.967032967032967,0.08080808080808081,0,0,8,8.0,8
griddly,heuristic,,,,medium,arena,medium_plus,many,open,medium_plus,many,low,4,2,map_type,arena,120,11,14,25,ofat_real,ofat:factor=map_type:value=arena:size=medium:map_type=arena:enemy_profile=medium_plus:item_profile=many:wall_profile=open:player_hp=4:enemy_hp=2:agent=heuristic,0,11,4,0,1,13,11,3,8,0.06,1,0.967032967032967,0.08080808080808081,0,0,7,7.0,7
griddly,heuristic,,,,medium,arena,medium_plus,many,open,medium_plus,many,low,4,2,map_type,arena,120,11,15,26,ofat_real,ofat:factor=map_type:value=arena:size=medium:map_type=arena:enemy_profile=medium_plus:item_profile=many:wall_profile=open:player_hp=4:enemy_hp=2:agent=heuristic,0,13,4,0,1,13,11,3,8,0.06,1,0.967032967032967,0.08080808080808081,0,0,8,8.0,8
griddly,heuristic,,,,medium,arena,medium_plus,many,open,medium_plus,many,low,4,2,map_type,arena,120,11,16,27,ofat_real,ofat:factor=map_type:value=arena:size=medium:map_type=arena:enemy_profile=medium_plus:item_profile=many:wall_profile=open:player_hp=4:enemy_hp=2:agent=heuristic,0,13,4,0,1,13,11,3,8,0.06,1,0.967032967032967,0.08080808080808081,0,0,8,8.0,8
griddly,heuristic,,,,medium,arena,medium_plus,many,open,medium_plus,many,low,4,2,map_type,arena,120,11,17,28,ofat_real,ofat:factor=map_type:value=arena:size=medium:map_type=arena:enemy_profile=medium_plus:item_profile=many:wall_profile=open:player_hp=4:enemy_hp=2:agent=heuristic,1,13,3,1,0,13,11,3,8,0.06,1,0.967032967032967,0.08080808080808081,0,0,8,8.0,8
griddly,heuristic,,,,medium,arena,medium_plus,many,open,medium_plus,many,low,4,2,map_type,arena,120,11,18,29,ofat_real,ofat:factor=map_type:value=arena:size=medium:map_type=arena:enemy_profile=medium_plus:item_profile=many:wall_profile=open:player_hp=4:enemy_hp=2:agent=heuristic,0,12,4,0,1,13,11,3,8,0.06,1,0.967032967032967,0.08080808080808081,1,1,8,8.0,8
griddly,heuristic,,,,medium,arena,medium_plus,many,open,medium_plus,many,low,4,2,map_type,arena,120,11,19,30,ofat_real,ofat:factor=map_type:value=arena:size=medium:map_type=arena:enemy_profile=medium_plus:item_profile=many:wall_profile=open:player_hp=4:enemy_hp=2:agent=heuristic,0,14,4,0,1,13,11,3,8,0.06,1,0.967032967032967,0.08080808080808081,0,0,8,8.0,8
griddly,heuristic,,,,medium,arena,medium_plus,many,open,medium_plus,many,low,4,2,map_type,arena,120,11,20,31,ofat_real,ofat:factor=map_type:value=arena:size=medium:map_type=arena:enemy_profile=medium_plus:item_profile=many:wall_profile=open:player_hp=4:enemy_hp=2:agent=heuristic,1,14,3,1,0,13,11,3,8,0.06,1,0.967032967032967,0.08080808080808081,1,1,8,8.0,8
griddly,heuristic,,,,medium,arena,medium_plus,many,open,medium_plus,many,low,4,2,map_type,arena,120,11,21,32,ofat_real,ofat:factor=map_type:value=arena:size=medium:map_type=arena:enemy_profile=medium_plus:item_profile=many:wall_profile=open:player_hp=4:enemy_hp=2:agent=heuristic,0,11,4,0,1,13,11,3,6,0.06,1,0.967741935483871,0.06060606060606061,1,1,8,8.0,8
griddly,heuristic,,,,medium,arena,medium_plus,many,open,medium_plus,many,low,4,2,map_type,arena,120,11,22,33,ofat_real,ofat:factor=map_type:value=arena:size=medium:map_type=arena:enemy_profile=medium_plus:item_profile=many:wall_profile=open:player_hp=4:enemy_hp=2:agent=heuristic,0,14,4,0,1,13,11,3,8,0.06,1,0.967032967032967,0.08080808080808081,1,1,8,8.0,8
griddly,heuristic,,,,medium,arena,medium_plus,many,open,medium_plus,many,low,4,2,map_type,arena,120,11,23,34,ofat_real,ofat:factor=map_type:value=arena:size=medium:map_type=arena:enemy_profile=medium_plus:item_profile=many:wall_profile=open:player_hp=4:enemy_hp=2:agent=heuristic,0,7,4,0,3,13,11,3,6,0.06,1,0.967741935483871,0.06060606060606061,0,0,8,8.0,8
griddly,heuristic,,,,medium,arena,medium_plus,many,open,medium_plus,many,low,4,2,map_type,arena,120,11,24,35,ofat_real,ofat:factor=map_type:value=arena:size=medium:map_type=arena:enemy_profile=medium_plus:item_profile=many:wall_profile=open:player_hp=4:enemy_hp=2:agent=heuristic,0,7,4,0,3,13,11,3,8,0.06,1,0.967032967032967,0.08080808080808081,0,0,8,8.0,8
griddly,heuristic,,,,medium,arena,medium_plus,many,open,medium_plus,many,low,4,2,map_type,arena,120,11,25,36,ofat_real,ofat:factor=map_type:value=arena:size=medium:map_type=arena:enemy_profile=medium_plus:item_profile=many:wall_profile=open:player_hp=4:enemy_hp=2:agent=heuristic,1,14,3,1,0,13,11,3,8,0.06,1,0.967032967032967,0.08080808080808081,0,0,8,8.0,8
griddly,heuristic,,,,medium,arena,medium_plus,many,open,medium_plus,many,low,4,2,map_type,arena,120,11,26,37,ofat_real,ofat:factor=map_type:value=arena:size=medium:map_type=arena:enemy_profile=medium_plus:item_profile=many:wall_profile=open:player_hp=4:enemy_hp=2:agent=heuristic,1,13,3,1,0,13,11,3,8,0.06,1,0.967032967032967,0.08080808080808081,1,1,8,8.0,8
griddly,heuristic,,,,medium,arena,medium_plus,many,open,medium_plus,many,low,4,2,map_type,arena,120,11,27,38,ofat_real,ofat:factor=map_type:value=arena:size=medium:map_type=arena:enemy_profile=medium_plus:item_profile=many:wall_profile=open:player_hp=4:enemy_hp=2:agent=heuristic,0,13,4,0,1,13,11,3,6,0.06,1,0.967741935483871,0.06060606060606061,0,0,8,8.0,8
griddly,heuristic,,,,medium,arena,medium_plus,many,open,medium_plus,many,low,4,2,map_type,arena,120,11,28,39,ofat_real,ofat:factor=map_type:value=arena:size=medium:map_type=arena:enemy_profile=medium_plus:item_profile=many:wall_profile=open:player_hp=4:enemy_hp=2:agent=heuristic,0,7,4,0,3,13,11,3,8,0.06,1,0.967032967032967,0.08080808080808081,2,2,8,8.0,8
griddly,heuristic,,,,medium,arena,medium_plus,many,open,medium_plus,many,low,4,2,map_type,arena,120,11,29,40,ofat_real,ofat:factor=map_type:value=arena:size=medium:map_type=arena:enemy_profile=medium_plus:item_profile=many:wall_profile=open:player_hp=4:enemy_hp=2:agent=heuristic,1,11,1,3,0,13,11,3,8,0.06,1,0.967032967032967,0.08080808080808081,0,0,8,8.0,8
griddly,mcts_small,50,10,1.4142135623730951,medium,arena,medium_plus,many,open,medium_plus,many,low,4,2,map_type,arena,120,11,0,11,ofat_real,ofat:factor=map_type:value=arena:size=medium:map_type=arena:enemy_profile=medium_plus:item_profile=many:wall_profile=open:player_hp=4:enemy_hp=2:agent=mcts_small,1,18,3,1,0,13,11,3,6,0.06,1,0.967741935483871,0.06060606060606061,0,0,8,8.0,8
griddly,mcts_small,50,10,1.4142135623730951,medium,arena,medium_plus,many,open,medium_plus,many,low,4,2,map_type,arena,120,11,1,12,ofat_real,ofat:factor=map_type:value=arena:size=medium:map_type=arena:enemy_profile=medium_plus:item_profile=many:wall_profile=open:player_hp=4:enemy_hp=2:agent=mcts_small,1,24,3,1,0,13,11,3,8,0.06,1,0.967032967032967,0.08080808080808081,0,0,8,8.0,8
griddly,mcts_small,50,10,1.4142135623730951,medium,arena,medium_plus,many,open,medium_plus,many,low,4,2,map_type,arena,120,11,2,13,ofat_real,ofat:factor=map_type:value=arena:size=medium:map_type=arena:enemy_profile=medium_plus:item_profile=many:wall_profile=open:player_hp=4:enemy_hp=2:agent=mcts_small,1,17,3,1,0,13,11,3,8,0.06,1,0.967032967032967,0.08080808080808081,2,2,8,8.0,8
griddly,mcts_small,50,10,1.4142135623730951,medium,arena,medium_plus,many,open,medium_plus,many,low,4,2,map_type,arena,120,11,3,14,ofat_real,ofat:factor=map_type:value=arena:size=medium:map_type=arena:enemy_profile=medium_plus:item_profile=many:wall_profile=open:player_hp=4:enemy_hp=2:agent=mcts_small,1,16,2,2,0,13,11,3,8,0.06,1,0.967032967032967,0.08080808080808081,6,9,8,8.0,8
griddly,mcts_small,50,10,1.4142135623730951,medium,arena,medium_plus,many,open,medium_plus,many,low,4,2,map_type,arena,120,11,4,15,ofat_real,ofat:factor=map_type:value=arena:size=medium:map_type=arena:enemy_profile=medium_plus:item_profile=many:wall_profile=open:player_hp=4:enemy_hp=2:agent=mcts_small,1,19,3,1,0,13,11,3,8,0.06,1,0.967032967032967,0.08080808080808081,1,1,8,8.0,8
griddly,mcts_small,50,10,1.4142135623730951,medium,arena,medium_plus,many,open,medium_plus,many,low,4,2,map_type,arena,120,11,5,16,ofat_real,ofat:factor=map_type:value=arena:size=medium:map_type=arena:enemy_profile=medium_plus:item_profile=many:wall_profile=open:player_hp=4:enemy_hp=2:agent=mcts_small,1,26,3,1,0,13,11,3,6,0.06,1,0.967741935483871,0.06060606060606061,0,0,8,8.0,8
griddly,mcts_small,50,10,1.4142135623730951,medium,arena,medium_plus,many,open,medium_plus,many,low,4,2,map_type,arena,120,11,6,17,ofat_real,ofat:factor=map_type:value=arena:size=medium:map_type=arena:enemy_profile=medium_plus:item_profile=many:wall_profile=open:player_hp=4:enemy_hp=2:agent=mcts_small,0,17,4,0,1,13,11,3,6,0.06,1,0.967741935483871,0.06060606060606061,3,3,8,8.0,8
griddly,mcts_small,50,10,1.4142135623730951,medium,arena,medium_plus,many,open,medium_plus,many,low,4,2,map_type,arena,120,11,7,18,ofat_real,ofat:factor=map_type:value=arena:size=medium:map_type=arena:enemy_profile=medium_plus:item_profile=many:wall_profile=open:player_hp=4:enemy_hp=2:agent=mcts_small,0,17,4,0,3,13,11,3,8,0.06,1,0.967032967032967,0.08080808080808081,0,0,8,8.0,8
griddly,mcts_small,50,10,1.4142135623730951,medium,arena,medium_plus,many,open,medium_plus,many,low,4,2,map_type,arena,120,11,8,19,ofat_real,ofat:factor=map_type:value=arena:size=medium:map_type=arena:enemy_profile=medium_plus:item_profile=many:wall_profile=open:player_hp=4:enemy_hp=2:agent=mcts_small,1,18,2,2,0,13,11,3,6,0.06,1,0.967741935483871,0.06060606060606061,6,6,8,8.0,8
griddly,mcts_small,50,10,1.4142135623730951,medium,arena,medium_plus,many,open,medium_plus,many,low,4,2,map_type,arena,120,11,9,20,ofat_real,ofat:factor=map_type:value=arena:size=medium:map_type=arena:enemy_profile=medium_plus:item_profile=many:wall_profile=open:player_hp=4:enemy_hp=2:agent=mcts_small,0,20,4,0,1,13,11,3,8,0.06,1,0.967032967032967,0.08080808080808081,3,3,8,8.0,8
griddly,mcts_small,50,10,1.4142135623730951,medium,arena,medium_plus,many,open,medium_plus,many,low,4,2,map_type,arena,120,11,10,21,ofat_real,ofat:factor=map_type:value=arena:size=medium:map_type=arena:enemy_profile=medium_plus:item_profile=many:wall_profile=open:player_hp=4:enemy_hp=2:agent=mcts_small,1,21,2,2,0,13,11,3,6,0.06,1,0.967741935483871,0.06060606060606061,1,1,8,8.0,8
griddly,mcts_small,50,10,1.4142135623730951,medium,arena,medium_plus,many,open,medium_plus,many,low,4,2,map_type,arena,120,11,11,22,ofat_real,ofat:factor=map_type:value=arena:size=medium:map_type=arena:enemy_profile=medium_plus:item_profile=many:wall_profile=open:player_hp=4:enemy_hp=2:agent=mcts_small,1,26,2,2,0,13,11,3,8,0.06,1,0.967032967032967,0.08080808080808081,0,0,8,8.0,8
griddly,mcts_small,50,10,1.4142135623730951,medium,arena,medium_plus,many,open,medium_plus,many,low,4,2,map_type,arena,120,11,12,23,ofat_real,ofat:factor=map_type:value=arena:size=medium:map_type=arena:enemy_profile=medium_plus:item_profile=many:wall_profile=open:player_hp=4:enemy_hp=2:agent=mcts_small,1,35,2,2,0,13,11,3,8,0.06,1,0.967032967032967,0.08080808080808081,0,0,7,7.0,7
griddly,mcts_small,50,10,1.4142135623730951,medium,arena,medium_plus,many,open,medium_plus,many,low,4,2,map_type,arena,120,11,13,24,ofat_real,ofat:factor=map_type:value=arena:size=medium:map_type=arena:enemy_profile=medium_plus:item_profile=many:wall_profile=open:player_hp=4:enemy_hp=2:agent=mcts_small,1,23,3,1,0,13,11,3,8,0.06,1,0.967032967032967,0.08080808080808081,0,0,8,8.0,8
griddly,mcts_small,50,10,1.4142135623730951,medium,arena,medium_plus,many,open,medium_plus,many,low,4,2,map_type,arena,120,11,14,25,ofat_real,ofat:factor=map_type:value=arena:size=medium:map_type=arena:enemy_profile=medium_plus:item_profile=many:wall_profile=open:player_hp=4:enemy_hp=2:agent=mcts_small,1,17,2,2,0,13,11,3,8,0.06,1,0.967032967032967,0.08080808080808081,0,0,7,7.0,7
griddly,mcts_small,50,10,1.4142135623730951,medium,arena,medium_plus,many,open,medium_plus,many,low,4,2,map_type,arena,120,11,15,26,ofat_real,ofat:factor=map_type:value=arena:size=medium:map_type=arena:enemy_profile=medium_plus:item_profile=many:wall_profile=open:player_hp=4:enemy_hp=2:agent=mcts_small,1,23,3,1,0,13,11,3,8,0.06,1,0.967032967032967,0.08080808080808081,0,0,8,8.0,8
griddly,mcts_small,50,10,1.4142135623730951,medium,arena,medium_plus,many,open,medium_plus,many,low,4,2,map_type,arena,120,11,16,27,ofat_real,ofat:factor=map_type:value=arena:size=medium:map_type=arena:enemy_profile=medium_plus:item_profile=many:wall_profile=open:player_hp=4:enemy_hp=2:agent=mcts_small,1,23,3,1,0,13,11,3,8,0.06,1,0.967032967032967,0.08080808080808081,0,0,8,8.0,8
griddly,mcts_small,50,10,1.4142135623730951,medium,arena,medium_plus,many,open,medium_plus,many,low,4,2,map_type,arena,120,11,17,28,ofat_real,ofat:factor=map_type:value=arena:size=medium:map_type=arena:enemy_profile=medium_plus:item_profile=many:wall_profile=open:player_hp=4:enemy_hp=2:agent=mcts_small,1,17,2,2,0,13,11,3,8,0.06,1,0.967032967032967,0.08080808080808081,0,0,8,8.0,8
griddly,mcts_small,50,10,1.4142135623730951,medium,arena,medium_plus,many,open,medium_plus,many,low,4,2,map_type,arena,120,11,18,29,ofat_real,ofat:factor=map_type:value=arena:size=medium:map_type=arena:enemy_profile=medium_plus:item_profile=many:wall_profile=open:player_hp=4:enemy_hp=2:agent=mcts_small,1,18,3,1,0,13,11,3,8,0.06,1,0.967032967032967,0.08080808080808081,1,1,8,8.0,8
griddly,mcts_small,50,10,1.4142135623730951,medium,arena,medium_plus,many,open,medium_plus,many,low,4,2,map_type,arena,120,11,19,30,ofat_real,ofat:factor=map_type:value=arena:size=medium:map_type=arena:enemy_profile=medium_plus:item_profile=many:wall_profile=open:player_hp=4:enemy_hp=2:agent=mcts_small,1,21,2,2,0,13,11,3,8,0.06,1,0.967032967032967,0.08080808080808081,0,0,8,8.0,8
griddly,mcts_small,50,10,1.4142135623730951,medium,arena,medium_plus,many,open,medium_plus,many,low,4,2,map_type,arena,120,11,20,31,ofat_real,ofat:factor=map_type:value=arena:size=medium:map_type=arena:enemy_profile=medium_plus:item_profile=many:wall_profile=open:player_hp=4:enemy_hp=2:agent=mcts_small,0,10,4,0,3,13,11,3,8,0.06,1,0.967032967032967,0.08080808080808081,1,1,8,8.0,8
griddly,mcts_small,50,10,1.4142135623730951,medium,arena,medium_plus,many,open,medium_plus,many,low,4,2,map_type,arena,120,11,21,32,ofat_real,ofat:factor=map_type:value=arena:size=medium:map_type=arena:enemy_profile=medium_plus:item_profile=many:wall_profile=open:player_hp=4:enemy_hp=2:agent=mcts_small,1,14,2,2,0,13,11,3,6,0.06,1,0.967741935483871,0.06060606060606061,1,1,8,8.0,8
griddly,mcts_small,50,10,1.4142135623730951,medium,arena,medium_plus,many,open,medium_plus,many,low,4,2,map_type,arena,120,11,22,33,ofat_real,ofat:factor=map_type:value=arena:size=medium:map_type=arena:enemy_profile=medium_plus:item_profile=many:wall_profile=open:player_hp=4:enemy_hp=2:agent=mcts_small,1,16,3,1,0,13,11,3,8,0.06,1,0.967032967032967,0.08080808080808081,1,1,8,8.0,8
griddly,mcts_small,50,10,1.4142135623730951,medium,arena,medium_plus,many,open,medium_plus,many,low,4,2,map_type,arena,120,11,23,34,ofat_real,ofat:factor=map_type:value=arena:size=medium:map_type=arena:enemy_profile=medium_plus:item_profile=many:wall_profile=open:player_hp=4:enemy_hp=2:agent=mcts_small,0,15,4,0,2,13,11,3,6,0.06,1,0.967741935483871,0.06060606060606061,0,0,8,8.0,8
griddly,mcts_small,50,10,1.4142135623730951,medium,arena,medium_plus,many,open,medium_plus,many,low,4,2,map_type,arena,120,11,24,35,ofat_real,ofat:factor=map_type:value=arena:size=medium:map_type=arena:enemy_profile=medium_plus:item_profile=many:wall_profile=open:player_hp=4:enemy_hp=2:agent=mcts_small,1,17,3,1,0,13,11,3,8,0.06,1,0.967032967032967,0.08080808080808081,0,0,8,8.0,8
griddly,mcts_small,50,10,1.4142135623730951,medium,arena,medium_plus,many,open,medium_plus,many,low,4,2,map_type,arena,120,11,25,36,ofat_real,ofat:factor=map_type:value=arena:size=medium:map_type=arena:enemy_profile=medium_plus:item_profile=many:wall_profile=open:player_hp=4:enemy_hp=2:agent=mcts_small,0,12,4,0,1,13,11,3,8,0.06,1,0.967032967032967,0.08080808080808081,0,0,8,8.0,8
griddly,mcts_small,50,10,1.4142135623730951,medium,arena,medium_plus,many,open,medium_plus,many,low,4,2,map_type,arena,120,11,26,37,ofat_real,ofat:factor=map_type:value=arena:size=medium:map_type=arena:enemy_profile=medium_plus:item_profile=many:wall_profile=open:player_hp=4:enemy_hp=2:agent=mcts_small,1,12,3,1,0,13,11,3,8,0.06,1,0.967032967032967,0.08080808080808081,1,1,8,8.0,8
griddly,mcts_small,50,10,1.4142135623730951,medium,arena,medium_plus,many,open,medium_plus,many,low,4,2,map_type,arena,120,11,27,38,ofat_real,ofat:factor=map_type:value=arena:size=medium:map_type=arena:enemy_profile=medium_plus:item_profile=many:wall_profile=open:player_hp=4:enemy_hp=2:agent=mcts_small,1,17,3,1,0,13,11,3,6,0.06,1,0.967741935483871,0.06060606060606061,0,0,8,8.0,8
griddly,mcts_small,50,10,1.4142135623730951,medium,arena,medium_plus,many,open,medium_plus,many,low,4,2,map_type,arena,120,11,28,39,ofat_real,ofat:factor=map_type:value=arena:size=medium:map_type=arena:enemy_profile=medium_plus:item_profile=many:wall_profile=open:player_hp=4:enemy_hp=2:agent=mcts_small,0,21,4,0,1,13,11,3,8,0.06,1,0.967032967032967,0.08080808080808081,2,2,8,8.0,8
griddly,mcts_small,50,10,1.4142135623730951,medium,arena,medium_plus,many,open,medium_plus,many,low,4,2,map_type,arena,120,11,29,40,ofat_real,ofat:factor=map_type:value=arena:size=medium:map_type=arena:enemy_profile=medium_plus:item_profile=many:wall_profile=open:player_hp=4:enemy_hp=2:agent=mcts_small,1,19,2,2,0,13,11,3,8,0.06,1,0.967032967032967,0.08080808080808081,0,0,8,8.0,8
griddly,mcts_medium,200,30,1.4142135623730951,medium,arena,medium_plus,many,open,medium_plus,many,low,4,2,map_type,arena,120,11,0,11,ofat_real,ofat:factor=map_type:value=arena:size=medium:map_type=arena:enemy_profile=medium_plus:item_profile=many:wall_profile=open:player_hp=4:enemy_hp=2:agent=mcts_medium,1,17,2,2,0,13,11,3,6,0.06,1,0.967741935483871,0.06060606060606061,0,0,8,8.0,8
griddly,mcts_medium,200,30,1.4142135623730951,medium,arena,medium_plus,many,open,medium_plus,many,low,4,2,map_type,arena,120,11,1,12,ofat_real,ofat:factor=map_type:value=arena:size=medium:map_type=arena:enemy_profile=medium_plus:item_profile=many:wall_profile=open:player_hp=4:enemy_hp=2:agent=mcts_medium,1,21,3,1,0,13,11,3,8,0.06,1,0.967032967032967,0.08080808080808081,0,0,8,8.0,8
griddly,mcts_medium,200,30,1.4142135623730951,medium,arena,medium_plus,many,open,medium_plus,many,low,4,2,map_type,arena,120,11,2,13,ofat_real,ofat:factor=map_type:value=arena:size=medium:map_type=arena:enemy_profile=medium_plus:item_profile=many:wall_profile=open:player_hp=4:enemy_hp=2:agent=mcts_medium,1,17,2,2,0,13,11,3,8,0.06,1,0.967032967032967,0.08080808080808081,2,2,8,8.0,8
griddly,mcts_medium,200,30,1.4142135623730951,medium,arena,medium_plus,many,open,medium_plus,many,low,4,2,map_type,arena,120,11,3,14,ofat_real,ofat:factor=map_type:value=arena:size=medium:map_type=arena:enemy_profile=medium_plus:item_profile=many:wall_profile=open:player_hp=4:enemy_hp=2:agent=mcts_medium,1,15,1,3,0,13,11,3,8,0.06,1,0.967032967032967,0.08080808080808081,6,9,8,8.0,8
griddly,mcts_medium,200,30,1.4142135623730951,medium,arena,medium_plus,many,open,medium_plus,many,low,4,2,map_type,arena,120,11,4,15,ofat_real,ofat:factor=map_type:value=arena:size=medium:map_type=arena:enemy_profile=medium_plus:item_profile=many:wall_profile=open:player_hp=4:enemy_hp=2:agent=mcts_medium,1,17,3,1,0,13,11,3,8,0.06,1,0.967032967032967,0.08080808080808081,1,1,8,8.0,8
griddly,mcts_medium,200,30,1.4142135623730951,medium,arena,medium_plus,many,open,medium_plus,many,low,4,2,map_type,arena,120,11,5,16,ofat_real,ofat:factor=map_type:value=arena:size=medium:map_type=arena:enemy_profile=medium_plus:item_profile=many:wall_profile=open:player_hp=4:enemy_hp=2:agent=mcts_medium,1,18,3,1,0,13,11,3,6,0.06,1,0.967741935483871,0.06060606060606061,0,0,8,8.0,8
griddly,mcts_medium,200,30,1.4142135623730951,medium,arena,medium_plus,many,open,medium_plus,many,low,4,2,map_type,arena,120,11,6,17,ofat_real,ofat:factor=map_type:value=arena:size=medium:map_type=arena:enemy_profile=medium_plus:item_profile=many:wall_profile=open:player_hp=4:enemy_hp=2:agent=mcts_medium,1,19,3,1,0,13,11,3,6,0.06,1,0.967741935483871,0.06060606060606061,3,3,8,8.0,8
griddly,mcts_medium,200,30,1.4142135623730951,medium,arena,medium_plus,many,open,medium_plus,many,low,4,2,map_type,arena,120,11,7,18,ofat_real,ofat:factor=map_type:value=arena:size=medium:map_type=arena:enemy_profile=medium_plus:item_profile=many:wall_profile=open:player_hp=4:enemy_hp=2:agent=mcts_medium,0,14,4,0,3,13,11,3,8,0.06,1,0.967032967032967,0.08080808080808081,0,0,8,8.0,8
griddly,mcts_medium,200,30,1.4142135623730951,medium,arena,medium_plus,many,open,medium_plus,many,low,4,2,map_type,arena,120,11,8,19,ofat_real,ofat:factor=map_type:value=arena:size=medium:map_type=arena:enemy_profile=medium_plus:item_profile=many:wall_profile=open:player_hp=4:enemy_hp=2:agent=mcts_medium,1,17,3,1,0,13,11,3,6,0.06,1,0.967741935483871,0.06060606060606061,6,6,8,8.0,8
griddly,mcts_medium,200,30,1.4142135623730951,medium,arena,medium_plus,many,open,medium_plus,many,low,4,2,map_type,arena,120,11,9,20,ofat_real,ofat:factor=map_type:value=arena:size=medium:map_type=arena:enemy_profile=medium_plus:item_profile=many:wall_profile=open:player_hp=4:enemy_hp=2:agent=mcts_medium,1,25,1,3,0,13,11,3,8,0.06,1,0.967032967032967,0.08080808080808081,3,3,8,8.0,8
griddly,mcts_medium,200,30,1.4142135623730951,medium,arena,medium_plus,many,open,medium_plus,many,low,4,2,map_type,arena,120,11,10,21,ofat_real,ofat:factor=map_type:value=arena:size=medium:map_type=arena:enemy_profile=medium_plus:item_profile=many:wall_profile=open:player_hp=4:enemy_hp=2:agent=mcts_medium,1,17,2,2,0,13,11,3,6,0.06,1,0.967741935483871,0.06060606060606061,1,1,8,8.0,8
griddly,mcts_medium,200,30,1.4142135623730951,medium,arena,medium_plus,many,open,medium_plus,many,low,4,2,map_type,arena,120,11,11,22,ofat_real,ofat:factor=map_type:value=arena:size=medium:map_type=arena:enemy_profile=medium_plus:item_profile=many:wall_profile=open:player_hp=4:enemy_hp=2:agent=mcts_medium,0,14,4,0,3,13,11,3,8,0.06,1,0.967032967032967,0.08080808080808081,0,0,8,8.0,8
griddly,mcts_medium,200,30,1.4142135623730951,medium,arena,medium_plus,many,open,medium_plus,many,low,4,2,map_type,arena,120,11,12,23,ofat_real,ofat:factor=map_type:value=arena:size=medium:map_type=arena:enemy_profile=medium_plus:item_profile=many:wall_profile=open:player_hp=4:enemy_hp=2:agent=mcts_medium,1,14,1,3,0,13,11,3,8,0.06,1,0.967032967032967,0.08080808080808081,0,0,7,7.0,7
griddly,mcts_medium,200,30,1.4142135623730951,medium,arena,medium_plus,many,open,medium_plus,many,low,4,2,map_type,arena,120,11,13,24,ofat_real,ofat:factor=map_type:value=arena:size=medium:map_type=arena:enemy_profile=medium_plus:item_profile=many:wall_profile=open:player_hp=4:enemy_hp=2:agent=mcts_medium,1,22,3,1,0,13,11,3,8,0.06,1,0.967032967032967,0.08080808080808081,0,0,8,8.0,8
griddly,mcts_medium,200,30,1.4142135623730951,medium,arena,medium_plus,many,open,medium_plus,many,low,4,2,map_type,arena,120,11,14,25,ofat_real,ofat:factor=map_type:value=arena:size=medium:map_type=arena:enemy_profile=medium_plus:item_profile=many:wall_profile=open:player_hp=4:enemy_hp=2:agent=mcts_medium,1,15,3,1,0,13,11,3,8,0.06,1,0.967032967032967,0.08080808080808081,0,0,7,7.0,7
griddly,mcts_medium,200,30,1.4142135623730951,medium,arena,medium_plus,many,open,medium_plus,many,low,4,2,map_type,arena,120,11,15,26,ofat_real,ofat:factor=map_type:value=arena:size=medium:map_type=arena:enemy_profile=medium_plus:item_profile=many:wall_profile=open:player_hp=4:enemy_hp=2:agent=mcts_medium,0,16,4,0,1,13,11,3,8,0.06,1,0.967032967032967,0.08080808080808081,0,0,8,8.0,8
griddly,mcts_medium,200,30,1.4142135623730951,medium,arena,medium_plus,many,open,medium_plus,many,low,4,2,map_type,arena,120,11,16,27,ofat_real,ofat:factor=map_type:value=arena:size=medium:map_type=arena:enemy_profile=medium_plus:item_profile=many:wall_profile=open:player_hp=4:enemy_hp=2:agent=mcts_medium,1,22,3,1,0,13,11,3,8,0.06,1,0.967032967032967,0.08080808080808081,0,0,8,8.0,8
griddly,mcts_medium,200,30,1.4142135623730951,medium,arena,medium_plus,many,open,medium_plus,many,low,4,2,map_type,arena,120,11,17,28,ofat_real,ofat:factor=map_type:value=arena:size=medium:map_type=arena:enemy_profile=medium_plus:item_profile=many:wall_profile=open:player_hp=4:enemy_hp=2:agent=mcts_medium,1,15,1,3,0,13,11,3,8,0.06,1,0.967032967032967,0.08080808080808081,0,0,8,8.0,8
griddly,mcts_medium,200,30,1.4142135623730951,medium,arena,medium_plus,many,open,medium_plus,many,low,4,2,map_type,arena,120,11,18,29,ofat_real,ofat:factor=map_type:value=arena:size=medium:map_type=arena:enemy_profile=medium_plus:item_profile=many:wall_profile=open:player_hp=4:enemy_hp=2:agent=mcts_medium,1,19,2,2,0,13,11,3,8,0.06,1,0.967032967032967,0.08080808080808081,1,1,8,8.0,8
griddly,mcts_medium,200,30,1.4142135623730951,medium,arena,medium_plus,many,open,medium_plus,many,low,4,2,map_type,arena,120,11,19,30,ofat_real,ofat:factor=map_type:value=arena:size=medium:map_type=arena:enemy_profile=medium_plus:item_profile=many:wall_profile=open:player_hp=4:enemy_hp=2:agent=mcts_medium,1,20,3,1,0,13,11,3,8,0.06,1,0.967032967032967,0.08080808080808081,0,0,8,8.0,8
griddly,mcts_medium,200,30,1.4142135623730951,medium,arena,medium_plus,many,open,medium_plus,many,low,4,2,map_type,arena,120,11,20,31,ofat_real,ofat:factor=map_type:value=arena:size=medium:map_type=arena:enemy_profile=medium_plus:item_profile=many:wall_profile=open:player_hp=4:enemy_hp=2:agent=mcts_medium,1,18,1,3,0,13,11,3,8,0.06,1,0.967032967032967,0.08080808080808081,1,1,8,8.0,8
griddly,mcts_medium,200,30,1.4142135623730951,medium,arena,medium_plus,many,open,medium_plus,many,low,4,2,map_type,arena,120,11,21,32,ofat_real,ofat:factor=map_type:value=arena:size=medium:map_type=arena:enemy_profile=medium_plus:item_profile=many:wall_profile=open:player_hp=4:enemy_hp=2:agent=mcts_medium,1,23,1,3,0,13,11,3,6,0.06,1,0.967741935483871,0.06060606060606061,1,1,8,8.0,8
griddly,mcts_medium,200,30,1.4142135623730951,medium,arena,medium_plus,many,open,medium_plus,many,low,4,2,map_type,arena,120,11,22,33,ofat_real,ofat:factor=map_type:value=arena:size=medium:map_type=arena:enemy_profile=medium_plus:item_profile=many:wall_profile=open:player_hp=4:enemy_hp=2:agent=mcts_medium,0,15,4,0,2,13,11,3,8,0.06,1,0.967032967032967,0.08080808080808081,1,1,8,8.0,8
griddly,mcts_medium,200,30,1.4142135623730951,medium,arena,medium_plus,many,open,medium_plus,many,low,4,2,map_type,arena,120,11,23,34,ofat_real,ofat:factor=map_type:value=arena:size=medium:map_type=arena:enemy_profile=medium_plus:item_profile=many:wall_profile=open:player_hp=4:enemy_hp=2:agent=mcts_medium,1,22,3,1,0,13,11,3,6,0.06,1,0.967741935483871,0.06060606060606061,0,0,8,8.0,8
griddly,mcts_medium,200,30,1.4142135623730951,medium,arena,medium_plus,many,open,medium_plus,many,low,4,2,map_type,arena,120,11,24,35,ofat_real,ofat:factor=map_type:value=arena:size=medium:map_type=arena:enemy_profile=medium_plus:item_profile=many:wall_profile=open:player_hp=4:enemy_hp=2:agent=mcts_medium,1,17,2,2,0,13,11,3,8,0.06,1,0.967032967032967,0.08080808080808081,0,0,8,8.0,8
griddly,mcts_medium,200,30,1.4142135623730951,medium,arena,medium_plus,many,open,medium_plus,many,low,4,2,map_type,arena,120,11,25,36,ofat_real,ofat:factor=map_type:value=arena:size=medium:map_type=arena:enemy_profile=medium_plus:item_profile=many:wall_profile=open:player_hp=4:enemy_hp=2:agent=mcts_medium,1,19,2,2,0,13,11,3,8,0.06,1,0.967032967032967,0.08080808080808081,0,0,8,8.0,8
griddly,mcts_medium,200,30,1.4142135623730951,medium,arena,medium_plus,many,open,medium_plus,many,low,4,2,map_type,arena,120,11,26,37,ofat_real,ofat:factor=map_type:value=arena:size=medium:map_type=arena:enemy_profile=medium_plus:item_profile=many:wall_profile=open:player_hp=4:enemy_hp=2:agent=mcts_medium,1,18,2,2,0,13,11,3,8,0.06,1,0.967032967032967,0.08080808080808081,1,1,8,8.0,8
griddly,mcts_medium,200,30,1.4142135623730951,medium,arena,medium_plus,many,open,medium_plus,many,low,4,2,map_type,arena,120,11,27,38,ofat_real,ofat:factor=map_type:value=arena:size=medium:map_type=arena:enemy_profile=medium_plus:item_profile=many:wall_profile=open:player_hp=4:enemy_hp=2:agent=mcts_medium,1,18,2,2,0,13,11,3,6,0.06,1,0.967741935483871,0.06060606060606061,0,0,8,8.0,8
griddly,mcts_medium,200,30,1.4142135623730951,medium,arena,medium_plus,many,open,medium_plus,many,low,4,2,map_type,arena,120,11,28,39,ofat_real,ofat:factor=map_type:value=arena:size=medium:map_type=arena:enemy_profile=medium_plus:item_profile=many:wall_profile=open:player_hp=4:enemy_hp=2:agent=mcts_medium,1,16,3,1,0,13,11,3,8,0.06,1,0.967032967032967,0.08080808080808081,2,2,8,8.0,8
griddly,mcts_medium,200,30,1.4142135623730951,medium,arena,medium_plus,many,open,medium_plus,many,low,4,2,map_type,arena,120,11,29,40,ofat_real,ofat:factor=map_type:value=arena:size=medium:map_type=arena:enemy_profile=medium_plus:item_profile=many:wall_profile=open:player_hp=4:enemy_hp=2:agent=mcts_medium,1,17,1,3,0,13,11,3,8,0.06,1,0.967032967032967,0.08080808080808081,0,0,8,8.0,8
griddly,random,,,,medium,baseline,light,many,open,low,many,low,4,2,enemy_profile,light,120,11,0,11,ofat_real,ofat:factor=enemy_profile:value=light:size=medium:map_type=baseline:enemy_profile=light:item_profile=many:wall_profile=open:player_hp=4:enemy_hp=2:agent=random,1,15,3,1,0,13,11,1,16,0.09,1,0.9879518072289156,0.16161616161616163,5,7,4,4.0,4
griddly,random,,,,medium,baseline,light,many,open,low,many,low,4,2,enemy_profile,light,120,11,1,12,ofat_real,ofat:factor=enemy_profile:value=light:size=medium:map_type=baseline:enemy_profile=light:item_profile=many:wall_profile=open:player_hp=4:enemy_hp=2:agent=random,1,17,3,1,0,13,11,1,7,0.09,1,0.9891304347826086,0.0707070707070707,2,2,7,7.0,7
griddly,random,,,,medium,baseline,light,many,open,low,many,low,4,2,enemy_profile,light,120,11,2,13,ofat_real,ofat:factor=enemy_profile:value=light:size=medium:map_type=baseline:enemy_profile=light:item_profile=many:wall_profile=open:player_hp=4:enemy_hp=2:agent=random,1,12,2,2,0,13,11,1,8,0.09,1,0.989010989010989,0.08080808080808081,2,2,9,9.0,9
griddly,random,,,,medium,baseline,light,many,open,low,many,low,4,2,enemy_profile,light,120,11,3,14,ofat_real,ofat:factor=enemy_profile:value=light:size=medium:map_type=baseline:enemy_profile=light:item_profile=many:wall_profile=open:player_hp=4:enemy_hp=2:agent=random,1,17,2,2,0,13,11,1,6,0.09,1,0.989247311827957,0.06060606060606061,0,0,3,3.0,3
griddly,random,,,,medium,baseline,light,many,open,low,many,low,4,2,enemy_profile,light,120,11,4,15,ofat_real,ofat:factor=enemy_profile:value=light:size=medium:map_type=baseline:enemy_profile=light:item_profile=many:wall_profile=open:player_hp=4:enemy_hp=2:agent=random,1,25,3,1,0,13,11,1,9,0.09,1,0.9888888888888889,0.09090909090909091,4,5,3,3.0,3
griddly,random,,,,medium,baseline,light,many,open,low,many,low,4,2,enemy_profile,light,120,11,5,16,ofat_real,ofat:factor=enemy_profile:value=light:size=medium:map_type=baseline:enemy_profile=light:item_profile=many:wall_profile=open:player_hp=4:enemy_hp=2:agent=random,1,23,1,3,0,13,11,1,10,0.09,1,0.9887640449438202,0.10101010101010101,5,10,9,9.0,9
griddly,random,,,,medium,baseline,light,many,open,low,many,low,4,2,enemy_profile,light,120,11,6,17,ofat_real,ofat:factor=enemy_profile:value=light:size=medium:map_type=baseline:enemy_profile=light:item_profile=many:wall_profile=open:player_hp=4:enemy_hp=2:agent=random,1,21,2,2,0,13,11,1,9,0.09,1,0.9888888888888889,0.09090909090909091,1,1,11,11.0,11
griddly,random,,,,medium,baseline,light,many,open,low,many,low,4,2,enemy_profile,light,120,11,7,18,ofat_real,ofat:factor=enemy_profile:value=light:size=medium:map_type=baseline:enemy_profile=light:item_profile=many:wall_profile=open:player_hp=4:enemy_hp=2:agent=random,1,20,2,2,0,13,11,1,7,0.09,1,0.9891304347826086,0.0707070707070707,0,0,8,8.0,8
griddly,random,,,,medium,baseline,light,many,open,low,many,low,4,2,enemy_profile,light,120,11,8,19,ofat_real,ofat:factor=enemy_profile:value=light:size=medium:map_type=baseline:enemy_profile=light:item_profile=many:wall_profile=open:player_hp=4:enemy_hp=2:agent=random,0,21,4,0,1,13,11,1,11,0.09,1,0.9772727272727273,0.1111111111111111,5,4,14,14.0,14
griddly,random,,,,medium,baseline,light,many,open,low,many,low,4,2,enemy_profile,light,120,11,9,20,ofat_real,ofat:factor=enemy_profile:value=light:size=medium:map_type=baseline:enemy_profile=light:item_profile=many:wall_profile=open:player_hp=4:enemy_hp=2:agent=random,0,16,4,0,1,13,11,1,11,0.09,1,0.9886363636363636,0.1111111111111111,2,2,6,6.0,6
griddly,random,,,,medium,baseline,light,many,open,low,many,low,4,2,enemy_profile,light,120,11,10,21,ofat_real,ofat:factor=enemy_profile:value=light:size=medium:map_type=baseline:enemy_profile=light:item_profile=many:wall_profile=open:player_hp=4:enemy_hp=2:agent=random,0,10,4,0,1,13,11,1,7,0.09,1,0.9891304347826086,0.0707070707070707,2,2,3,3.0,3
griddly,random,,,,medium,baseline,light,many,open,low,many,low,4,2,enemy_profile,light,120,11,11,22,ofat_real,ofat:factor=enemy_profile:value=light:size=medium:map_type=baseline:enemy_profile=light:item_profile=many:wall_profile=open:player_hp=4:enemy_hp=2:agent=random,1,18,1,3,0,13,11,1,9,0.09,1,0.9888888888888889,0.09090909090909091,3,7,2,2.0,2
griddly,random,,,,medium,baseline,light,many,open,low,many,low,4,2,enemy_profile,light,120,11,12,23,ofat_real,ofat:factor=enemy_profile:value=light:size=medium:map_type=baseline:enemy_profile=light:item_profile=many:wall_profile=open:player_hp=4:enemy_hp=2:agent=random,1,25,3,1,0,13,11,1,5,0.09,1,0.9893617021276596,0.050505050505050504,1,1,5,5.0,5
griddly,random,,,,medium,baseline,light,many,open,low,many,low,4,2,enemy_profile,light,120,11,13,24,ofat_real,ofat:factor=enemy_profile:value=light:size=medium:map_type=baseline:enemy_profile=light:item_profile=many:wall_profile=open:player_hp=4:enemy_hp=2:agent=random,0,14,4,0,1,13,11,1,9,0.09,1,0.9888888888888889,0.09090909090909091,3,3,5,5.0,5
griddly,random,,,,medium,baseline,light,many,open,low,many,low,4,2,enemy_profile,light,120,11,14,25,ofat_real,ofat:factor=enemy_profile:value=light:size=medium:map_type=baseline:enemy_profile=light:item_profile=many:wall_profile=open:player_hp=4:enemy_hp=2:agent=random,0,14,4,0,1,13,11,1,14,0.09,1,0.9882352941176471,0.1414141414141414,0,3,6,6.0,6
griddly,random,,,,medium,baseline,light,many,open,low,many,low,4,2,enemy_profile,light,120,11,15,26,ofat_real,ofat:factor=enemy_profile:value=light:size=medium:map_type=baseline:enemy_profile=light:item_profile=many:wall_profile=open:player_hp=4:enemy_hp=2:agent=random,1,12,2,2,0,13,11,1,10,0.09,1,0.9887640449438202,0.10101010101010101,5,7,2,2.0,2
griddly,random,,,,medium,baseline,light,many,open,low,many,low,4,2,enemy_profile,light,120,11,16,27,ofat_real,ofat:factor=enemy_profile:value=light:size=medium:map_type=baseline:enemy_profile=light:item_profile=many:wall_profile=open:player_hp=4:enemy_hp=2:agent=random,1,24,3,1,0,13,11,1,13,0.09,1,0.9883720930232558,0.13131313131313133,2,2,6,6.0,6
griddly,random,,,,medium,baseline,light,many,open,low,many,low,4,2,enemy_profile,light,120,11,17,28,ofat_real,ofat:factor=enemy_profile:value=light:size=medium:map_type=baseline:enemy_profile=light:item_profile=many:wall_profile=open:player_hp=4:enemy_hp=2:agent=random,1,13,2,2,0,13,11,1,13,0.09,1,0.9883720930232558,0.13131313131313133,4,8,8,8.0,8
griddly,random,,,,medium,baseline,light,many,open,low,many,low,4,2,enemy_profile,light,120,11,18,29,ofat_real,ofat:factor=enemy_profile:value=light:size=medium:map_type=baseline:enemy_profile=light:item_profile=many:wall_profile=open:player_hp=4:enemy_hp=2:agent=random,1,21,0,4,0,13,11,1,10,0.09,1,0.9887640449438202,0.10101010101010101,0,0,8,8.0,8
griddly,random,,,,medium,baseline,light,many,open,low,many,low,4,2,enemy_profile,light,120,11,19,30,ofat_real,ofat:factor=enemy_profile:value=light:size=medium:map_type=baseline:enemy_profile=light:item_profile=many:wall_profile=open:player_hp=4:enemy_hp=2:agent=random,0,14,4,0,1,13,11,1,7,0.09,1,0.9891304347826086,0.0707070707070707,1,1,4,4.0,4
griddly,random,,,,medium,baseline,light,many,open,low,many,low,4,2,enemy_profile,light,120,11,20,31,ofat_real,ofat:factor=enemy_profile:value=light:size=medium:map_type=baseline:enemy_profile=light:item_profile=many:wall_profile=open:player_hp=4:enemy_hp=2:agent=random,0,22,4,0,1,13,11,1,6,0.09,1,0.989247311827957,0.06060606060606061,1,1,4,4.0,4
griddly,random,,,,medium,baseline,light,many,open,low,many,low,4,2,enemy_profile,light,120,11,21,32,ofat_real,ofat:factor=enemy_profile:value=light:size=medium:map_type=baseline:enemy_profile=light:item_profile=many:wall_profile=open:player_hp=4:enemy_hp=2:agent=random,1,23,3,1,0,13,11,1,13,0.09,1,0.9883720930232558,0.13131313131313133,1,1,8,8.0,8
griddly,random,,,,medium,baseline,light,many,open,low,many,low,4,2,enemy_profile,light,120,11,22,33,ofat_real,ofat:factor=enemy_profile:value=light:size=medium:map_type=baseline:enemy_profile=light:item_profile=many:wall_profile=open:player_hp=4:enemy_hp=2:agent=random,0,17,4,0,1,13,11,1,11,0.09,1,0.9886363636363636,0.1111111111111111,2,2,5,5.0,5
griddly,random,,,,medium,baseline,light,many,open,low,many,low,4,2,enemy_profile,light,120,11,23,34,ofat_real,ofat:factor=enemy_profile:value=light:size=medium:map_type=baseline:enemy_profile=light:item_profile=many:wall_profile=open:player_hp=4:enemy_hp=2:agent=random,1,11,3,1,0,13,11,1,7,0.09,1,0.9891304347826086,0.0707070707070707,3,3,4,4.0,4
griddly,random,,,,medium,baseline,light,many,open,low,many,low,4,2,enemy_profile,light,120,11,24,35,ofat_real,ofat:factor=enemy_profile:value=light:size=medium:map_type=baseline:enemy_profile=light:item_profile=many:wall_profile=open:player_hp=4:enemy_hp=2:agent=random,0,15,4,0,1,13,11,1,8,0.09,1,0.9560439560439561,0.08080808080808081,1,3,2,2.0,2
griddly,random,,,,medium,baseline,light,many,open,low,many,low,4,2,enemy_profile,light,120,11,25,36,ofat_real,ofat:factor=enemy_profile:value=light:size=medium:map_type=baseline:enemy_profile=light:item_profile=many:wall_profile=open:player_hp=4:enemy_hp=2:agent=random,1,28,2,2,0,13,11,1,13,0.09,1,0.9883720930232558,0.13131313131313133,1,1,5,5.0,5
griddly,random,,,,medium,baseline,light,many,open,low,many,low,4,2,enemy_profile,light,120,11,26,37,ofat_real,ofat:factor=enemy_profile:value=light:size=medium:map_type=baseline:enemy_profile=light:item_profile=many:wall_profile=open:player_hp=4:enemy_hp=2:agent=random,0,20,4,0,1,13,11,1,15,0.09,1,0.9761904761904762,0.15151515151515152,2,2,11,11.0,11
griddly,random,,,,medium,baseline,light,many,open,low,many,low,4,2,enemy_profile,light,120,11,27,38,ofat_real,ofat:factor=enemy_profile:value=light:size=medium:map_type=baseline:enemy_profile=light:item_profile=many:wall_profile=open:player_hp=4:enemy_hp=2:agent=random,1,15,1,3,0,13,11,1,5,0.09,1,0.9893617021276596,0.050505050505050504,1,1,6,6.0,6
griddly,random,,,,medium,baseline,light,many,open,low,many,low,4,2,enemy_profile,light,120,11,28,39,ofat_real,ofat:factor=enemy_profile:value=light:size=medium:map_type=baseline:enemy_profile=light:item_profile=many:wall_profile=open:player_hp=4:enemy_hp=2:agent=random,1,25,2,2,0,13,11,1,12,0.09,1,0.9885057471264368,0.12121212121212122,2,2,7,7.0,7
griddly,random,,,,medium,baseline,light,many,open,low,many,low,4,2,enemy_profile,light,120,11,29,40,ofat_real,ofat:factor=enemy_profile:value=light:size=medium:map_type=baseline:enemy_profile=light:item_profile=many:wall_profile=open:player_hp=4:enemy_hp=2:agent=random,1,27,2,2,0,13,11,1,9,0.09,1,0.9888888888888889,0.09090909090909091,1,1,9,9.0,9
griddly,heuristic,,,,medium,baseline,light,many,open,low,many,low,4,2,enemy_profile,light,120,11,0,11,ofat_real,ofat:factor=enemy_profile:value=light:size=medium:map_type=baseline:enemy_profile=light:item_profile=many:wall_profile=open:player_hp=4:enemy_hp=2:agent=heuristic,1,5,2,2,0,13,11,1,16,0.09,1,0.9879518072289156,0.16161616161616163,5,7,4,4.0,4
griddly,heuristic,,,,medium,baseline,light,many,open,low,many,low,4,2,enemy_profile,light,120,11,1,12,ofat_real,ofat:factor=enemy_profile:value=light:size=medium:map_type=baseline:enemy_profile=light:item_profile=many:wall_profile=open:player_hp=4:enemy_hp=2:agent=heuristic,1,6,1,3,0,13,11,1,7,0.09,1,0.9891304347826086,0.0707070707070707,2,2,7,7.0,7
griddly,heuristic,,,,medium,baseline,light,many,open,low,many,low,4,2,enemy_profile,light,120,11,2,13,ofat_real,ofat:factor=enemy_profile:value=light:size=medium:map_type=baseline:enemy_profile=light:item_profile=many:wall_profile=open:player_hp=4:enemy_hp=2:agent=heuristic,1,7,1,3,0,13,11,1,8,0.09,1,0.989010989010989,0.08080808080808081,2,2,9,9.0,9
griddly,heuristic,,,,medium,baseline,light,many,open,low,many,low,4,2,enemy_profile,light,120,11,3,14,ofat_real,ofat:factor=enemy_profile:value=light:size=medium:map_type=baseline:enemy_profile=light:item_profile=many:wall_profile=open:player_hp=4:enemy_hp=2:agent=heuristic,1,4,1,3,0,13,11,1,6,0.09,1,0.989247311827957,0.06060606060606061,0,0,3,3.0,3
griddly,heuristic,,,,medium,baseline,light,many,open,low,many,low,4,2,enemy_profile,light,120,11,4,15,ofat_real,ofat:factor=enemy_profile:value=light:size=medium:map_type=baseline:enemy_profile=light:item_profile=many:wall_profile=open:player_hp=4:enemy_hp=2:agent=heuristic,1,4,1,3,0,13,11,1,9,0.09,1,0.9888888888888889,0.09090909090909091,4,5,3,3.0,3
griddly,heuristic,,,,medium,baseline,light,many,open,low,many,low,4,2,enemy_profile,light,120,11,5,16,ofat_real,ofat:factor=enemy_profile:value=light:size=medium:map_type=baseline:enemy_profile=light:item_profile=many:wall_profile=open:player_hp=4:enemy_hp=2:agent=heuristic,1,7,1,3,0,13,11,1,10,0.09,1,0.9887640449438202,0.10101010101010101,5,10,9,9.0,9
griddly,heuristic,,,,medium,baseline,light,many,open,low,many,low,4,2,enemy_profile,light,120,11,6,17,ofat_real,ofat:factor=enemy_profile:value=light:size=medium:map_type=baseline:enemy_profile=light:item_profile=many:wall_profile=open:player_hp=4:enemy_hp=2:agent=heuristic,1,7,2,2,0,13,11,1,9,0.09,1,0.9888888888888889,0.09090909090909091,1,1,11,11.0,11
griddly,heuristic,,,,medium,baseline,light,many,open,low,many,low,4,2,enemy_profile,light,120,11,7,18,ofat_real,ofat:factor=enemy_profile:value=light:size=medium:map_type=baseline:enemy_profile=light:item_profile=many:wall_profile=open:player_hp=4:enemy_hp=2:agent=heuristic,1,7,2,2,0,13,11,1,7,0.09,1,0.9891304347826086,0.0707070707070707,0,0,8,8.0,8
griddly,heuristic,,,,medium,baseline,light,many,open,low,many,low,4,2,enemy_profile,light,120,11,8,19,ofat_real,ofat:factor=enemy_profile:value=light:size=medium:map_type=baseline:enemy_profile=light:item_profile=many:wall_profile=open:player_hp=4:enemy_hp=2:agent=heuristic,1,10,2,2,0,13,11,1,11,0.09,1,0.9772727272727273,0.1111111111111111,5,4,14,14.0,14
griddly,heuristic,,,,medium,baseline,light,many,open,low,many,low,4,2,enemy_profile,light,120,11,9,20,ofat_real,ofat:factor=enemy_profile:value=light:size=medium:map_type=baseline:enemy_profile=light:item_profile=many:wall_profile=open:player_hp=4:enemy_hp=2:agent=heuristic,1,6,2,2,0,13,11,1,11,0.09,1,0.9886363636363636,0.1111111111111111,2,2,6,6.0,6
griddly,heuristic,,,,medium,baseline,light,many,open,low,many,low,4,2,enemy_profile,light,120,11,10,21,ofat_real,ofat:factor=enemy_profile:value=light:size=medium:map_type=baseline:enemy_profile=light:item_profile=many:wall_profile=open:player_hp=4:enemy_hp=2:agent=heuristic,1,4,1,3,0,13,11,1,7,0.09,1,0.9891304347826086,0.0707070707070707,2,2,3,3.0,3
griddly,heuristic,,,,medium,baseline,light,many,open,low,many,low,4,2,enemy_profile,light,120,11,11,22,ofat_real,ofat:factor=enemy_profile:value=light:size=medium:map_type=baseline:enemy_profile=light:item_profile=many:wall_profile=open:player_hp=4:enemy_hp=2:agent=heuristic,1,4,2,2,0,13,11,1,9,0.09,1,0.9888888888888889,0.09090909090909091,3,7,2,2.0,2
griddly,heuristic,,,,medium,baseline,light,many,open,low,many,low,4,2,enemy_profile,light,120,11,12,23,ofat_real,ofat:factor=enemy_profile:value=light:size=medium:map_type=baseline:enemy_profile=light:item_profile=many:wall_profile=open:player_hp=4:enemy_hp=2:agent=heuristic,1,5,1,3,0,13,11,1,5,0.09,1,0.9893617021276596,0.050505050505050504,1,1,5,5.0,5
griddly,heuristic,,,,medium,baseline,light,many,open,low,many,low,4,2,enemy_profile,light,120,11,13,24,ofat_real,ofat:factor=enemy_profile:value=light:size=medium:map_type=baseline:enemy_profile=light:item_profile=many:wall_profile=open:player_hp=4:enemy_hp=2:agent=heuristic,1,5,1,3,0,13,11,1,9,0.09,1,0.9888888888888889,0.09090909090909091,3,3,5,5.0,5
griddly,heuristic,,,,medium,baseline,light,many,open,low,many,low,4,2,enemy_profile,light,120,11,14,25,ofat_real,ofat:factor=enemy_profile:value=light:size=medium:map_type=baseline:enemy_profile=light:item_profile=many:wall_profile=open:player_hp=4:enemy_hp=2:agent=heuristic,1,6,2,2,0,13,11,1,14,0.09,1,0.9882352941176471,0.1414141414141414,0,3,6,6.0,6
griddly,heuristic,,,,medium,baseline,light,many,open,low,many,low,4,2,enemy_profile,light,120,11,15,26,ofat_real,ofat:factor=enemy_profile:value=light:size=medium:map_type=baseline:enemy_profile=light:item_profile=many:wall_profile=open:player_hp=4:enemy_hp=2:agent=heuristic,1,4,2,2,0,13,11,1,10,0.09,1,0.9887640449438202,0.10101010101010101,5,7,2,2.0,2
griddly,heuristic,,,,medium,baseline,light,many,open,low,many,low,4,2,enemy_profile,light,120,11,16,27,ofat_real,ofat:factor=enemy_profile:value=light:size=medium:map_type=baseline:enemy_profile=light:item_profile=many:wall_profile=open:player_hp=4:enemy_hp=2:agent=heuristic,1,6,1,3,0,13,11,1,13,0.09,1,0.9883720930232558,0.13131313131313133,2,2,6,6.0,6
griddly,heuristic,,,,medium,baseline,light,many,open,low,many,low,4,2,enemy_profile,light,120,11,17,28,ofat_real,ofat:factor=enemy_profile:value=light:size=medium:map_type=baseline:enemy_profile=light:item_profile=many:wall_profile=open:player_hp=4:enemy_hp=2:agent=heuristic,1,7,2,2,0,13,11,1,13,0.09,1,0.9883720930232558,0.13131313131313133,4,8,8,8.0,8
griddly,heuristic,,,,medium,baseline,light,many,open,low,many,low,4,2,enemy_profile,light,120,11,18,29,ofat_real,ofat:factor=enemy_profile:value=light:size=medium:map_type=baseline:enemy_profile=light:item_profile=many:wall_profile=open:player_hp=4:enemy_hp=2:agent=heuristic,1,7,2,2,0,13,11,1,10,0.09,1,0.9887640449438202,0.10101010101010101,0,0,8,8.0,8
griddly,heuristic,,,,medium,baseline,light,many,open,low,many,low,4,2,enemy_profile,light,120,11,19,30,ofat_real,ofat:factor=enemy_profile:value=light:size=medium:map_type=baseline:enemy_profile=light:item_profile=many:wall_profile=open:player_hp=4:enemy_hp=2:agent=heuristic,1,5,0,4,0,13,11,1,7,0.09,1,0.9891304347826086,0.0707070707070707,1,1,4,4.0,4
griddly,heuristic,,,,medium,baseline,light,many,open,low,many,low,4,2,enemy_profile,light,120,11,20,31,ofat_real,ofat:factor=enemy_profile:value=light:size=medium:map_type=baseline:enemy_profile=light:item_profile=many:wall_profile=open:player_hp=4:enemy_hp=2:agent=heuristic,1,5,2,2,0,13,11,1,6,0.09,1,0.989247311827957,0.06060606060606061,1,1,4,4.0,4
griddly,heuristic,,,,medium,baseline,light,many,open,low,many,low,4,2,enemy_profile,light,120,11,21,32,ofat_real,ofat:factor=enemy_profile:value=light:size=medium:map_type=baseline:enemy_profile=light:item_profile=many:wall_profile=open:player_hp=4:enemy_hp=2:agent=heuristic,1,6,1,3,0,13,11,1,13,0.09,1,0.9883720930232558,0.13131313131313133,1,1,8,8.0,8
griddly,heuristic,,,,medium,baseline,light,many,open,low,many,low,4,2,enemy_profile,light,120,11,22,33,ofat_real,ofat:factor=enemy_profile:value=light:size=medium:map_type=baseline:enemy_profile=light:item_profile=many:wall_profile=open:player_hp=4:enemy_hp=2:agent=heuristic,1,5,2,2,0,13,11,1,11,0.09,1,0.9886363636363636,0.1111111111111111,2,2,5,5.0,5
griddly,heuristic,,,,medium,baseline,light,many,open,low,many,low,4,2,enemy_profile,light,120,11,23,34,ofat_real,ofat:factor=enemy_profile:value=light:size=medium:map_type=baseline:enemy_profile=light:item_profile=many:wall_profile=open:player_hp=4:enemy_hp=2:agent=heuristic,1,5,1,3,0,13,11,1,7,0.09,1,0.9891304347826086,0.0707070707070707,3,3,4,4.0,4
griddly,heuristic,,,,medium,baseline,light,many,open,low,many,low,4,2,enemy_profile,light,120,11,24,35,ofat_real,ofat:factor=enemy_profile:value=light:size=medium:map_type=baseline:enemy_profile=light:item_profile=many:wall_profile=open:player_hp=4:enemy_hp=2:agent=heuristic,1,3,1,3,0,13,11,1,8,0.09,1,0.9560439560439561,0.08080808080808081,1,3,2,2.0,2
griddly,heuristic,,,,medium,baseline,light,many,open,low,many,low,4,2,enemy_profile,light,120,11,25,36,ofat_real,ofat:factor=enemy_profile:value=light:size=medium:map_type=baseline:enemy_profile=light:item_profile=many:wall_profile=open:player_hp=4:enemy_hp=2:agent=heuristic,1,5,1,3,0,13,11,1,13,0.09,1,0.9883720930232558,0.13131313131313133,1,1,5,5.0,5
griddly,heuristic,,,,medium,baseline,light,many,open,low,many,low,4,2,enemy_profile,light,120,11,26,37,ofat_real,ofat:factor=enemy_profile:value=light:size=medium:map_type=baseline:enemy_profile=light:item_profile=many:wall_profile=open:player_hp=4:enemy_hp=2:agent=heuristic,1,8,1,3,0,13,11,1,15,0.09,1,0.9761904761904762,0.15151515151515152,2,2,11,11.0,11
griddly,heuristic,,,,medium,baseline,light,many,open,low,many,low,4,2,enemy_profile,light,120,11,27,38,ofat_real,ofat:factor=enemy_profile:value=light:size=medium:map_type=baseline:enemy_profile=light:item_profile=many:wall_profile=open:player_hp=4:enemy_hp=2:agent=heuristic,1,6,2,2,0,13,11,1,5,0.09,1,0.9893617021276596,0.050505050505050504,1,1,6,6.0,6
griddly,heuristic,,,,medium,baseline,light,many,open,low,many,low,4,2,enemy_profile,light,120,11,28,39,ofat_real,ofat:factor=enemy_profile:value=light:size=medium:map_type=baseline:enemy_profile=light:item_profile=many:wall_profile=open:player_hp=4:enemy_hp=2:agent=heuristic,1,6,1,3,0,13,11,1,12,0.09,1,0.9885057471264368,0.12121212121212122,2,2,7,7.0,7
griddly,heuristic,,,,medium,baseline,light,many,open,low,many,low,4,2,enemy_profile,light,120,11,29,40,ofat_real,ofat:factor=enemy_profile:value=light:size=medium:map_type=baseline:enemy_profile=light:item_profile=many:wall_profile=open:player_hp=4:enemy_hp=2:agent=heuristic,1,7,1,3,0,13,11,1,9,0.09,1,0.9888888888888889,0.09090909090909091,1,1,9,9.0,9
griddly,mcts_small,50,10,1.4142135623730951,medium,baseline,light,many,open,low,many,low,4,2,enemy_profile,light,120,11,0,11,ofat_real,ofat:factor=enemy_profile:value=light:size=medium:map_type=baseline:enemy_profile=light:item_profile=many:wall_profile=open:player_hp=4:enemy_hp=2:agent=mcts_small,1,12,0,4,0,13,11,1,16,0.09,1,0.9879518072289156,0.16161616161616163,5,7,4,4.0,4
griddly,mcts_small,50,10,1.4142135623730951,medium,baseline,light,many,open,low,many,low,4,2,enemy_profile,light,120,11,1,12,ofat_real,ofat:factor=enemy_profile:value=light:size=medium:map_type=baseline:enemy_profile=light:item_profile=many:wall_profile=open:player_hp=4:enemy_hp=2:agent=mcts_small,1,18,2,2,0,13,11,1,7,0.09,1,0.9891304347826086,0.0707070707070707,2,2,7,7.0,7
griddly,mcts_small,50,10,1.4142135623730951,medium,baseline,light,many,open,low,many,low,4,2,enemy_profile,light,120,11,2,13,ofat_real,ofat:factor=enemy_profile:value=light:size=medium:map_type=baseline:enemy_profile=light:item_profile=many:wall_profile=open:player_hp=4:enemy_hp=2:agent=mcts_small,1,17,2,2,0,13,11,1,8,0.09,1,0.989010989010989,0.08080808080808081,2,2,9,9.0,9
griddly,mcts_small,50,10,1.4142135623730951,medium,baseline,light,many,open,low,many,low,4,2,enemy_profile,light,120,11,3,14,ofat_real,ofat:factor=enemy_profile:value=light:size=medium:map_type=baseline:enemy_profile=light:item_profile=many:wall_profile=open:player_hp=4:enemy_hp=2:agent=mcts_small,1,7,2,2,0,13,11,1,6,0.09,1,0.989247311827957,0.06060606060606061,0,0,3,3.0,3
griddly,mcts_small,50,10,1.4142135623730951,medium,baseline,light,many,open,low,many,low,4,2,enemy_profile,light,120,11,4,15,ofat_real,ofat:factor=enemy_profile:value=light:size=medium:map_type=baseline:enemy_profile=light:item_profile=many:wall_profile=open:player_hp=4:enemy_hp=2:agent=mcts_small,1,14,1,3,0,13,11,1,9,0.09,1,0.9888888888888889,0.09090909090909091,4,5,3,3.0,3
griddly,mcts_small,50,10,1.4142135623730951,medium,baseline,light,many,open,low,many,low,4,2,enemy_profile,light,120,11,5,16,ofat_real,ofat:factor=enemy_profile:value=light:size=medium:map_type=baseline:enemy_profile=light:item_profile=many:wall_profile=open:player_hp=4:enemy_hp=2:agent=mcts_small,1,18,2,2,0,13,11,1,10,0.09,1,0.9887640449438202,0.10101010101010101,5,10,9,9.0,9
griddly,mcts_small,50,10,1.4142135623730951,medium,baseline,light,many,open,low,many,low,4,2,enemy_profile,light,120,11,6,17,ofat_real,ofat:factor=enemy_profile:value=light:size=medium:map_type=baseline:enemy_profile=light:item_profile=many:wall_profile=open:player_hp=4:enemy_hp=2:agent=mcts_small,1,13,2,2,0,13,11,1,9,0.09,1,0.9888888888888889,0.09090909090909091,1,1,11,11.0,11
griddly,mcts_small,50,10,1.4142135623730951,medium,baseline,light,many,open,low,many,low,4,2,enemy_profile,light,120,11,7,18,ofat_real,ofat:factor=enemy_profile:value=light:size=medium:map_type=baseline:enemy_profile=light:item_profile=many:wall_profile=open:player_hp=4:enemy_hp=2:agent=mcts_small,1,15,2,2,0,13,11,1,7,0.09,1,0.9891304347826086,0.0707070707070707,0,0,8,8.0,8
griddly,mcts_small,50,10,1.4142135623730951,medium,baseline,light,many,open,low,many,low,4,2,enemy_profile,light,120,11,8,19,ofat_real,ofat:factor=enemy_profile:value=light:size=medium:map_type=baseline:enemy_profile=light:item_profile=many:wall_profile=open:player_hp=4:enemy_hp=2:agent=mcts_small,1,20,2,2,0,13,11,1,11,0.09,1,0.9772727272727273,0.1111111111111111,5,4,14,14.0,14
griddly,mcts_small,50,10,1.4142135623730951,medium,baseline,light,many,open,low,many,low,4,2,enemy_profile,light,120,11,9,20,ofat_real,ofat:factor=enemy_profile:value=light:size=medium:map_type=baseline:enemy_profile=light:item_profile=many:wall_profile=open:player_hp=4:enemy_hp=2:agent=mcts_small,1,16,3,1,0,13,11,1,11,0.09,1,0.9886363636363636,0.1111111111111111,2,2,6,6.0,6
griddly,mcts_small,50,10,1.4142135623730951,medium,baseline,light,many,open,low,many,low,4,2,enemy_profile,light,120,11,10,21,ofat_real,ofat:factor=enemy_profile:value=light:size=medium:map_type=baseline:enemy_profile=light:item_profile=many:wall_profile=open:player_hp=4:enemy_hp=2:agent=mcts_small,1,8,1,3,0,13,11,1,7,0.09,1,0.9891304347826086,0.0707070707070707,2,2,3,3.0,3
griddly,mcts_small,50,10,1.4142135623730951,medium,baseline,light,many,open,low,many,low,4,2,enemy_profile,light,120,11,11,22,ofat_real,ofat:factor=enemy_profile:value=light:size=medium:map_type=baseline:enemy_profile=light:item_profile=many:wall_profile=open:player_hp=4:enemy_hp=2:agent=mcts_small,1,11,2,2,0,13,11,1,9,0.09,1,0.9888888888888889,0.09090909090909091,3,7,2,2.0,2
griddly,mcts_small,50,10,1.4142135623730951,medium,baseline,light,many,open,low,many,low,4,2,enemy_profile,light,120,11,12,23,ofat_real,ofat:factor=enemy_profile:value=light:size=medium:map_type=baseline:enemy_profile=light:item_profile=many:wall_profile=open:player_hp=4:enemy_hp=2:agent=mcts_small,1,13,1,3,0,13,11,1,5,0.09,1,0.9893617021276596,0.050505050505050504,1,1,5,5.0,5
griddly,mcts_small,50,10,1.4142135623730951,medium,baseline,light,many,open,low,many,low,4,2,enemy_profile,light,120,11,13,24,ofat_real,ofat:factor=enemy_profile:value=light:size=medium:map_type=baseline:enemy_profile=light:item_profile=many:wall_profile=open:player_hp=4:enemy_hp=2:agent=mcts_small,1,8,2,2,0,13,11,1,9,0.09,1,0.9888888888888889,0.09090909090909091,3,3,5,5.0,5
griddly,mcts_small,50,10,1.4142135623730951,medium,baseline,light,many,open,low,many,low,4,2,enemy_profile,light,120,11,14,25,ofat_real,ofat:factor=enemy_profile:value=light:size=medium:map_type=baseline:enemy_profile=light:item_profile=many:wall_profile=open:player_hp=4:enemy_hp=2:agent=mcts_small,1,15,1,3,0,13,11,1,14,0.09,1,0.9882352941176471,0.1414141414141414,0,3,6,6.0,6
griddly,mcts_small,50,10,1.4142135623730951,medium,baseline,light,many,open,low,many,low,4,2,enemy_profile,light,120,11,15,26,ofat_real,ofat:factor=enemy_profile:value=light:size=medium:map_type=baseline:enemy_profile=light:item_profile=many:wall_profile=open:player_hp=4:enemy_hp=2:agent=mcts_small,1,10,2,2,0,13,11,1,10,0.09,1,0.9887640449438202,0.10101010101010101,5,7,2,2.0,2
griddly,mcts_small,50,10,1.4142135623730951,medium,baseline,light,many,open,low,many,low,4,2,enemy_profile,light,120,11,16,27,ofat_real,ofat:factor=enemy_profile:value=light:size=medium:map_type=baseline:enemy_profile=light:item_profile=many:wall_profile=open:player_hp=4:enemy_hp=2:agent=mcts_small,1,22,2,2,0,13,11,1,13,0.09,1,0.9883720930232558,0.13131313131313133,2,2,6,6.0,6
griddly,mcts_small,50,10,1.4142135623730951,medium,baseline,light,many,open,low,many,low,4,2,enemy_profile,light,120,11,17,28,ofat_real,ofat:factor=enemy_profile:value=light:size=medium:map_type=baseline:enemy_profile=light:item_profile=many:wall_profile=open:player_hp=4:enemy_hp=2:agent=mcts_small,1,18,2,2,0,13,11,1,13,0.09,1,0.9883720930232558,0.13131313131313133,4,8,8,8.0,8
griddly,mcts_small,50,10,1.4142135623730951,medium,baseline,light,many,open,low,many,low,4,2,enemy_profile,light,120,11,18,29,ofat_real,ofat:factor=enemy_profile:value=light:size=medium:map_type=baseline:enemy_profile=light:item_profile=many:wall_profile=open:player_hp=4:enemy_hp=2:agent=mcts_small,1,14,1,3,0,13,11,1,10,0.09,1,0.9887640449438202,0.10101010101010101,0,0,8,8.0,8
griddly,mcts_small,50,10,1.4142135623730951,medium,baseline,light,many,open,low,many,low,4,2,enemy_profile,light,120,11,19,30,ofat_real,ofat:factor=enemy_profile:value=light:size=medium:map_type=baseline:enemy_profile=light:item_profile=many:wall_profile=open:player_hp=4:enemy_hp=2:agent=mcts_small,1,9,0,4,0,13,11,1,7,0.09,1,0.9891304347826086,0.0707070707070707,1,1,4,4.0,4
griddly,mcts_small,50,10,1.4142135623730951,medium,baseline,light,many,open,low,many,low,4,2,enemy_profile,light,120,11,20,31,ofat_real,ofat:factor=enemy_profile:value=light:size=medium:map_type=baseline:enemy_profile=light:item_profile=many:wall_profile=open:player_hp=4:enemy_hp=2:agent=mcts_small,1,18,2,2,0,13,11,1,6,0.09,1,0.989247311827957,0.06060606060606061,1,1,4,4.0,4
griddly,mcts_small,50,10,1.4142135623730951,medium,baseline,light,many,open,low,many,low,4,2,enemy_profile,light,120,11,21,32,ofat_real,ofat:factor=enemy_profile:value=light:size=medium:map_type=baseline:enemy_profile=light:item_profile=many:wall_profile=open:player_hp=4:enemy_hp=2:agent=mcts_small,1,12,1,3,0,13,11,1,13,0.09,1,0.9883720930232558,0.13131313131313133,1,1,8,8.0,8
griddly,mcts_small,50,10,1.4142135623730951,medium,baseline,light,many,open,low,many,low,4,2,enemy_profile,light,120,11,22,33,ofat_real,ofat:factor=enemy_profile:value=light:size=medium:map_type=baseline:enemy_profile=light:item_profile=many:wall_profile=open:player_hp=4:enemy_hp=2:agent=mcts_small,1,14,2,2,0,13,11,1,11,0.09,1,0.9886363636363636,0.1111111111111111,2,2,5,5.0,5
griddly,mcts_small,50,10,1.4142135623730951,medium,baseline,light,many,open,low,many,low,4,2,enemy_profile,light,120,11,23,34,ofat_real,ofat:factor=enemy_profile:value=light:size=medium:map_type=baseline:enemy_profile=light:item_profile=many:wall_profile=open:player_hp=4:enemy_hp=2:agent=mcts_small,1,9,2,2,0,13,11,1,7,0.09,1,0.9891304347826086,0.0707070707070707,3,3,4,4.0,4
griddly,mcts_small,50,10,1.4142135623730951,medium,baseline,light,many,open,low,many,low,4,2,enemy_profile,light,120,11,24,35,ofat_real,ofat:factor=enemy_profile:value=light:size=medium:map_type=baseline:enemy_profile=light:item_profile=many:wall_profile=open:player_hp=4:enemy_hp=2:agent=mcts_small,1,10,1,3,0,13,11,1,8,0.09,1,0.9560439560439561,0.08080808080808081,1,3,2,2.0,2
griddly,mcts_small,50,10,1.4142135623730951,medium,baseline,light,many,open,low,many,low,4,2,enemy_profile,light,120,11,25,36,ofat_real,ofat:factor=enemy_profile:value=light:size=medium:map_type=baseline:enemy_profile=light:item_profile=many:wall_profile=open:player_hp=4:enemy_hp=2:agent=mcts_small,1,15,1,3,0,13,11,1,13,0.09,1,0.9883720930232558,0.13131313131313133,1,1,5,5.0,5
griddly,mcts_small,50,10,1.4142135623730951,medium,baseline,light,many,open,low,many,low,4,2,enemy_profile,light,120,11,26,37,ofat_real,ofat:factor=enemy_profile:value=light:size=medium:map_type=baseline:enemy_profile=light:item_profile=many:wall_profile=open:player_hp=4:enemy_hp=2:agent=mcts_small,1,14,2,2,0,13,11,1,15,0.09,1,0.9761904761904762,0.15151515151515152,2,2,11,11.0,11
griddly,mcts_small,50,10,1.4142135623730951,medium,baseline,light,many,open,low,many,low,4,2,enemy_profile,light,120,11,27,38,ofat_real,ofat:factor=enemy_profile:value=light:size=medium:map_type=baseline:enemy_profile=light:item_profile=many:wall_profile=open:player_hp=4:enemy_hp=2:agent=mcts_small,1,13,2,2,0,13,11,1,5,0.09,1,0.9893617021276596,0.050505050505050504,1,1,6,6.0,6
griddly,mcts_small,50,10,1.4142135623730951,medium,baseline,light,many,open,low,many,low,4,2,enemy_profile,light,120,11,28,39,ofat_real,ofat:factor=enemy_profile:value=light:size=medium:map_type=baseline:enemy_profile=light:item_profile=many:wall_profile=open:player_hp=4:enemy_hp=2:agent=mcts_small,1,11,2,2,0,13,11,1,12,0.09,1,0.9885057471264368,0.12121212121212122,2,2,7,7.0,7
griddly,mcts_small,50,10,1.4142135623730951,medium,baseline,light,many,open,low,many,low,4,2,enemy_profile,light,120,11,29,40,ofat_real,ofat:factor=enemy_profile:value=light:size=medium:map_type=baseline:enemy_profile=light:item_profile=many:wall_profile=open:player_hp=4:enemy_hp=2:agent=mcts_small,1,24,2,2,0,13,11,1,9,0.09,1,0.9888888888888889,0.09090909090909091,1,1,9,9.0,9
griddly,mcts_medium,200,30,1.4142135623730951,medium,baseline,light,many,open,low,many,low,4,2,enemy_profile,light,120,11,0,11,ofat_real,ofat:factor=enemy_profile:value=light:size=medium:map_type=baseline:enemy_profile=light:item_profile=many:wall_profile=open:player_hp=4:enemy_hp=2:agent=mcts_medium,1,10,2,2,0,13,11,1,16,0.09,1,0.9879518072289156,0.16161616161616163,5,7,4,4.0,4
griddly,mcts_medium,200,30,1.4142135623730951,medium,baseline,light,many,open,low,many,low,4,2,enemy_profile,light,120,11,1,12,ofat_real,ofat:factor=enemy_profile:value=light:size=medium:map_type=baseline:enemy_profile=light:item_profile=many:wall_profile=open:player_hp=4:enemy_hp=2:agent=mcts_medium,1,16,1,3,0,13,11,1,7,0.09,1,0.9891304347826086,0.0707070707070707,2,2,7,7.0,7
griddly,mcts_medium,200,30,1.4142135623730951,medium,baseline,light,many,open,low,many,low,4,2,enemy_profile,light,120,11,2,13,ofat_real,ofat:factor=enemy_profile:value=light:size=medium:map_type=baseline:enemy_profile=light:item_profile=many:wall_profile=open:player_hp=4:enemy_hp=2:agent=mcts_medium,1,12,2,2,0,13,11,1,8,0.09,1,0.989010989010989,0.08080808080808081,2,2,9,9.0,9
griddly,mcts_medium,200,30,1.4142135623730951,medium,baseline,light,many,open,low,many,low,4,2,enemy_profile,light,120,11,3,14,ofat_real,ofat:factor=enemy_profile:value=light:size=medium:map_type=baseline:enemy_profile=light:item_profile=many:wall_profile=open:player_hp=4:enemy_hp=2:agent=mcts_medium,1,7,2,2,0,13,11,1,6,0.09,1,0.989247311827957,0.06060606060606061,0,0,3,3.0,3
griddly,mcts_medium,200,30,1.4142135623730951,medium,baseline,light,many,open,low,many,low,4,2,enemy_profile,light,120,11,4,15,ofat_real,ofat:factor=enemy_profile:value=light:size=medium:map_type=baseline:enemy_profile=light:item_profile=many:wall_profile=open:player_hp=4:enemy_hp=2:agent=mcts_medium,1,8,2,2,0,13,11,1,9,0.09,1,0.9888888888888889,0.09090909090909091,4,5,3,3.0,3
griddly,mcts_medium,200,30,1.4142135623730951,medium,baseline,light,many,open,low,many,low,4,2,enemy_profile,light,120,11,5,16,ofat_real,ofat:factor=enemy_profile:value=light:size=medium:map_type=baseline:enemy_profile=light:item_profile=many:wall_profile=open:player_hp=4:enemy_hp=2:agent=mcts_medium,1,17,1,3,0,13,11,1,10,0.09,1,0.9887640449438202,0.10101010101010101,5,10,9,9.0,9
griddly,mcts_medium,200,30,1.4142135623730951,medium,baseline,light,many,open,low,many,low,4,2,enemy_profile,light,120,11,6,17,ofat_real,ofat:factor=enemy_profile:value=light:size=medium:map_type=baseline:enemy_profile=light:item_profile=many:wall_profile=open:player_hp=4:enemy_hp=2:agent=mcts_medium,1,21,1,3,0,13,11,1,9,0.09,1,0.9888888888888889,0.09090909090909091,1,1,11,11.0,11
griddly,mcts_medium,200,30,1.4142135623730951,medium,baseline,light,many,open,low,many,low,4,2,enemy_profile,light,120,11,7,18,ofat_real,ofat:factor=enemy_profile:value=light:size=medium:map_type=baseline:enemy_profile=light:item_profile=many:wall_profile=open:player_hp=4:enemy_hp=2:agent=mcts_medium,1,13,1,3,0,13,11,1,7,0.09,1,0.9891304347826086,0.0707070707070707,0,0,8,8.0,8
griddly,mcts_medium,200,30,1.4142135623730951,medium,baseline,light,many,open,low,many,low,4,2,enemy_profile,light,120,11,8,19,ofat_real,ofat:factor=enemy_profile:value=light:size=medium:map_type=baseline:enemy_profile=light:item_profile=many:wall_profile=open:player_hp=4:enemy_hp=2:agent=mcts_medium,1,17,1,3,0,13,11,1,11,0.09,1,0.9772727272727273,0.1111111111111111,5,4,14,14.0,14
griddly,mcts_medium,200,30,1.4142135623730951,medium,baseline,light,many,open,low,many,low,4,2,enemy_profile,light,120,11,9,20,ofat_real,ofat:factor=enemy_profile:value=light:size=medium:map_type=baseline:enemy_profile=light:item_profile=many:wall_profile=open:player_hp=4:enemy_hp=2:agent=mcts_medium,1,16,1,3,0,13,11,1,11,0.09,1,0.9886363636363636,0.1111111111111111,2,2,6,6.0,6
griddly,mcts_medium,200,30,1.4142135623730951,medium,baseline,light,many,open,low,many,low,4,2,enemy_profile,light,120,11,10,21,ofat_real,ofat:factor=enemy_profile:value=light:size=medium:map_type=baseline:enemy_profile=light:item_profile=many:wall_profile=open:player_hp=4:enemy_hp=2:agent=mcts_medium,1,6,1,3,0,13,11,1,7,0.09,1,0.9891304347826086,0.0707070707070707,2,2,3,3.0,3
griddly,mcts_medium,200,30,1.4142135623730951,medium,baseline,light,many,open,low,many,low,4,2,enemy_profile,light,120,11,11,22,ofat_real,ofat:factor=enemy_profile:value=light:size=medium:map_type=baseline:enemy_profile=light:item_profile=many:wall_profile=open:player_hp=4:enemy_hp=2:agent=mcts_medium,1,5,2,2,0,13,11,1,9,0.09,1,0.9888888888888889,0.09090909090909091,3,7,2,2.0,2
griddly,mcts_medium,200,30,1.4142135623730951,medium,baseline,light,many,open,low,many,low,4,2,enemy_profile,light,120,11,12,23,ofat_real,ofat:factor=enemy_profile:value=light:size=medium:map_type=baseline:enemy_profile=light:item_profile=many:wall_profile=open:player_hp=4:enemy_hp=2:agent=mcts_medium,1,16,1,3,0,13,11,1,5,0.09,1,0.9893617021276596,0.050505050505050504,1,1,5,5.0,5
griddly,mcts_medium,200,30,1.4142135623730951,medium,baseline,light,many,open,low,many,low,4,2,enemy_profile,light,120,11,13,24,ofat_real,ofat:factor=enemy_profile:value=light:size=medium:map_type=baseline:enemy_profile=light:item_profile=many:wall_profile=open:player_hp=4:enemy_hp=2:agent=mcts_medium,1,10,2,2,0,13,11,1,9,0.09,1,0.9888888888888889,0.09090909090909091,3,3,5,5.0,5
griddly,mcts_medium,200,30,1.4142135623730951,medium,baseline,light,many,open,low,many,low,4,2,enemy_profile,light,120,11,14,25,ofat_real,ofat:factor=enemy_profile:value=light:size=medium:map_type=baseline:enemy_profile=light:item_profile=many:wall_profile=open:player_hp=4:enemy_hp=2:agent=mcts_medium,1,8,1,3,0,13,11,1,14,0.09,1,0.9882352941176471,0.1414141414141414,0,3,6,6.0,6
griddly,mcts_medium,200,30,1.4142135623730951,medium,baseline,light,many,open,low,many,low,4,2,enemy_profile,light,120,11,15,26,ofat_real,ofat:factor=enemy_profile:value=light:size=medium:map_type=baseline:enemy_profile=light:item_profile=many:wall_profile=open:player_hp=4:enemy_hp=2:agent=mcts_medium,1,13,2,2,0,13,11,1,10,0.09,1,0.9887640449438202,0.10101010101010101,5,7,2,2.0,2
griddly,mcts_medium,200,30,1.4142135623730951,medium,baseline,light,many,open,low,many,low,4,2,enemy_profile,light,120,11,16,27,ofat_real,ofat:factor=enemy_profile:value=light:size=medium:map_type=baseline:enemy_profile=light:item_profile=many:wall_profile=open:player_hp=4:enemy_hp=2:agent=mcts_medium,1,13,1,3,0,13,11,1,13,0.09,1,0.9883720930232558,0.13131313131313133,2,2,6,6.0,6
griddly,mcts_medium,200,30,1.4142135623730951,medium,baseline,light,many,open,low,many,low,4,2,enemy_profile,light,120,11,17,28,ofat_real,ofat:factor=enemy_profile:value=light:size=medium:map_type=baseline:enemy_profile=light:item_profile=many:wall_profile=open:player_hp=4:enemy_hp=2:agent=mcts_medium,1,15,1,3,0,13,11,1,13,0.09,1,0.9883720930232558,0.13131313131313133,4,8,8,8.0,8
griddly,mcts_medium,200,30,1.4142135623730951,medium,baseline,light,many,open,low,many,low,4,2,enemy_profile,light,120,11,18,29,ofat_real,ofat:factor=enemy_profile:value=light:size=medium:map_type=baseline:enemy_profile=light:item_profile=many:wall_profile=open:player_hp=4:enemy_hp=2:agent=mcts_medium,1,15,1,3,0,13,11,1,10,0.09,1,0.9887640449438202,0.10101010101010101,0,0,8,8.0,8
griddly,mcts_medium,200,30,1.4142135623730951,medium,baseline,light,many,open,low,many,low,4,2,enemy_profile,light,120,11,19,30,ofat_real,ofat:factor=enemy_profile:value=light:size=medium:map_type=baseline:enemy_profile=light:item_profile=many:wall_profile=open:player_hp=4:enemy_hp=2:agent=mcts_medium,1,7,2,2,0,13,11,1,7,0.09,1,0.9891304347826086,0.0707070707070707,1,1,4,4.0,4
griddly,mcts_medium,200,30,1.4142135623730951,medium,baseline,light,many,open,low,many,low,4,2,enemy_profile,light,120,11,20,31,ofat_real,ofat:factor=enemy_profile:value=light:size=medium:map_type=baseline:enemy_profile=light:item_profile=many:wall_profile=open:player_hp=4:enemy_hp=2:agent=mcts_medium,1,6,0,4,0,13,11,1,6,0.09,1,0.989247311827957,0.06060606060606061,1,1,4,4.0,4
griddly,mcts_medium,200,30,1.4142135623730951,medium,baseline,light,many,open,low,many,low,4,2,enemy_profile,light,120,11,21,32,ofat_real,ofat:factor=enemy_profile:value=light:size=medium:map_type=baseline:enemy_profile=light:item_profile=many:wall_profile=open:player_hp=4:enemy_hp=2:agent=mcts_medium,1,14,1,3,0,13,11,1,13,0.09,1,0.9883720930232558,0.13131313131313133,1,1,8,8.0,8
griddly,mcts_medium,200,30,1.4142135623730951,medium,baseline,light,many,open,low,many,low,4,2,enemy_profile,light,120,11,22,33,ofat_real,ofat:factor=enemy_profile:value=light:size=medium:map_type=baseline:enemy_profile=light:item_profile=many:wall_profile=open:player_hp=4:enemy_hp=2:agent=mcts_medium,1,11,0,4,0,13,11,1,11,0.09,1,0.9886363636363636,0.1111111111111111,2,2,5,5.0,5
griddly,mcts_medium,200,30,1.4142135623730951,medium,baseline,light,many,open,low,many,low,4,2,enemy_profile,light,120,11,23,34,ofat_real,ofat:factor=enemy_profile:value=light:size=medium:map_type=baseline:enemy_profile=light:item_profile=many:wall_profile=open:player_hp=4:enemy_hp=2:agent=mcts_medium,1,9,1,3,0,13,11,1,7,0.09,1,0.9891304347826086,0.0707070707070707,3,3,4,4.0,4
griddly,mcts_medium,200,30,1.4142135623730951,medium,baseline,light,many,open,low,many,low,4,2,enemy_profile,light,120,11,24,35,ofat_real,ofat:factor=enemy_profile:value=light:size=medium:map_type=baseline:enemy_profile=light:item_profile=many:wall_profile=open:player_hp=4:enemy_hp=2:agent=mcts_medium,1,12,1,3,0,13,11,1,8,0.09,1,0.9560439560439561,0.08080808080808081,1,3,2,2.0,2
griddly,mcts_medium,200,30,1.4142135623730951,medium,baseline,light,many,open,low,many,low,4,2,enemy_profile,light,120,11,25,36,ofat_real,ofat:factor=enemy_profile:value=light:size=medium:map_type=baseline:enemy_profile=light:item_profile=many:wall_profile=open:player_hp=4:enemy_hp=2:agent=mcts_medium,1,8,0,4,0,13,11,1,13,0.09,1,0.9883720930232558,0.13131313131313133,1,1,5,5.0,5
griddly,mcts_medium,200,30,1.4142135623730951,medium,baseline,light,many,open,low,many,low,4,2,enemy_profile,light,120,11,26,37,ofat_real,ofat:factor=enemy_profile:value=light:size=medium:map_type=baseline:enemy_profile=light:item_profile=many:wall_profile=open:player_hp=4:enemy_hp=2:agent=mcts_medium,1,12,1,3,0,13,11,1,15,0.09,1,0.9761904761904762,0.15151515151515152,2,2,11,11.0,11
griddly,mcts_medium,200,30,1.4142135623730951,medium,baseline,light,many,open,low,many,low,4,2,enemy_profile,light,120,11,27,38,ofat_real,ofat:factor=enemy_profile:value=light:size=medium:map_type=baseline:enemy_profile=light:item_profile=many:wall_profile=open:player_hp=4:enemy_hp=2:agent=mcts_medium,1,11,1,3,0,13,11,1,5,0.09,1,0.9893617021276596,0.050505050505050504,1,1,6,6.0,6
griddly,mcts_medium,200,30,1.4142135623730951,medium,baseline,light,many,open,low,many,low,4,2,enemy_profile,light,120,11,28,39,ofat_real,ofat:factor=enemy_profile:value=light:size=medium:map_type=baseline:enemy_profile=light:item_profile=many:wall_profile=open:player_hp=4:enemy_hp=2:agent=mcts_medium,1,16,1,3,0,13,11,1,12,0.09,1,0.9885057471264368,0.12121212121212122,2,2,7,7.0,7
griddly,mcts_medium,200,30,1.4142135623730951,medium,baseline,light,many,open,low,many,low,4,2,enemy_profile,light,120,11,29,40,ofat_real,ofat:factor=enemy_profile:value=light:size=medium:map_type=baseline:enemy_profile=light:item_profile=many:wall_profile=open:player_hp=4:enemy_hp=2:agent=mcts_medium,1,18,2,2,0,13,11,1,9,0.09,1,0.9888888888888889,0.09090909090909091,1,1,9,9.0,9
griddly,random,,,,medium,baseline,normal,many,open,default,many,low,4,2,enemy_profile,normal,120,11,0,11,ofat_real,ofat:factor=enemy_profile:value=normal:size=medium:map_type=baseline:enemy_profile=normal:item_profile=many:wall_profile=open:player_hp=4:enemy_hp=2:agent=random,0,11,4,0,2,13,11,2,16,0.09,1,0.9759036144578314,0.16161616161616163,8,10,4,4.0,4
griddly,random,,,,medium,baseline,normal,many,open,default,many,low,4,2,enemy_profile,normal,120,11,1,12,ofat_real,ofat:factor=enemy_profile:value=normal:size=medium:map_type=baseline:enemy_profile=normal:item_profile=many:wall_profile=open:player_hp=4:enemy_hp=2:agent=random,0,9,4,0,2,13,11,2,7,0.09,1,0.9782608695652174,0.0707070707070707,2,2,5,6.0,7
griddly,random,,,,medium,baseline,normal,many,open,default,many,low,4,2,enemy_profile,normal,120,11,2,13,ofat_real,ofat:factor=enemy_profile:value=normal:size=medium:map_type=baseline:enemy_profile=normal:item_profile=many:wall_profile=open:player_hp=4:enemy_hp=2:agent=random,0,17,4,0,1,13,11,2,8,0.09,1,0.978021978021978,0.08080808080808081,3,3,5,7.0,9
griddly,random,,,,medium,baseline,normal,many,open,default,many,low,4,2,enemy_profile,normal,120,11,3,14,ofat_real,ofat:factor=enemy_profile:value=normal:size=medium:map_type=baseline:enemy_profile=normal:item_profile=many:wall_profile=open:player_hp=4:enemy_hp=2:agent=random,0,12,4,0,2,13,11,2,6,0.09,1,0.978494623655914,0.06060606060606061,0,0,3,7.5,12
griddly,random,,,,medium,baseline,normal,many,open,default,many,low,4,2,enemy_profile,normal,120,11,4,15,ofat_real,ofat:factor=enemy_profile:value=normal:size=medium:map_type=baseline:enemy_profile=normal:item_profile=many:wall_profile=open:player_hp=4:enemy_hp=2:agent=random,0,25,4,0,1,13,11,2,9,0.09,1,0.9777777777777777,0.09090909090909091,2,3,3,4.0,5
griddly,random,,,,medium,baseline,normal,many,open,default,many,low,4,2,enemy_profile,normal,120,11,5,16,ofat_real,ofat:factor=enemy_profile:value=normal:size=medium:map_type=baseline:enemy_profile=normal:item_profile=many:wall_profile=open:player_hp=4:enemy_hp=2:agent=random,0,20,4,0,1,13,11,2,10,0.09,1,0.9775280898876404,0.10101010101010101,6,11,9,9.5,10
griddly,random,,,,medium,baseline,normal,many,open,default,many,low,4,2,enemy_profile,normal,120,11,6,17,ofat_real,ofat:factor=enemy_profile:value=normal:size=medium:map_type=baseline:enemy_profile=normal:item_profile=many:wall_profile=open:player_hp=4:enemy_hp=2:agent=random,0,15,4,0,2,13,11,2,8,0.09,1,0.978021978021978,0.08080808080808081,1,1,6,8.5,11
griddly,random,,,,medium,baseline,normal,many,open,default,many,low,4,2,enemy_profile,normal,120,11,7,18,ofat_real,ofat:factor=enemy_profile:value=normal:size=medium:map_type=baseline:enemy_profile=normal:item_profile=many:wall_profile=open:player_hp=4:enemy_hp=2:agent=random,0,10,4,0,2,13,11,2,7,0.09,1,0.9782608695652174,0.0707070707070707,1,1,8,8.0,8
griddly,random,,,,medium,baseline,normal,many,open,default,many,low,4,2,enemy_profile,normal,120,11,8,19,ofat_real,ofat:factor=enemy_profile:value=normal:size=medium:map_type=baseline:enemy_profile=normal:item_profile=many:wall_profile=open:player_hp=4:enemy_hp=2:agent=random,0,14,4,0,1,13,11,2,11,0.09,1,0.9772727272727273,0.1111111111111111,4,6,5,9.5,14
griddly,random,,,,medium,baseline,normal,many,open,default,many,low,4,2,enemy_profile,normal,120,11,9,20,ofat_real,ofat:factor=enemy_profile:value=normal:size=medium:map_type=baseline:enemy_profile=normal:item_profile=many:wall_profile=open:player_hp=4:enemy_hp=2:agent=random,0,15,4,0,2,13,11,2,11,0.09,1,0.9772727272727273,0.1111111111111111,3,3,6,8.5,11
griddly,random,,,,medium,baseline,normal,many,open,default,many,low,4,2,enemy_profile,normal,120,11,10,21,ofat_real,ofat:factor=enemy_profile:value=normal:size=medium:map_type=baseline:enemy_profile=normal:item_profile=many:wall_profile=open:player_hp=4:enemy_hp=2:agent=random,0,9,4,0,2,13,11,2,7,0.09,1,0.9782608695652174,0.0707070707070707,2,2,3,6.0,9
griddly,random,,,,medium,baseline,normal,many,open,default,many,low,4,2,enemy_profile,normal,120,11,11,22,ofat_real,ofat:factor=enemy_profile:value=normal:size=medium:map_type=baseline:enemy_profile=normal:item_profile=many:wall_profile=open:player_hp=4:enemy_hp=2:agent=random,0,11,4,0,2,13,11,2,9,0.09,1,0.9777777777777777,0.09090909090909091,3,7,2,4.5,7
griddly,random,,,,medium,baseline,normal,many,open,default,many,low,4,2,enemy_profile,normal,120,11,12,23,ofat_real,ofat:factor=enemy_profile:value=normal:size=medium:map_type=baseline:enemy_profile=normal:item_profile=many:wall_profile=open:player_hp=4:enemy_hp=2:agent=random,0,14,4,0,2,13,11,2,5,0.09,1,0.9787234042553191,0.050505050505050504,2,4,5,5.5,6
griddly,random,,,,medium,baseline,normal,many,open,default,many,low,4,2,enemy_profile,normal,120,11,13,24,ofat_real,ofat:factor=enemy_profile:value=normal:size=medium:map_type=baseline:enemy_profile=normal:item_profile=many:wall_profile=open:player_hp=4:enemy_hp=2:agent=random,0,15,4,0,2,13,11,2,9,0.09,1,0.9777777777777777,0.09090909090909091,4,4,5,5.5,6
griddly,random,,,,medium,baseline,normal,many,open,default,many,low,4,2,enemy_profile,normal,120,11,14,25,ofat_real,ofat:factor=enemy_profile:value=normal:size=medium:map_type=baseline:enemy_profile=normal:item_profile=many:wall_profile=open:player_hp=4:enemy_hp=2:agent=random,0,19,4,0,1,13,11,2,14,0.09,1,0.9764705882352941,0.1414141414141414,0,0,6,7.0,8
griddly,random,,,,medium,baseline,normal,many,open,default,many,low,4,2,enemy_profile,normal,120,11,15,26,ofat_real,ofat:factor=enemy_profile:value=normal:size=medium:map_type=baseline:enemy_profile=normal:item_profile=many:wall_profile=open:player_hp=4:enemy_hp=2:agent=random,0,13,4,0,2,13,11,2,10,0.09,1,0.9775280898876404,0.10101010101010101,5,7,2,2.0,2
griddly,random,,,,medium,baseline,normal,many,open,default,many,low,4,2,enemy_profile,normal,120,11,16,27,ofat_real,ofat:factor=enemy_profile:value=normal:size=medium:map_type=baseline:enemy_profile=normal:item_profile=many:wall_profile=open:player_hp=4:enemy_hp=2:agent=random,0,16,4,0,1,13,11,2,13,0.09,1,0.9767441860465116,0.13131313131313133,3,5,3,4.5,6
griddly,random,,,,medium,baseline,normal,many,open,default,many,low,4,2,enemy_profile,normal,120,11,17,28,ofat_real,ofat:factor=enemy_profile:value=normal:size=medium:map_type=baseline:enemy_profile=normal:item_profile=many:wall_profile=open:player_hp=4:enemy_hp=2:agent=random,0,19,4,0,2,13,11,2,12,0.09,1,0.9770114942528736,0.12121212121212122,5,7,6,7.0,8
griddly,random,,,,medium,baseline,normal,many,open,default,many,low,4,2,enemy_profile,normal,120,11,18,29,ofat_real,ofat:factor=enemy_profile:value=normal:size=medium:map_type=baseline:enemy_profile=normal:item_profile=many:wall_profile=open:player_hp=4:enemy_hp=2:agent=random,0,19,4,0,2,13,11,2,10,0.09,1,0.9775280898876404,0.10101010101010101,1,1,8,8.0,8
griddly,random,,,,medium,baseline,normal,many,open,default,many,low,4,2,enemy_profile,normal,120,11,19,30,ofat_real,ofat:factor=enemy_profile:value=normal:size=medium:map_type=baseline:enemy_profile=normal:item_profile=many:wall_profile=open:player_hp=4:enemy_hp=2:agent=random,0,18,4,0,2,13,11,2,7,0.09,1,0.9782608695652174,0.0707070707070707,3,3,4,4.0,4
griddly,random,,,,medium,baseline,normal,many,open,default,many,low,4,2,enemy_profile,normal,120,11,20,31,ofat_real,ofat:factor=enemy_profile:value=normal:size=medium:map_type=baseline:enemy_profile=normal:item_profile=many:wall_profile=open:player_hp=4:enemy_hp=2:agent=random,0,17,4,0,2,13,11,2,6,0.09,1,0.978494623655914,0.06060606060606061,0,0,4,6.5,9
griddly,random,,,,medium,baseline,normal,many,open,default,many,low,4,2,enemy_profile,normal,120,11,21,32,ofat_real,ofat:factor=enemy_profile:value=normal:size=medium:map_type=baseline:enemy_profile=normal:item_profile=many:wall_profile=open:player_hp=4:enemy_hp=2:agent=random,0,12,4,0,1,13,11,2,12,0.09,1,0.9770114942528736,0.12121212121212122,1,1,4,6.0,8
griddly,random,,,,medium,baseline,normal,many,open,default,many,low,4,2,enemy_profile,normal,120,11,22,33,ofat_real,ofat:factor=enemy_profile:value=normal:size=medium:map_type=baseline:enemy_profile=normal:item_profile=many:wall_profile=open:player_hp=4:enemy_hp=2:agent=random,0,15,4,0,2,13,11,2,11,0.09,1,0.9772727272727273,0.1111111111111111,2,2,5,5.0,5
griddly,random,,,,medium,baseline,normal,many,open,default,many,low,4,2,enemy_profile,normal,120,11,23,34,ofat_real,ofat:factor=enemy_profile:value=normal:size=medium:map_type=baseline:enemy_profile=normal:item_profile=many:wall_profile=open:player_hp=4:enemy_hp=2:agent=random,0,10,4,0,2,13,11,2,7,0.09,1,0.9782608695652174,0.0707070707070707,1,1,4,4.5,5
griddly,random,,,,medium,baseline,normal,many,open,default,many,low,4,2,enemy_profile,normal,120,11,24,35,ofat_real,ofat:factor=enemy_profile:value=normal:size=medium:map_type=baseline:enemy_profile=normal:item_profile=many:wall_profile=open:player_hp=4:enemy_hp=2:agent=random,0,14,4,0,2,13,11,2,8,0.09,1,0.9560439560439561,0.08080808080808081,2,4,2,4.0,6
griddly,random,,,,medium,baseline,normal,many,open,default,many,low,4,2,enemy_profile,normal,120,11,25,36,ofat_real,ofat:factor=enemy_profile:value=normal:size=medium:map_type=baseline:enemy_profile=normal:item_profile=many:wall_profile=open:player_hp=4:enemy_hp=2:agent=random,0,11,4,0,2,13,11,2,13,0.09,1,0.9767441860465116,0.13131313131313133,1,2,4,4.5,5
griddly,random,,,,medium,baseline,normal,many,open,default,many,low,4,2,enemy_profile,normal,120,11,26,37,ofat_real,ofat:factor=enemy_profile:value=normal:size=medium:map_type=baseline:enemy_profile=normal:item_profile=many:wall_profile=open:player_hp=4:enemy_hp=2:agent=random,0,19,4,0,1,13,11,2,15,0.09,1,0.9761904761904762,0.15151515151515152,4,7,11,11.5,12
griddly,random,,,,medium,baseline,normal,many,open,default,many,low,4,2,enemy_profile,normal,120,11,27,38,ofat_real,ofat:factor=enemy_profile:value=normal:size=medium:map_type=baseline:enemy_profile=normal:item_profile=many:wall_profile=open:player_hp=4:enemy_hp=2:agent=random,0,13,4,0,2,13,11,2,5,0.09,1,0.9787234042553191,0.050505050505050504,1,1,5,5.5,6
griddly,random,,,,medium,baseline,normal,many,open,default,many,low,4,2,enemy_profile,normal,120,11,28,39,ofat_real,ofat:factor=enemy_profile:value=normal:size=medium:map_type=baseline:enemy_profile=normal:item_profile=many:wall_profile=open:player_hp=4:enemy_hp=2:agent=random,0,17,4,0,1,13,11,2,11,0.09,1,0.9772727272727273,0.1111111111111111,2,2,2,4.5,7
griddly,random,,,,medium,baseline,normal,many,open,default,many,low,4,2,enemy_profile,normal,120,11,29,40,ofat_real,ofat:factor=enemy_profile:value=normal:size=medium:map_type=baseline:enemy_profile=normal:item_profile=many:wall_profile=open:player_hp=4:enemy_hp=2:agent=random,0,19,4,0,2,13,11,2,9,0.09,1,0.9777777777777777,0.09090909090909091,2,2,5,7.0,9
griddly,heuristic,,,,medium,baseline,normal,many,open,default,many,low,4,2,enemy_profile,normal,120,11,0,11,ofat_real,ofat:factor=enemy_profile:value=normal:size=medium:map_type=baseline:enemy_profile=normal:item_profile=many:wall_profile=open:player_hp=4:enemy_hp=2:agent=heuristic,1,7,2,2,0,13,11,2,16,0.09,1,0.9759036144578314,0.16161616161616163,8,10,4,4.0,4
griddly,heuristic,,,,medium,baseline,normal,many,open,default,many,low,4,2,enemy_profile,normal,120,11,1,12,ofat_real,ofat:factor=enemy_profile:value=normal:size=medium:map_type=baseline:enemy_profile=normal:item_profile=many:wall_profile=open:player_hp=4:enemy_hp=2:agent=heuristic,1,8,2,2,0,13,11,2,7,0.09,1,0.9782608695652174,0.0707070707070707,2,2,5,6.0,7
griddly,heuristic,,,,medium,baseline,normal,many,open,default,many,low,4,2,enemy_profile,normal,120,11,2,13,ofat_real,ofat:factor=enemy_profile:value=normal:size=medium:map_type=baseline:enemy_profile=normal:item_profile=many:wall_profile=open:player_hp=4:enemy_hp=2:agent=heuristic,1,8,2,2,0,13,11,2,8,0.09,1,0.978021978021978,0.08080808080808081,3,3,5,7.0,9
griddly,heuristic,,,,medium,baseline,normal,many,open,default,many,low,4,2,enemy_profile,normal,120,11,3,14,ofat_real,ofat:factor=enemy_profile:value=normal:size=medium:map_type=baseline:enemy_profile=normal:item_profile=many:wall_profile=open:player_hp=4:enemy_hp=2:agent=heuristic,1,10,1,3,0,13,11,2,6,0.09,1,0.978494623655914,0.06060606060606061,0,0,3,7.5,12
griddly,heuristic,,,,medium,baseline,normal,many,open,default,many,low,4,2,enemy_profile,normal,120,11,4,15,ofat_real,ofat:factor=enemy_profile:value=normal:size=medium:map_type=baseline:enemy_profile=normal:item_profile=many:wall_profile=open:player_hp=4:enemy_hp=2:agent=heuristic,1,8,2,2,0,13,11,2,9,0.09,1,0.9777777777777777,0.09090909090909091,2,3,3,4.0,5
griddly,heuristic,,,,medium,baseline,normal,many,open,default,many,low,4,2,enemy_profile,normal,120,11,5,16,ofat_real,ofat:factor=enemy_profile:value=normal:size=medium:map_type=baseline:enemy_profile=normal:item_profile=many:wall_profile=open:player_hp=4:enemy_hp=2:agent=heuristic,0,8,4,0,1,13,11,2,10,0.09,1,0.9775280898876404,0.10101010101010101,6,11,9,9.5,10
griddly,heuristic,,,,medium,baseline,normal,many,open,default,many,low,4,2,enemy_profile,normal,120,11,6,17,ofat_real,ofat:factor=enemy_profile:value=normal:size=medium:map_type=baseline:enemy_profile=normal:item_profile=many:wall_profile=open:player_hp=4:enemy_hp=2:agent=heuristic,1,9,3,1,0,13,11,2,8,0.09,1,0.978021978021978,0.08080808080808081,1,1,6,8.5,11
griddly,heuristic,,,,medium,baseline,normal,many,open,default,many,low,4,2,enemy_profile,normal,120,11,7,18,ofat_real,ofat:factor=enemy_profile:value=normal:size=medium:map_type=baseline:enemy_profile=normal:item_profile=many:wall_profile=open:player_hp=4:enemy_hp=2:agent=heuristic,0,7,4,0,2,13,11,2,7,0.09,1,0.9782608695652174,0.0707070707070707,1,1,8,8.0,8
griddly,heuristic,,,,medium,baseline,normal,many,open,default,many,low,4,2,enemy_profile,normal,120,11,8,19,ofat_real,ofat:factor=enemy_profile:value=normal:size=medium:map_type=baseline:enemy_profile=normal:item_profile=many:wall_profile=open:player_hp=4:enemy_hp=2:agent=heuristic,1,10,2,2,0,13,11,2,11,0.09,1,0.9772727272727273,0.1111111111111111,4,6,5,9.5,14
griddly,heuristic,,,,medium,baseline,normal,many,open,default,many,low,4,2,enemy_profile,normal,120,11,9,20,ofat_real,ofat:factor=enemy_profile:value=normal:size=medium:map_type=baseline:enemy_profile=normal:item_profile=many:wall_profile=open:player_hp=4:enemy_hp=2:agent=heuristic,1,13,3,1,0,13,11,2,11,0.09,1,0.9772727272727273,0.1111111111111111,3,3,6,8.5,11
griddly,heuristic,,,,medium,baseline,normal,many,open,default,many,low,4,2,enemy_profile,normal,120,11,10,21,ofat_real,ofat:factor=enemy_profile:value=normal:size=medium:map_type=baseline:enemy_profile=normal:item_profile=many:wall_profile=open:player_hp=4:enemy_hp=2:agent=heuristic,1,8,0,4,0,13,11,2,7,0.09,1,0.9782608695652174,0.0707070707070707,2,2,3,6.0,9
griddly,heuristic,,,,medium,baseline,normal,many,open,default,many,low,4,2,enemy_profile,normal,120,11,11,22,ofat_real,ofat:factor=enemy_profile:value=normal:size=medium:map_type=baseline:enemy_profile=normal:item_profile=many:wall_profile=open:player_hp=4:enemy_hp=2:agent=heuristic,1,9,3,1,0,13,11,2,9,0.09,1,0.9777777777777777,0.09090909090909091,3,7,2,4.5,7
griddly,heuristic,,,,medium,baseline,normal,many,open,default,many,low,4,2,enemy_profile,normal,120,11,12,23,ofat_real,ofat:factor=enemy_profile:value=normal:size=medium:map_type=baseline:enemy_profile=normal:item_profile=many:wall_profile=open:player_hp=4:enemy_hp=2:agent=heuristic,1,9,3,1,0,13,11,2,5,0.09,1,0.9787234042553191,0.050505050505050504,2,4,5,5.5,6
griddly,heuristic,,,,medium,baseline,normal,many,open,default,many,low,4,2,enemy_profile,normal,120,11,13,24,ofat_real,ofat:factor=enemy_profile:value=normal:size=medium:map_type=baseline:enemy_profile=normal:item_profile=many:wall_profile=open:player_hp=4:enemy_hp=2:agent=heuristic,1,9,3,1,0,13,11,2,9,0.09,1,0.9777777777777777,0.09090909090909091,4,4,5,5.5,6
griddly,heuristic,,,,medium,baseline,normal,many,open,default,many,low,4,2,enemy_profile,normal,120,11,14,25,ofat_real,ofat:factor=enemy_profile:value=normal:size=medium:map_type=baseline:enemy_profile=normal:item_profile=many:wall_profile=open:player_hp=4:enemy_hp=2:agent=heuristic,1,8,3,1,0,13,11,2,14,0.09,1,0.9764705882352941,0.1414141414141414,0,0,6,7.0,8
griddly,heuristic,,,,medium,baseline,normal,many,open,default,many,low,4,2,enemy_profile,normal,120,11,15,26,ofat_real,ofat:factor=enemy_profile:value=normal:size=medium:map_type=baseline:enemy_profile=normal:item_profile=many:wall_profile=open:player_hp=4:enemy_hp=2:agent=heuristic,1,6,3,1,0,13,11,2,10,0.09,1,0.9775280898876404,0.10101010101010101,5,7,2,2.0,2
griddly,heuristic,,,,medium,baseline,normal,many,open,default,many,low,4,2,enemy_profile,normal,120,11,16,27,ofat_real,ofat:factor=enemy_profile:value=normal:size=medium:map_type=baseline:enemy_profile=normal:item_profile=many:wall_profile=open:player_hp=4:enemy_hp=2:agent=heuristic,1,8,2,2,0,13,11,2,13,0.09,1,0.9767441860465116,0.13131313131313133,3,5,3,4.5,6
griddly,heuristic,,,,medium,baseline,normal,many,open,default,many,low,4,2,enemy_profile,normal,120,11,17,28,ofat_real,ofat:factor=enemy_profile:value=normal:size=medium:map_type=baseline:enemy_profile=normal:item_profile=many:wall_profile=open:player_hp=4:enemy_hp=2:agent=heuristic,0,7,4,0,1,13,11,2,12,0.09,1,0.9770114942528736,0.12121212121212122,5,7,6,7.0,8
griddly,heuristic,,,,medium,baseline,normal,many,open,default,many,low,4,2,enemy_profile,normal,120,11,18,29,ofat_real,ofat:factor=enemy_profile:value=normal:size=medium:map_type=baseline:enemy_profile=normal:item_profile=many:wall_profile=open:player_hp=4:enemy_hp=2:agent=heuristic,1,10,3,1,0,13,11,2,10,0.09,1,0.9775280898876404,0.10101010101010101,1,1,8,8.0,8
griddly,heuristic,,,,medium,baseline,normal,many,open,default,many,low,4,2,enemy_profile,normal,120,11,19,30,ofat_real,ofat:factor=enemy_profile:value=normal:size=medium:map_type=baseline:enemy_profile=normal:item_profile=many:wall_profile=open:player_hp=4:enemy_hp=2:agent=heuristic,1,8,2,2,0,13,11,2,7,0.09,1,0.9782608695652174,0.0707070707070707,3,3,4,4.0,4
griddly,heuristic,,,,medium,baseline,normal,many,open,default,many,low,4,2,enemy_profile,normal,120,11,20,31,ofat_real,ofat:factor=enemy_profile:value=normal:size=medium:map_type=baseline:enemy_profile=normal:item_profile=many:wall_profile=open:player_hp=4:enemy_hp=2:agent=heuristic,1,8,3,1,0,13,11,2,6,0.09,1,0.978494623655914,0.06060606060606061,0,0,4,6.5,9
griddly,heuristic,,,,medium,baseline,normal,many,open,default,many,low,4,2,enemy_profile,normal,120,11,21,32,ofat_real,ofat:factor=enemy_profile:value=normal:size=medium:map_type=baseline:enemy_profile=normal:item_profile=many:wall_profile=open:player_hp=4:enemy_hp=2:agent=heuristic,1,8,3,1,0,13,11,2,12,0.09,1,0.9770114942528736,0.12121212121212122,1,1,4,6.0,8
griddly,heuristic,,,,medium,baseline,normal,many,open,default,many,low,4,2,enemy_profile,normal,120,11,22,33,ofat_real,ofat:factor=enemy_profile:value=normal:size=medium:map_type=baseline:enemy_profile=normal:item_profile=many:wall_profile=open:player_hp=4:enemy_hp=2:agent=heuristic,1,8,2,2,0,13,11,2,11,0.09,1,0.9772727272727273,0.1111111111111111,2,2,5,5.0,5
griddly,heuristic,,,,medium,baseline,normal,many,open,default,many,low,4,2,enemy_profile,normal,120,11,23,34,ofat_real,ofat:factor=enemy_profile:value=normal:size=medium:map_type=baseline:enemy_profile=normal:item_profile=many:wall_profile=open:player_hp=4:enemy_hp=2:agent=heuristic,1,9,3,1,0,13,11,2,7,0.09,1,0.9782608695652174,0.0707070707070707,1,1,4,4.5,5
griddly,heuristic,,,,medium,baseline,normal,many,open,default,many,low,4,2,enemy_profile,normal,120,11,24,35,ofat_real,ofat:factor=enemy_profile:value=normal:size=medium:map_type=baseline:enemy_profile=normal:item_profile=many:wall_profile=open:player_hp=4:enemy_hp=2:agent=heuristic,1,6,1,3,0,13,11,2,8,0.09,1,0.9560439560439561,0.08080808080808081,2,4,2,4.0,6
griddly,heuristic,,,,medium,baseline,normal,many,open,default,many,low,4,2,enemy_profile,normal,120,11,25,36,ofat_real,ofat:factor=enemy_profile:value=normal:size=medium:map_type=baseline:enemy_profile=normal:item_profile=many:wall_profile=open:player_hp=4:enemy_hp=2:agent=heuristic,0,5,4,0,1,13,11,2,13,0.09,1,0.9767441860465116,0.13131313131313133,1,2,4,4.5,5
griddly,heuristic,,,,medium,baseline,normal,many,open,default,many,low,4,2,enemy_profile,normal,120,11,26,37,ofat_real,ofat:factor=enemy_profile:value=normal:size=medium:map_type=baseline:enemy_profile=normal:item_profile=many:wall_profile=open:player_hp=4:enemy_hp=2:agent=heuristic,1,11,3,1,0,13,11,2,15,0.09,1,0.9761904761904762,0.15151515151515152,4,7,11,11.5,12
griddly,heuristic,,,,medium,baseline,normal,many,open,default,many,low,4,2,enemy_profile,normal,120,11,27,38,ofat_real,ofat:factor=enemy_profile:value=normal:size=medium:map_type=baseline:enemy_profile=normal:item_profile=many:wall_profile=open:player_hp=4:enemy_hp=2:agent=heuristic,1,9,3,1,0,13,11,2,5,0.09,1,0.9787234042553191,0.050505050505050504,1,1,5,5.5,6
griddly,heuristic,,,,medium,baseline,normal,many,open,default,many,low,4,2,enemy_profile,normal,120,11,28,39,ofat_real,ofat:factor=enemy_profile:value=normal:size=medium:map_type=baseline:enemy_profile=normal:item_profile=many:wall_profile=open:player_hp=4:enemy_hp=2:agent=heuristic,1,7,3,1,0,13,11,2,11,0.09,1,0.9772727272727273,0.1111111111111111,2,2,2,4.5,7
griddly,heuristic,,,,medium,baseline,normal,many,open,default,many,low,4,2,enemy_profile,normal,120,11,29,40,ofat_real,ofat:factor=enemy_profile:value=normal:size=medium:map_type=baseline:enemy_profile=normal:item_profile=many:wall_profile=open:player_hp=4:enemy_hp=2:agent=heuristic,1,8,2,2,0,13,11,2,9,0.09,1,0.9777777777777777,0.09090909090909091,2,2,5,7.0,9
griddly,mcts_small,50,10,1.4142135623730951,medium,baseline,normal,many,open,default,many,low,4,2,enemy_profile,normal,120,11,0,11,ofat_real,ofat:factor=enemy_profile:value=normal:size=medium:map_type=baseline:enemy_profile=normal:item_profile=many:wall_profile=open:player_hp=4:enemy_hp=2:agent=mcts_small,1,15,3,1,0,13,11,2,16,0.09,1,0.9759036144578314,0.16161616161616163,8,10,4,4.0,4
griddly,mcts_small,50,10,1.4142135623730951,medium,baseline,normal,many,open,default,many,low,4,2,enemy_profile,normal,120,11,1,12,ofat_real,ofat:factor=enemy_profile:value=normal:size=medium:map_type=baseline:enemy_profile=normal:item_profile=many:wall_profile=open:player_hp=4:enemy_hp=2:agent=mcts_small,1,18,2,2,0,13,11,2,7,0.09,1,0.9782608695652174,0.0707070707070707,2,2,5,6.0,7
griddly,mcts_small,50,10,1.4142135623730951,medium,baseline,normal,many,open,default,many,low,4,2,enemy_profile,normal,120,11,2,13,ofat_real,ofat:factor=enemy_profile:value=normal:size=medium:map_type=baseline:enemy_profile=normal:item_profile=many:wall_profile=open:player_hp=4:enemy_hp=2:agent=mcts_small,1,15,3,1,0,13,11,2,8,0.09,1,0.978021978021978,0.08080808080808081,3,3,5,7.0,9
griddly,mcts_small,50,10,1.4142135623730951,medium,baseline,normal,many,open,default,many,low,4,2,enemy_profile,normal,120,11,3,14,ofat_real,ofat:factor=enemy_profile:value=normal:size=medium:map_type=baseline:enemy_profile=normal:item_profile=many:wall_profile=open:player_hp=4:enemy_hp=2:agent=mcts_small,1,17,3,1,0,13,11,2,6,0.09,1,0.978494623655914,0.06060606060606061,0,0,3,7.5,12
griddly,mcts_small,50,10,1.4142135623730951,medium,baseline,normal,many,open,default,many,low,4,2,enemy_profile,normal,120,11,4,15,ofat_real,ofat:factor=enemy_profile:value=normal:size=medium:map_type=baseline:enemy_profile=normal:item_profile=many:wall_profile=open:player_hp=4:enemy_hp=2:agent=mcts_small,1,14,2,2,0,13,11,2,9,0.09,1,0.9777777777777777,0.09090909090909091,2,3,3,4.0,5
griddly,mcts_small,50,10,1.4142135623730951,medium,baseline,normal,many,open,default,many,low,4,2,enemy_profile,normal,120,11,5,16,ofat_real,ofat:factor=enemy_profile:value=normal:size=medium:map_type=baseline:enemy_profile=normal:item_profile=many:wall_profile=open:player_hp=4:enemy_hp=2:agent=mcts_small,1,8,0,4,0,13,11,2,10,0.09,1,0.9775280898876404,0.10101010101010101,6,11,9,9.5,10
griddly,mcts_small,50,10,1.4142135623730951,medium,baseline,normal,many,open,default,many,low,4,2,enemy_profile,normal,120,11,6,17,ofat_real,ofat:factor=enemy_profile:value=normal:size=medium:map_type=baseline:enemy_profile=normal:item_profile=many:wall_profile=open:player_hp=4:enemy_hp=2:agent=mcts_small,1,16,2,2,0,13,11,2,8,0.09,1,0.978021978021978,0.08080808080808081,1,1,6,8.5,11
griddly,mcts_small,50,10,1.4142135623730951,medium,baseline,normal,many,open,default,many,low,4,2,enemy_profile,normal,120,11,7,18,ofat_real,ofat:factor=enemy_profile:value=normal:size=medium:map_type=baseline:enemy_profile=normal:item_profile=many:wall_profile=open:player_hp=4:enemy_hp=2:agent=mcts_small,1,16,1,3,0,13,11,2,7,0.09,1,0.9782608695652174,0.0707070707070707,1,1,8,8.0,8
griddly,mcts_small,50,10,1.4142135623730951,medium,baseline,normal,many,open,default,many,low,4,2,enemy_profile,normal,120,11,8,19,ofat_real,ofat:factor=enemy_profile:value=normal:size=medium:map_type=baseline:enemy_profile=normal:item_profile=many:wall_profile=open:player_hp=4:enemy_hp=2:agent=mcts_small,1,15,3,1,0,13,11,2,11,0.09,1,0.9772727272727273,0.1111111111111111,4,6,5,9.5,14
griddly,mcts_small,50,10,1.4142135623730951,medium,baseline,normal,many,open,default,many,low,4,2,enemy_profile,normal,120,11,9,20,ofat_real,ofat:factor=enemy_profile:value=normal:size=medium:map_type=baseline:enemy_profile=normal:item_profile=many:wall_profile=open:player_hp=4:enemy_hp=2:agent=mcts_small,1,13,3,1,0,13,11,2,11,0.09,1,0.9772727272727273,0.1111111111111111,3,3,6,8.5,11
griddly,mcts_small,50,10,1.4142135623730951,medium,baseline,normal,many,open,default,many,low,4,2,enemy_profile,normal,120,11,10,21,ofat_real,ofat:factor=enemy_profile:value=normal:size=medium:map_type=baseline:enemy_profile=normal:item_profile=many:wall_profile=open:player_hp=4:enemy_hp=2:agent=mcts_small,1,13,3,1,0,13,11,2,7,0.09,1,0.9782608695652174,0.0707070707070707,2,2,3,6.0,9
griddly,mcts_small,50,10,1.4142135623730951,medium,baseline,normal,many,open,default,many,low,4,2,enemy_profile,normal,120,11,11,22,ofat_real,ofat:factor=enemy_profile:value=normal:size=medium:map_type=baseline:enemy_profile=normal:item_profile=many:wall_profile=open:player_hp=4:enemy_hp=2:agent=mcts_small,1,16,1,3,0,13,11,2,9,0.09,1,0.9777777777777777,0.09090909090909091,3,7,2,4.5,7
griddly,mcts_small,50,10,1.4142135623730951,medium,baseline,normal,many,open,default,many,low,4,2,enemy_profile,normal,120,11,12,23,ofat_real,ofat:factor=enemy_profile:value=normal:size=medium:map_type=baseline:enemy_profile=normal:item_profile=many:wall_profile=open:player_hp=4:enemy_hp=2:agent=mcts_small,1,12,3,1,0,13,11,2,5,0.09,1,0.9787234042553191,0.050505050505050504,2,4,5,5.5,6
griddly,mcts_small,50,10,1.4142135623730951,medium,baseline,normal,many,open,default,many,low,4,2,enemy_profile,normal,120,11,13,24,ofat_real,ofat:factor=enemy_profile:value=normal:size=medium:map_type=baseline:enemy_profile=normal:item_profile=many:wall_profile=open:player_hp=4:enemy_hp=2:agent=mcts_small,1,13,3,1,0,13,11,2,9,0.09,1,0.9777777777777777,0.09090909090909091,4,4,5,5.5,6
griddly,mcts_small,50,10,1.4142135623730951,medium,baseline,normal,many,open,default,many,low,4,2,enemy_profile,normal,120,11,14,25,ofat_real,ofat:factor=enemy_profile:value=normal:size=medium:map_type=baseline:enemy_profile=normal:item_profile=many:wall_profile=open:player_hp=4:enemy_hp=2:agent=mcts_small,1,24,3,1,0,13,11,2,14,0.09,1,0.9764705882352941,0.1414141414141414,0,0,6,7.0,8
griddly,mcts_small,50,10,1.4142135623730951,medium,baseline,normal,many,open,default,many,low,4,2,enemy_profile,normal,120,11,15,26,ofat_real,ofat:factor=enemy_profile:value=normal:size=medium:map_type=baseline:enemy_profile=normal:item_profile=many:wall_profile=open:player_hp=4:enemy_hp=2:agent=mcts_small,1,14,1,3,0,13,11,2,10,0.09,1,0.9775280898876404,0.10101010101010101,5,7,2,2.0,2
griddly,mcts_small,50,10,1.4142135623730951,medium,baseline,normal,many,open,default,many,low,4,2,enemy_profile,normal,120,11,16,27,ofat_real,ofat:factor=enemy_profile:value=normal:size=medium:map_type=baseline:enemy_profile=normal:item_profile=many:wall_profile=open:player_hp=4:enemy_hp=2:agent=mcts_small,1,11,3,1,0,13,11,2,13,0.09,1,0.9767441860465116,0.13131313131313133,3,5,3,4.5,6
griddly,mcts_small,50,10,1.4142135623730951,medium,baseline,normal,many,open,default,many,low,4,2,enemy_profile,normal,120,11,17,28,ofat_real,ofat:factor=enemy_profile:value=normal:size=medium:map_type=baseline:enemy_profile=normal:item_profile=many:wall_profile=open:player_hp=4:enemy_hp=2:agent=mcts_small,1,23,1,3,0,13,11,2,12,0.09,1,0.9770114942528736,0.12121212121212122,5,7,6,7.0,8
griddly,mcts_small,50,10,1.4142135623730951,medium,baseline,normal,many,open,default,many,low,4,2,enemy_profile,normal,120,11,18,29,ofat_real,ofat:factor=enemy_profile:value=normal:size=medium:map_type=baseline:enemy_profile=normal:item_profile=many:wall_profile=open:player_hp=4:enemy_hp=2:agent=mcts_small,1,23,3,1,0,13,11,2,10,0.09,1,0.9775280898876404,0.10101010101010101,1,1,8,8.0,8
griddly,mcts_small,50,10,1.4142135623730951,medium,baseline,normal,many,open,default,many,low,4,2,enemy_profile,normal,120,11,19,30,ofat_real,ofat:factor=enemy_profile:value=normal:size=medium:map_type=baseline:enemy_profile=normal:item_profile=many:wall_profile=open:player_hp=4:enemy_hp=2:agent=mcts_small,1,34,2,2,0,13,11,2,7,0.09,1,0.9782608695652174,0.0707070707070707,3,3,4,4.0,4
griddly,mcts_small,50,10,1.4142135623730951,medium,baseline,normal,many,open,default,many,low,4,2,enemy_profile,normal,120,11,20,31,ofat_real,ofat:factor=enemy_profile:value=normal:size=medium:map_type=baseline:enemy_profile=normal:item_profile=many:wall_profile=open:player_hp=4:enemy_hp=2:agent=mcts_small,1,13,2,2,0,13,11,2,6,0.09,1,0.978494623655914,0.06060606060606061,0,0,4,6.5,9
griddly,mcts_small,50,10,1.4142135623730951,medium,baseline,normal,many,open,default,many,low,4,2,enemy_profile,normal,120,11,21,32,ofat_real,ofat:factor=enemy_profile:value=normal:size=medium:map_type=baseline:enemy_profile=normal:item_profile=many:wall_profile=open:player_hp=4:enemy_hp=2:agent=mcts_small,1,12,3,1,0,13,11,2,12,0.09,1,0.9770114942528736,0.12121212121212122,1,1,4,6.0,8
griddly,mcts_small,50,10,1.4142135623730951,medium,baseline,normal,many,open,default,many,low,4,2,enemy_profile,normal,120,11,22,33,ofat_real,ofat:factor=enemy_profile:value=normal:size=medium:map_type=baseline:enemy_profile=normal:item_profile=many:wall_profile=open:player_hp=4:enemy_hp=2:agent=mcts_small,0,13,4,0,2,13,11,2,11,0.09,1,0.9772727272727273,0.1111111111111111,2,2,5,5.0,5
griddly,mcts_small,50,10,1.4142135623730951,medium,baseline,normal,many,open,default,many,low,4,2,enemy_profile,normal,120,11,23,34,ofat_real,ofat:factor=enemy_profile:value=normal:size=medium:map_type=baseline:enemy_profile=normal:item_profile=many:wall_profile=open:player_hp=4:enemy_hp=2:agent=mcts_small,1,10,1,3,0,13,11,2,7,0.09,1,0.9782608695652174,0.0707070707070707,1,1,4,4.5,5
griddly,mcts_small,50,10,1.4142135623730951,medium,baseline,normal,many,open,default,many,low,4,2,enemy_profile,normal,120,11,24,35,ofat_real,ofat:factor=enemy_profile:value=normal:size=medium:map_type=baseline:enemy_profile=normal:item_profile=many:wall_profile=open:player_hp=4:enemy_hp=2:agent=mcts_small,1,12,2,2,0,13,11,2,8,0.09,1,0.9560439560439561,0.08080808080808081,2,4,2,4.0,6
griddly,mcts_small,50,10,1.4142135623730951,medium,baseline,normal,many,open,default,many,low,4,2,enemy_profile,normal,120,11,25,36,ofat_real,ofat:factor=enemy_profile:value=normal:size=medium:map_type=baseline:enemy_profile=normal:item_profile=many:wall_profile=open:player_hp=4:enemy_hp=2:agent=mcts_small,1,18,2,2,0,13,11,2,13,0.09,1,0.9767441860465116,0.13131313131313133,1,2,4,4.5,5
griddly,mcts_small,50,10,1.4142135623730951,medium,baseline,normal,many,open,default,many,low,4,2,enemy_profile,normal,120,11,26,37,ofat_real,ofat:factor=enemy_profile:value=normal:size=medium:map_type=baseline:enemy_profile=normal:item_profile=many:wall_profile=open:player_hp=4:enemy_hp=2:agent=mcts_small,1,33,2,2,0,13,11,2,15,0.09,1,0.9761904761904762,0.15151515151515152,4,7,11,11.5,12
griddly,mcts_small,50,10,1.4142135623730951,medium,baseline,normal,many,open,default,many,low,4,2,enemy_profile,normal,120,11,27,38,ofat_real,ofat:factor=enemy_profile:value=normal:size=medium:map_type=baseline:enemy_profile=normal:item_profile=many:wall_profile=open:player_hp=4:enemy_hp=2:agent=mcts_small,1,11,3,1,0,13,11,2,5,0.09,1,0.9787234042553191,0.050505050505050504,1,1,5,5.5,6
griddly,mcts_small,50,10,1.4142135623730951,medium,baseline,normal,many,open,default,many,low,4,2,enemy_profile,normal,120,11,28,39,ofat_real,ofat:factor=enemy_profile:value=normal:size=medium:map_type=baseline:enemy_profile=normal:item_profile=many:wall_profile=open:player_hp=4:enemy_hp=2:agent=mcts_small,1,10,2,2,0,13,11,2,11,0.09,1,0.9772727272727273,0.1111111111111111,2,2,2,4.5,7
griddly,mcts_small,50,10,1.4142135623730951,medium,baseline,normal,many,open,default,many,low,4,2,enemy_profile,normal,120,11,29,40,ofat_real,ofat:factor=enemy_profile:value=normal:size=medium:map_type=baseline:enemy_profile=normal:item_profile=many:wall_profile=open:player_hp=4:enemy_hp=2:agent=mcts_small,1,16,3,1,0,13,11,2,9,0.09,1,0.9777777777777777,0.09090909090909091,2,2,5,7.0,9
griddly,mcts_medium,200,30,1.4142135623730951,medium,baseline,normal,many,open,default,many,low,4,2,enemy_profile,normal,120,11,0,11,ofat_real,ofat:factor=enemy_profile:value=normal:size=medium:map_type=baseline:enemy_profile=normal:item_profile=many:wall_profile=open:player_hp=4:enemy_hp=2:agent=mcts_medium,1,35,1,3,0,13,11,2,16,0.09,1,0.9759036144578314,0.16161616161616163,8,10,4,4.0,4
griddly,mcts_medium,200,30,1.4142135623730951,medium,baseline,normal,many,open,default,many,low,4,2,enemy_profile,normal,120,11,1,12,ofat_real,ofat:factor=enemy_profile:value=normal:size=medium:map_type=baseline:enemy_profile=normal:item_profile=many:wall_profile=open:player_hp=4:enemy_hp=2:agent=mcts_medium,1,17,3,1,0,13,11,2,7,0.09,1,0.9782608695652174,0.0707070707070707,2,2,5,6.0,7
griddly,mcts_medium,200,30,1.4142135623730951,medium,baseline,normal,many,open,default,many,low,4,2,enemy_profile,normal,120,11,2,13,ofat_real,ofat:factor=enemy_profile:value=normal:size=medium:map_type=baseline:enemy_profile=normal:item_profile=many:wall_profile=open:player_hp=4:enemy_hp=2:agent=mcts_medium,1,22,1,3,0,13,11,2,8,0.09,1,0.978021978021978,0.08080808080808081,3,3,5,7.0,9
griddly,mcts_medium,200,30,1.4142135623730951,medium,baseline,normal,many,open,default,many,low,4,2,enemy_profile,normal,120,11,3,14,ofat_real,ofat:factor=enemy_profile:value=normal:size=medium:map_type=baseline:enemy_profile=normal:item_profile=many:wall_profile=open:player_hp=4:enemy_hp=2:agent=mcts_medium,1,16,3,1,0,13,11,2,6,0.09,1,0.978494623655914,0.06060606060606061,0,0,3,7.5,12
griddly,mcts_medium,200,30,1.4142135623730951,medium,baseline,normal,many,open,default,many,low,4,2,enemy_profile,normal,120,11,4,15,ofat_real,ofat:factor=enemy_profile:value=normal:size=medium:map_type=baseline:enemy_profile=normal:item_profile=many:wall_profile=open:player_hp=4:enemy_hp=2:agent=mcts_medium,1,8,0,4,0,13,11,2,9,0.09,1,0.9777777777777777,0.09090909090909091,2,3,3,4.0,5
griddly,mcts_medium,200,30,1.4142135623730951,medium,baseline,normal,many,open,default,many,low,4,2,enemy_profile,normal,120,11,5,16,ofat_real,ofat:factor=enemy_profile:value=normal:size=medium:map_type=baseline:enemy_profile=normal:item_profile=many:wall_profile=open:player_hp=4:enemy_hp=2:agent=mcts_medium,1,26,1,3,0,13,11,2,10,0.09,1,0.9775280898876404,0.10101010101010101,6,11,9,9.5,10
griddly,mcts_medium,200,30,1.4142135623730951,medium,baseline,normal,many,open,default,many,low,4,2,enemy_profile,normal,120,11,6,17,ofat_real,ofat:factor=enemy_profile:value=normal:size=medium:map_type=baseline:enemy_profile=normal:item_profile=many:wall_profile=open:player_hp=4:enemy_hp=2:agent=mcts_medium,1,12,3,1,0,13,11,2,8,0.09,1,0.978021978021978,0.08080808080808081,1,1,6,8.5,11
griddly,mcts_medium,200,30,1.4142135623730951,medium,baseline,normal,many,open,default,many,low,4,2,enemy_profile,normal,120,11,7,18,ofat_real,ofat:factor=enemy_profile:value=normal:size=medium:map_type=baseline:enemy_profile=normal:item_profile=many:wall_profile=open:player_hp=4:enemy_hp=2:agent=mcts_medium,1,13,1,3,0,13,11,2,7,0.09,1,0.9782608695652174,0.0707070707070707,1,1,8,8.0,8
griddly,mcts_medium,200,30,1.4142135623730951,medium,baseline,normal,many,open,default,many,low,4,2,enemy_profile,normal,120,11,8,19,ofat_real,ofat:factor=enemy_profile:value=normal:size=medium:map_type=baseline:enemy_profile=normal:item_profile=many:wall_profile=open:player_hp=4:enemy_hp=2:agent=mcts_medium,1,17,3,1,0,13,11,2,11,0.09,1,0.9772727272727273,0.1111111111111111,4,6,5,9.5,14
griddly,mcts_medium,200,30,1.4142135623730951,medium,baseline,normal,many,open,default,many,low,4,2,enemy_profile,normal,120,11,9,20,ofat_real,ofat:factor=enemy_profile:value=normal:size=medium:map_type=baseline:enemy_profile=normal:item_profile=many:wall_profile=open:player_hp=4:enemy_hp=2:agent=mcts_medium,1,17,3,1,0,13,11,2,11,0.09,1,0.9772727272727273,0.1111111111111111,3,3,6,8.5,11
griddly,mcts_medium,200,30,1.4142135623730951,medium,baseline,normal,many,open,default,many,low,4,2,enemy_profile,normal,120,11,10,21,ofat_real,ofat:factor=enemy_profile:value=normal:size=medium:map_type=baseline:enemy_profile=normal:item_profile=many:wall_profile=open:player_hp=4:enemy_hp=2:agent=mcts_medium,1,11,3,1,0,13,11,2,7,0.09,1,0.9782608695652174,0.0707070707070707,2,2,3,6.0,9
griddly,mcts_medium,200,30,1.4142135623730951,medium,baseline,normal,many,open,default,many,low,4,2,enemy_profile,normal,120,11,11,22,ofat_real,ofat:factor=enemy_profile:value=normal:size=medium:map_type=baseline:enemy_profile=normal:item_profile=many:wall_profile=open:player_hp=4:enemy_hp=2:agent=mcts_medium,1,8,1,3,0,13,11,2,9,0.09,1,0.9777777777777777,0.09090909090909091,3,7,2,4.5,7
griddly,mcts_medium,200,30,1.4142135623730951,medium,baseline,normal,many,open,default,many,low,4,2,enemy_profile,normal,120,11,12,23,ofat_real,ofat:factor=enemy_profile:value=normal:size=medium:map_type=baseline:enemy_profile=normal:item_profile=many:wall_profile=open:player_hp=4:enemy_hp=2:agent=mcts_medium,1,16,2,2,0,13,11,2,5,0.09,1,0.9787234042553191,0.050505050505050504,2,4,5,5.5,6
griddly,mcts_medium,200,30,1.4142135623730951,medium,baseline,normal,many,open,default,many,low,4,2,enemy_profile,normal,120,11,13,24,ofat_real,ofat:factor=enemy_profile:value=normal:size=medium:map_type=baseline:enemy_profile=normal:item_profile=many:wall_profile=open:player_hp=4:enemy_hp=2:agent=mcts_medium,1,10,3,1,0,13,11,2,9,0.09,1,0.9777777777777777,0.09090909090909091,4,4,5,5.5,6
griddly,mcts_medium,200,30,1.4142135623730951,medium,baseline,normal,many,open,default,many,low,4,2,enemy_profile,normal,120,11,14,25,ofat_real,ofat:factor=enemy_profile:value=normal:size=medium:map_type=baseline:enemy_profile=normal:item_profile=many:wall_profile=open:player_hp=4:enemy_hp=2:agent=mcts_medium,1,30,1,3,0,13,11,2,14,0.09,1,0.9764705882352941,0.1414141414141414,0,0,6,7.0,8
griddly,mcts_medium,200,30,1.4142135623730951,medium,baseline,normal,many,open,default,many,low,4,2,enemy_profile,normal,120,11,15,26,ofat_real,ofat:factor=enemy_profile:value=normal:size=medium:map_type=baseline:enemy_profile=normal:item_profile=many:wall_profile=open:player_hp=4:enemy_hp=2:agent=mcts_medium,1,12,1,3,0,13,11,2,10,0.09,1,0.9775280898876404,0.10101010101010101,5,7,2,2.0,2
griddly,mcts_medium,200,30,1.4142135623730951,medium,baseline,normal,many,open,default,many,low,4,2,enemy_profile,normal,120,11,16,27,ofat_real,ofat:factor=enemy_profile:value=normal:size=medium:map_type=baseline:enemy_profile=normal:item_profile=many:wall_profile=open:player_hp=4:enemy_hp=2:agent=mcts_medium,1,12,1,3,0,13,11,2,13,0.09,1,0.9767441860465116,0.13131313131313133,3,5,3,4.5,6
griddly,mcts_medium,200,30,1.4142135623730951,medium,baseline,normal,many,open,default,many,low,4,2,enemy_profile,normal,120,11,17,28,ofat_real,ofat:factor=enemy_profile:value=normal:size=medium:map_type=baseline:enemy_profile=normal:item_profile=many:wall_profile=open:player_hp=4:enemy_hp=2:agent=mcts_medium,1,13,2,2,0,13,11,2,12,0.09,1,0.9770114942528736,0.12121212121212122,5,7,6,7.0,8
griddly,mcts_medium,200,30,1.4142135623730951,medium,baseline,normal,many,open,default,many,low,4,2,enemy_profile,normal,120,11,18,29,ofat_real,ofat:factor=enemy_profile:value=normal:size=medium:map_type=baseline:enemy_profile=normal:item_profile=many:wall_profile=open:player_hp=4:enemy_hp=2:agent=mcts_medium,1,16,2,2,0,13,11,2,10,0.09,1,0.9775280898876404,0.10101010101010101,1,1,8,8.0,8
griddly,mcts_medium,200,30,1.4142135623730951,medium,baseline,normal,many,open,default,many,low,4,2,enemy_profile,normal,120,11,19,30,ofat_real,ofat:factor=enemy_profile:value=normal:size=medium:map_type=baseline:enemy_profile=normal:item_profile=many:wall_profile=open:player_hp=4:enemy_hp=2:agent=mcts_medium,1,18,2,2,0,13,11,2,7,0.09,1,0.9782608695652174,0.0707070707070707,3,3,4,4.0,4
griddly,mcts_medium,200,30,1.4142135623730951,medium,baseline,normal,many,open,default,many,low,4,2,enemy_profile,normal,120,11,20,31,ofat_real,ofat:factor=enemy_profile:value=normal:size=medium:map_type=baseline:enemy_profile=normal:item_profile=many:wall_profile=open:player_hp=4:enemy_hp=2:agent=mcts_medium,1,18,1,3,0,13,11,2,6,0.09,1,0.978494623655914,0.06060606060606061,0,0,4,6.5,9
griddly,mcts_medium,200,30,1.4142135623730951,medium,baseline,normal,many,open,default,many,low,4,2,enemy_profile,normal,120,11,21,32,ofat_real,ofat:factor=enemy_profile:value=normal:size=medium:map_type=baseline:enemy_profile=normal:item_profile=many:wall_profile=open:player_hp=4:enemy_hp=2:agent=mcts_medium,1,10,3,1,0,13,11,2,12,0.09,1,0.9770114942528736,0.12121212121212122,1,1,4,6.0,8
griddly,mcts_medium,200,30,1.4142135623730951,medium,baseline,normal,many,open,default,many,low,4,2,enemy_profile,normal,120,11,22,33,ofat_real,ofat:factor=enemy_profile:value=normal:size=medium:map_type=baseline:enemy_profile=normal:item_profile=many:wall_profile=open:player_hp=4:enemy_hp=2:agent=mcts_medium,1,14,1,3,0,13,11,2,11,0.09,1,0.9772727272727273,0.1111111111111111,2,2,5,5.0,5
griddly,mcts_medium,200,30,1.4142135623730951,medium,baseline,normal,many,open,default,many,low,4,2,enemy_profile,normal,120,11,23,34,ofat_real,ofat:factor=enemy_profile:value=normal:size=medium:map_type=baseline:enemy_profile=normal:item_profile=many:wall_profile=open:player_hp=4:enemy_hp=2:agent=mcts_medium,1,14,1,3,0,13,11,2,7,0.09,1,0.9782608695652174,0.0707070707070707,1,1,4,4.5,5
griddly,mcts_medium,200,30,1.4142135623730951,medium,baseline,normal,many,open,default,many,low,4,2,enemy_profile,normal,120,11,24,35,ofat_real,ofat:factor=enemy_profile:value=normal:size=medium:map_type=baseline:enemy_profile=normal:item_profile=many:wall_profile=open:player_hp=4:enemy_hp=2:agent=mcts_medium,1,21,3,1,0,13,11,2,8,0.09,1,0.9560439560439561,0.08080808080808081,2,4,2,4.0,6
griddly,mcts_medium,200,30,1.4142135623730951,medium,baseline,normal,many,open,default,many,low,4,2,enemy_profile,normal,120,11,25,36,ofat_real,ofat:factor=enemy_profile:value=normal:size=medium:map_type=baseline:enemy_profile=normal:item_profile=many:wall_profile=open:player_hp=4:enemy_hp=2:agent=mcts_medium,1,9,2,2,0,13,11,2,13,0.09,1,0.9767441860465116,0.13131313131313133,1,2,4,4.5,5
griddly,mcts_medium,200,30,1.4142135623730951,medium,baseline,normal,many,open,default,many,low,4,2,enemy_profile,normal,120,11,26,37,ofat_real,ofat:factor=enemy_profile:value=normal:size=medium:map_type=baseline:enemy_profile=normal:item_profile=many:wall_profile=open:player_hp=4:enemy_hp=2:agent=mcts_medium,1,16,3,1,0,13,11,2,15,0.09,1,0.9761904761904762,0.15151515151515152,4,7,11,11.5,12
griddly,mcts_medium,200,30,1.4142135623730951,medium,baseline,normal,many,open,default,many,low,4,2,enemy_profile,normal,120,11,27,38,ofat_real,ofat:factor=enemy_profile:value=normal:size=medium:map_type=baseline:enemy_profile=normal:item_profile=many:wall_profile=open:player_hp=4:enemy_hp=2:agent=mcts_medium,1,13,2,2,0,13,11,2,5,0.09,1,0.9787234042553191,0.050505050505050504,1,1,5,5.5,6
griddly,mcts_medium,200,30,1.4142135623730951,medium,baseline,normal,many,open,default,many,low,4,2,enemy_profile,normal,120,11,28,39,ofat_real,ofat:factor=enemy_profile:value=normal:size=medium:map_type=baseline:enemy_profile=normal:item_profile=many:wall_profile=open:player_hp=4:enemy_hp=2:agent=mcts_medium,1,18,1,3,0,13,11,2,11,0.09,1,0.9772727272727273,0.1111111111111111,2,2,2,4.5,7
griddly,mcts_medium,200,30,1.4142135623730951,medium,baseline,normal,many,open,default,many,low,4,2,enemy_profile,normal,120,11,29,40,ofat_real,ofat:factor=enemy_profile:value=normal:size=medium:map_type=baseline:enemy_profile=normal:item_profile=many:wall_profile=open:player_hp=4:enemy_hp=2:agent=mcts_medium,1,21,1,3,0,13,11,2,9,0.09,1,0.9777777777777777,0.09090909090909091,2,2,5,7.0,9
griddly,random,,,,medium,baseline,heavy,many,open,high,many,low,4,2,enemy_profile,heavy,120,11,0,11,ofat_real,ofat:factor=enemy_profile:value=heavy:size=medium:map_type=baseline:enemy_profile=heavy:item_profile=many:wall_profile=open:player_hp=4:enemy_hp=2:agent=random,0,10,4,0,3,13,11,4,15,0.09,1,0.9523809523809523,0.15151515151515152,4,6,4,5.25,8
griddly,random,,,,medium,baseline,heavy,many,open,high,many,low,4,2,enemy_profile,heavy,120,11,1,12,ofat_real,ofat:factor=enemy_profile:value=heavy:size=medium:map_type=baseline:enemy_profile=heavy:item_profile=many:wall_profile=open:player_hp=4:enemy_hp=2:agent=random,0,9,4,0,4,13,11,4,7,0.09,1,0.9565217391304348,0.0707070707070707,4,4,3,5.0,7
griddly,random,,,,medium,baseline,heavy,many,open,high,many,low,4,2,enemy_profile,heavy,120,11,2,13,ofat_real,ofat:factor=enemy_profile:value=heavy:size=medium:map_type=baseline:enemy_profile=heavy:item_profile=many:wall_profile=open:player_hp=4:enemy_hp=2:agent=random,0,10,4,0,4,13,11,4,8,0.09,1,0.9560439560439561,0.08080808080808081,3,4,2,6.75,11
griddly,random,,,,medium,baseline,heavy,many,open,high,many,low,4,2,enemy_profile,heavy,120,11,3,14,ofat_real,ofat:factor=enemy_profile:value=heavy:size=medium:map_type=baseline:enemy_profile=heavy:item_profile=many:wall_profile=open:player_hp=4:enemy_hp=2:agent=random,0,13,4,0,3,13,11,4,6,0.09,1,0.956989247311828,0.06060606060606061,2,2,2,6.75,12
griddly,random,,,,medium,baseline,heavy,many,open,high,many,low,4,2,enemy_profile,heavy,120,11,4,15,ofat_real,ofat:factor=enemy_profile:value=heavy:size=medium:map_type=baseline:enemy_profile=heavy:item_profile=many:wall_profile=open:player_hp=4:enemy_hp=2:agent=random,0,14,4,0,2,13,11,4,8,0.09,1,0.9560439560439561,0.08080808080808081,2,3,3,5.25,7
griddly,random,,,,medium,baseline,heavy,many,open,high,many,low,4,2,enemy_profile,heavy,120,11,5,16,ofat_real,ofat:factor=enemy_profile:value=heavy:size=medium:map_type=baseline:enemy_profile=heavy:item_profile=many:wall_profile=open:player_hp=4:enemy_hp=2:agent=random,0,12,4,0,4,13,11,4,9,0.09,1,0.9333333333333333,0.09090909090909091,4,8,5,7.75,10
griddly,random,,,,medium,baseline,heavy,many,open,high,many,low,4,2,enemy_profile,heavy,120,11,6,17,ofat_real,ofat:factor=enemy_profile:value=heavy:size=medium:map_type=baseline:enemy_profile=heavy:item_profile=many:wall_profile=open:player_hp=4:enemy_hp=2:agent=random,0,13,4,0,4,13,11,4,8,0.09,1,0.9560439560439561,0.08080808080808081,2,6,6,9.25,13
griddly,random,,,,medium,baseline,heavy,many,open,high,many,low,4,2,enemy_profile,heavy,120,11,7,18,ofat_real,ofat:factor=enemy_profile:value=heavy:size=medium:map_type=baseline:enemy_profile=heavy:item_profile=many:wall_profile=open:player_hp=4:enemy_hp=2:agent=random,0,11,4,0,4,13,11,4,7,0.09,1,0.9565217391304348,0.0707070707070707,1,1,7,8.5,11
griddly,random,,,,medium,baseline,heavy,many,open,high,many,low,4,2,enemy_profile,heavy,120,11,8,19,ofat_real,ofat:factor=enemy_profile:value=heavy:size=medium:map_type=baseline:enemy_profile=heavy:item_profile=many:wall_profile=open:player_hp=4:enemy_hp=2:agent=random,0,8,4,0,4,13,11,4,10,0.09,1,0.9550561797752809,0.10101010101010101,3,3,4,7.25,14
griddly,random,,,,medium,baseline,heavy,many,open,high,many,low,4,2,enemy_profile,heavy,120,11,9,20,ofat_real,ofat:factor=enemy_profile:value=heavy:size=medium:map_type=baseline:enemy_profile=heavy:item_profile=many:wall_profile=open:player_hp=4:enemy_hp=2:agent=random,0,10,4,0,4,13,11,4,11,0.09,1,0.9431818181818182,0.1111111111111111,1,1,3,6.5,11
griddly,random,,,,medium,baseline,heavy,many,open,high,many,low,4,2,enemy_profile,heavy,120,11,10,21,ofat_real,ofat:factor=enemy_profile:value=heavy:size=medium:map_type=baseline:enemy_profile=heavy:item_profile=many:wall_profile=open:player_hp=4:enemy_hp=2:agent=random,0,9,4,0,4,13,11,4,7,0.09,1,0.9565217391304348,0.0707070707070707,2,2,3,7.0,12
griddly,random,,,,medium,baseline,heavy,many,open,high,many,low,4,2,enemy_profile,heavy,120,11,11,22,ofat_real,ofat:factor=enemy_profile:value=heavy:size=medium:map_type=baseline:enemy_profile=heavy:item_profile=many:wall_profile=open:player_hp=4:enemy_hp=2:agent=random,0,6,4,0,3,13,11,4,9,0.09,1,0.9555555555555556,0.09090909090909091,5,10,2,5.0,9
griddly,random,,,,medium,baseline,heavy,many,open,high,many,low,4,2,enemy_profile,heavy,120,11,12,23,ofat_real,ofat:factor=enemy_profile:value=heavy:size=medium:map_type=baseline:enemy_profile=heavy:item_profile=many:wall_profile=open:player_hp=4:enemy_hp=2:agent=random,0,13,4,0,4,13,11,4,5,0.09,1,0.9574468085106383,0.050505050505050504,1,3,5,5.75,7
griddly,random,,,,medium,baseline,heavy,many,open,high,many,low,4,2,enemy_profile,heavy,120,11,13,24,ofat_real,ofat:factor=enemy_profile:value=heavy:size=medium:map_type=baseline:enemy_profile=heavy:item_profile=many:wall_profile=open:player_hp=4:enemy_hp=2:agent=random,0,14,4,0,2,13,11,4,8,0.09,1,0.9560439560439561,0.08080808080808081,2,3,5,6.25,8
griddly,random,,,,medium,baseline,heavy,many,open,high,many,low,4,2,enemy_profile,heavy,120,11,14,25,ofat_real,ofat:factor=enemy_profile:value=heavy:size=medium:map_type=baseline:enemy_profile=heavy:item_profile=many:wall_profile=open:player_hp=4:enemy_hp=2:agent=random,0,18,4,0,3,13,11,4,14,0.09,1,0.9529411764705882,0.1414141414141414,3,11,2,5.75,8
griddly,random,,,,medium,baseline,heavy,many,open,high,many,low,4,2,enemy_profile,heavy,120,11,15,26,ofat_real,ofat:factor=enemy_profile:value=heavy:size=medium:map_type=baseline:enemy_profile=heavy:item_profile=many:wall_profile=open:player_hp=4:enemy_hp=2:agent=random,0,9,4,0,4,13,11,4,10,0.09,1,0.9550561797752809,0.10101010101010101,5,7,2,3.5,6
griddly,random,,,,medium,baseline,heavy,many,open,high,many,low,4,2,enemy_profile,heavy,120,11,16,27,ofat_real,ofat:factor=enemy_profile:value=heavy:size=medium:map_type=baseline:enemy_profile=heavy:item_profile=many:wall_profile=open:player_hp=4:enemy_hp=2:agent=random,0,16,4,0,2,13,11,4,13,0.09,1,0.8953488372093024,0.13131313131313133,5,6,3,6.75,9
griddly,random,,,,medium,baseline,heavy,many,open,high,many,low,4,2,enemy_profile,heavy,120,11,17,28,ofat_real,ofat:factor=enemy_profile:value=heavy:size=medium:map_type=baseline:enemy_profile=heavy:item_profile=many:wall_profile=open:player_hp=4:enemy_hp=2:agent=random,0,13,4,0,4,13,11,4,12,0.09,1,0.9310344827586207,0.12121212121212122,4,4,6,6.75,8
griddly,random,,,,medium,baseline,heavy,many,open,high,many,low,4,2,enemy_profile,heavy,120,11,18,29,ofat_real,ofat:factor=enemy_profile:value=heavy:size=medium:map_type=baseline:enemy_profile=heavy:item_profile=many:wall_profile=open:player_hp=4:enemy_hp=2:agent=random,0,8,4,0,4,13,11,4,10,0.09,1,0.9550561797752809,0.10101010101010101,3,4,3,6.25,8
griddly,random,,,,medium,baseline,heavy,many,open,high,many,low,4,2,enemy_profile,heavy,120,11,19,30,ofat_real,ofat:factor=enemy_profile:value=heavy:size=medium:map_type=baseline:enemy_profile=heavy:item_profile=many:wall_profile=open:player_hp=4:enemy_hp=2:agent=random,0,9,4,0,4,13,11,4,6,0.09,1,0.956989247311828,0.06060606060606061,2,2,4,4.75,6
griddly,random,,,,medium,baseline,heavy,many,open,high,many,low,4,2,enemy_profile,heavy,120,11,20,31,ofat_real,ofat:factor=enemy_profile:value=heavy:size=medium:map_type=baseline:enemy_profile=heavy:item_profile=many:wall_profile=open:player_hp=4:enemy_hp=2:agent=random,0,14,4,0,4,13,11,4,6,0.09,1,0.956989247311828,0.06060606060606061,1,2,4,10.5,16
griddly,random,,,,medium,baseline,heavy,many,open,high,many,low,4,2,enemy_profile,heavy,120,11,21,32,ofat_real,ofat:factor=enemy_profile:value=heavy:size=medium:map_type=baseline:enemy_profile=heavy:item_profile=many:wall_profile=open:player_hp=4:enemy_hp=2:agent=random,0,10,4,0,4,13,11,4,12,0.09,1,0.9540229885057471,0.12121212121212122,3,3,4,8.25,11
griddly,random,,,,medium,baseline,heavy,many,open,high,many,low,4,2,enemy_profile,heavy,120,11,22,33,ofat_real,ofat:factor=enemy_profile:value=heavy:size=medium:map_type=baseline:enemy_profile=heavy:item_profile=many:wall_profile=open:player_hp=4:enemy_hp=2:agent=random,0,13,4,0,4,13,11,4,9,0.09,1,0.9444444444444444,0.09090909090909091,2,2,5,9.0,11
griddly,random,,,,medium,baseline,heavy,many,open,high,many,low,4,2,enemy_profile,heavy,120,11,23,34,ofat_real,ofat:factor=enemy_profile:value=heavy:size=medium:map_type=baseline:enemy_profile=heavy:item_profile=many:wall_profile=open:player_hp=4:enemy_hp=2:agent=random,0,10,4,0,4,13,11,4,7,0.09,1,0.9456521739130435,0.0707070707070707,1,1,2,6.25,14
griddly,random,,,,medium,baseline,heavy,many,open,high,many,low,4,2,enemy_profile,heavy,120,11,24,35,ofat_real,ofat:factor=enemy_profile:value=heavy:size=medium:map_type=baseline:enemy_profile=heavy:item_profile=many:wall_profile=open:player_hp=4:enemy_hp=2:agent=random,0,6,4,0,4,13,11,4,7,0.09,1,0.9456521739130435,0.0707070707070707,1,2,2,3.25,6
griddly,random,,,,medium,baseline,heavy,many,open,high,many,low,4,2,enemy_profile,heavy,120,11,25,36,ofat_real,ofat:factor=enemy_profile:value=heavy:size=medium:map_type=baseline:enemy_profile=heavy:item_profile=many:wall_profile=open:player_hp=4:enemy_hp=2:agent=random,0,11,4,0,4,13,11,4,12,0.09,1,0.9540229885057471,0.12121212121212122,4,4,4,7.0,10
griddly,random,,,,medium,baseline,heavy,many,open,high,many,low,4,2,enemy_profile,heavy,120,11,26,37,ofat_real,ofat:factor=enemy_profile:value=heavy:size=medium:map_type=baseline:enemy_profile=heavy:item_profile=many:wall_profile=open:player_hp=4:enemy_hp=2:agent=random,0,13,4,0,4,13,11,4,15,0.09,1,0.9523809523809523,0.15151515151515152,6,6,4,10.75,14
griddly,random,,,,medium,baseline,heavy,many,open,high,many,low,4,2,enemy_profile,heavy,120,11,27,38,ofat_real,ofat:factor=enemy_profile:value=heavy:size=medium:map_type=baseline:enemy_profile=heavy:item_profile=many:wall_profile=open:player_hp=4:enemy_hp=2:agent=random,0,10,4,0,3,13,11,4,5,0.09,1,0.9574468085106383,0.050505050505050504,1,1,4,5.0,6
griddly,random,,,,medium,baseline,heavy,many,open,high,many,low,4,2,enemy_profile,heavy,120,11,28,39,ofat_real,ofat:factor=enemy_profile:value=heavy:size=medium:map_type=baseline:enemy_profile=heavy:item_profile=many:wall_profile=open:player_hp=4:enemy_hp=2:agent=random,0,12,4,0,3,13,11,4,11,0.09,1,0.9545454545454546,0.1111111111111111,6,7,2,5.5,7
griddly,random,,,,medium,baseline,heavy,many,open,high,many,low,4,2,enemy_profile,heavy,120,11,29,40,ofat_real,ofat:factor=enemy_profile:value=heavy:size=medium:map_type=baseline:enemy_profile=heavy:item_profile=many:wall_profile=open:player_hp=4:enemy_hp=2:agent=random,0,22,4,0,2,13,11,4,9,0.09,1,0.9444444444444444,0.09090909090909091,3,3,4,7.0,10
griddly,heuristic,,,,medium,baseline,heavy,many,open,high,many,low,4,2,enemy_profile,heavy,120,11,0,11,ofat_real,ofat:factor=enemy_profile:value=heavy:size=medium:map_type=baseline:enemy_profile=heavy:item_profile=many:wall_profile=open:player_hp=4:enemy_hp=2:agent=heuristic,0,7,4,0,3,13,11,4,15,0.09,1,0.9523809523809523,0.15151515151515152,4,6,4,5.25,8
griddly,heuristic,,,,medium,baseline,heavy,many,open,high,many,low,4,2,enemy_profile,heavy,120,11,1,12,ofat_real,ofat:factor=enemy_profile:value=heavy:size=medium:map_type=baseline:enemy_profile=heavy:item_profile=many:wall_profile=open:player_hp=4:enemy_hp=2:agent=heuristic,0,9,4,0,2,13,11,4,7,0.09,1,0.9565217391304348,0.0707070707070707,4,4,3,5.0,7
griddly,heuristic,,,,medium,baseline,heavy,many,open,high,many,low,4,2,enemy_profile,heavy,120,11,2,13,ofat_real,ofat:factor=enemy_profile:value=heavy:size=medium:map_type=baseline:enemy_profile=heavy:item_profile=many:wall_profile=open:player_hp=4:enemy_hp=2:agent=heuristic,1,11,2,2,0,13,11,4,8,0.09,1,0.9560439560439561,0.08080808080808081,3,4,2,6.75,11
griddly,heuristic,,,,medium,baseline,heavy,many,open,high,many,low,4,2,enemy_profile,heavy,120,11,3,14,ofat_real,ofat:factor=enemy_profile:value=heavy:size=medium:map_type=baseline:enemy_profile=heavy:item_profile=many:wall_profile=open:player_hp=4:enemy_hp=2:agent=heuristic,0,11,4,0,1,13,11,4,6,0.09,1,0.956989247311828,0.06060606060606061,2,2,2,6.75,12
griddly,heuristic,,,,medium,baseline,heavy,many,open,high,many,low,4,2,enemy_profile,heavy,120,11,4,15,ofat_real,ofat:factor=enemy_profile:value=heavy:size=medium:map_type=baseline:enemy_profile=heavy:item_profile=many:wall_profile=open:player_hp=4:enemy_hp=2:agent=heuristic,0,9,4,0,2,13,11,4,8,0.09,1,0.9560439560439561,0.08080808080808081,2,3,3,5.25,7
griddly,heuristic,,,,medium,baseline,heavy,many,open,high,many,low,4,2,enemy_profile,heavy,120,11,5,16,ofat_real,ofat:factor=enemy_profile:value=heavy:size=medium:map_type=baseline:enemy_profile=heavy:item_profile=many:wall_profile=open:player_hp=4:enemy_hp=2:agent=heuristic,0,12,4,0,1,13,11,4,9,0.09,1,0.9333333333333333,0.09090909090909091,4,8,5,7.75,10
griddly,heuristic,,,,medium,baseline,heavy,many,open,high,many,low,4,2,enemy_profile,heavy,120,11,6,17,ofat_real,ofat:factor=enemy_profile:value=heavy:size=medium:map_type=baseline:enemy_profile=heavy:item_profile=many:wall_profile=open:player_hp=4:enemy_hp=2:agent=heuristic,0,9,4,0,2,13,11,4,8,0.09,1,0.9560439560439561,0.08080808080808081,2,6,6,9.25,13
griddly,heuristic,,,,medium,baseline,heavy,many,open,high,many,low,4,2,enemy_profile,heavy,120,11,7,18,ofat_real,ofat:factor=enemy_profile:value=heavy:size=medium:map_type=baseline:enemy_profile=heavy:item_profile=many:wall_profile=open:player_hp=4:enemy_hp=2:agent=heuristic,0,11,4,0,2,13,11,4,7,0.09,1,0.9565217391304348,0.0707070707070707,1,1,7,8.5,11
griddly,heuristic,,,,medium,baseline,heavy,many,open,high,many,low,4,2,enemy_profile,heavy,120,11,8,19,ofat_real,ofat:factor=enemy_profile:value=heavy:size=medium:map_type=baseline:enemy_profile=heavy:item_profile=many:wall_profile=open:player_hp=4:enemy_hp=2:agent=heuristic,0,5,4,0,3,13,11,4,10,0.09,1,0.9550561797752809,0.10101010101010101,3,3,4,7.25,14
griddly,heuristic,,,,medium,baseline,heavy,many,open,high,many,low,4,2,enemy_profile,heavy,120,11,9,20,ofat_real,ofat:factor=enemy_profile:value=heavy:size=medium:map_type=baseline:enemy_profile=heavy:item_profile=many:wall_profile=open:player_hp=4:enemy_hp=2:agent=heuristic,0,7,4,0,2,13,11,4,11,0.09,1,0.9431818181818182,0.1111111111111111,1,1,3,6.5,11
griddly,heuristic,,,,medium,baseline,heavy,many,open,high,many,low,4,2,enemy_profile,heavy,120,11,10,21,ofat_real,ofat:factor=enemy_profile:value=heavy:size=medium:map_type=baseline:enemy_profile=heavy:item_profile=many:wall_profile=open:player_hp=4:enemy_hp=2:agent=heuristic,0,10,4,0,1,13,11,4,7,0.09,1,0.9565217391304348,0.0707070707070707,2,2,3,7.0,12
griddly,heuristic,,,,medium,baseline,heavy,many,open,high,many,low,4,2,enemy_profile,heavy,120,11,11,22,ofat_real,ofat:factor=enemy_profile:value=heavy:size=medium:map_type=baseline:enemy_profile=heavy:item_profile=many:wall_profile=open:player_hp=4:enemy_hp=2:agent=heuristic,0,12,4,0,1,13,11,4,9,0.09,1,0.9555555555555556,0.09090909090909091,5,10,2,5.0,9
griddly,heuristic,,,,medium,baseline,heavy,many,open,high,many,low,4,2,enemy_profile,heavy,120,11,12,23,ofat_real,ofat:factor=enemy_profile:value=heavy:size=medium:map_type=baseline:enemy_profile=heavy:item_profile=many:wall_profile=open:player_hp=4:enemy_hp=2:agent=heuristic,0,10,4,0,1,13,11,4,5,0.09,1,0.9574468085106383,0.050505050505050504,1,3,5,5.75,7
griddly,heuristic,,,,medium,baseline,heavy,many,open,high,many,low,4,2,enemy_profile,heavy,120,11,13,24,ofat_real,ofat:factor=enemy_profile:value=heavy:size=medium:map_type=baseline:enemy_profile=heavy:item_profile=many:wall_profile=open:player_hp=4:enemy_hp=2:agent=heuristic,1,11,2,2,0,13,11,4,8,0.09,1,0.9560439560439561,0.08080808080808081,2,3,5,6.25,8
griddly,heuristic,,,,medium,baseline,heavy,many,open,high,many,low,4,2,enemy_profile,heavy,120,11,14,25,ofat_real,ofat:factor=enemy_profile:value=heavy:size=medium:map_type=baseline:enemy_profile=heavy:item_profile=many:wall_profile=open:player_hp=4:enemy_hp=2:agent=heuristic,0,8,4,0,1,13,11,4,14,0.09,1,0.9529411764705882,0.1414141414141414,3,11,2,5.75,8
griddly,heuristic,,,,medium,baseline,heavy,many,open,high,many,low,4,2,enemy_profile,heavy,120,11,15,26,ofat_real,ofat:factor=enemy_profile:value=heavy:size=medium:map_type=baseline:enemy_profile=heavy:item_profile=many:wall_profile=open:player_hp=4:enemy_hp=2:agent=heuristic,0,8,4,0,2,13,11,4,10,0.09,1,0.9550561797752809,0.10101010101010101,5,7,2,3.5,6
griddly,heuristic,,,,medium,baseline,heavy,many,open,high,many,low,4,2,enemy_profile,heavy,120,11,16,27,ofat_real,ofat:factor=enemy_profile:value=heavy:size=medium:map_type=baseline:enemy_profile=heavy:item_profile=many:wall_profile=open:player_hp=4:enemy_hp=2:agent=heuristic,0,12,4,0,1,13,11,4,13,0.09,1,0.8953488372093024,0.13131313131313133,5,6,3,6.75,9
griddly,heuristic,,,,medium,baseline,heavy,many,open,high,many,low,4,2,enemy_profile,heavy,120,11,17,28,ofat_real,ofat:factor=enemy_profile:value=heavy:size=medium:map_type=baseline:enemy_profile=heavy:item_profile=many:wall_profile=open:player_hp=4:enemy_hp=2:agent=heuristic,0,6,4,0,3,13,11,4,12,0.09,1,0.9310344827586207,0.12121212121212122,4,4,6,6.75,8
griddly,heuristic,,,,medium,baseline,heavy,many,open,high,many,low,4,2,enemy_profile,heavy,120,11,18,29,ofat_real,ofat:factor=enemy_profile:value=heavy:size=medium:map_type=baseline:enemy_profile=heavy:item_profile=many:wall_profile=open:player_hp=4:enemy_hp=2:agent=heuristic,0,7,4,0,3,13,11,4,10,0.09,1,0.9550561797752809,0.10101010101010101,3,4,3,6.25,8
griddly,heuristic,,,,medium,baseline,heavy,many,open,high,many,low,4,2,enemy_profile,heavy,120,11,19,30,ofat_real,ofat:factor=enemy_profile:value=heavy:size=medium:map_type=baseline:enemy_profile=heavy:item_profile=many:wall_profile=open:player_hp=4:enemy_hp=2:agent=heuristic,0,10,4,0,1,13,11,4,6,0.09,1,0.956989247311828,0.06060606060606061,2,2,4,4.75,6
griddly,heuristic,,,,medium,baseline,heavy,many,open,high,many,low,4,2,enemy_profile,heavy,120,11,20,31,ofat_real,ofat:factor=enemy_profile:value=heavy:size=medium:map_type=baseline:enemy_profile=heavy:item_profile=many:wall_profile=open:player_hp=4:enemy_hp=2:agent=heuristic,0,13,4,0,1,13,11,4,6,0.09,1,0.956989247311828,0.06060606060606061,1,2,4,10.5,16
griddly,heuristic,,,,medium,baseline,heavy,many,open,high,many,low,4,2,enemy_profile,heavy,120,11,21,32,ofat_real,ofat:factor=enemy_profile:value=heavy:size=medium:map_type=baseline:enemy_profile=heavy:item_profile=many:wall_profile=open:player_hp=4:enemy_hp=2:agent=heuristic,0,10,4,0,2,13,11,4,12,0.09,1,0.9540229885057471,0.12121212121212122,3,3,4,8.25,11
griddly,heuristic,,,,medium,baseline,heavy,many,open,high,many,low,4,2,enemy_profile,heavy,120,11,22,33,ofat_real,ofat:factor=enemy_profile:value=heavy:size=medium:map_type=baseline:enemy_profile=heavy:item_profile=many:wall_profile=open:player_hp=4:enemy_hp=2:agent=heuristic,1,13,3,1,0,13,11,4,9,0.09,1,0.9444444444444444,0.09090909090909091,2,2,5,9.0,11
griddly,heuristic,,,,medium,baseline,heavy,many,open,high,many,low,4,2,enemy_profile,heavy,120,11,23,34,ofat_real,ofat:factor=enemy_profile:value=heavy:size=medium:map_type=baseline:enemy_profile=heavy:item_profile=many:wall_profile=open:player_hp=4:enemy_hp=2:agent=heuristic,0,12,4,0,1,13,11,4,7,0.09,1,0.9456521739130435,0.0707070707070707,1,1,2,6.25,14
griddly,heuristic,,,,medium,baseline,heavy,many,open,high,many,low,4,2,enemy_profile,heavy,120,11,24,35,ofat_real,ofat:factor=enemy_profile:value=heavy:size=medium:map_type=baseline:enemy_profile=heavy:item_profile=many:wall_profile=open:player_hp=4:enemy_hp=2:agent=heuristic,0,6,4,0,2,13,11,4,7,0.09,1,0.9456521739130435,0.0707070707070707,1,2,2,3.25,6
griddly,heuristic,,,,medium,baseline,heavy,many,open,high,many,low,4,2,enemy_profile,heavy,120,11,25,36,ofat_real,ofat:factor=enemy_profile:value=heavy:size=medium:map_type=baseline:enemy_profile=heavy:item_profile=many:wall_profile=open:player_hp=4:enemy_hp=2:agent=heuristic,0,14,4,0,1,13,11,4,12,0.09,1,0.9540229885057471,0.12121212121212122,4,4,4,7.0,10
griddly,heuristic,,,,medium,baseline,heavy,many,open,high,many,low,4,2,enemy_profile,heavy,120,11,26,37,ofat_real,ofat:factor=enemy_profile:value=heavy:size=medium:map_type=baseline:enemy_profile=heavy:item_profile=many:wall_profile=open:player_hp=4:enemy_hp=2:agent=heuristic,0,12,4,0,2,13,11,4,15,0.09,1,0.9523809523809523,0.15151515151515152,6,6,4,10.75,14
griddly,heuristic,,,,medium,baseline,heavy,many,open,high,many,low,4,2,enemy_profile,heavy,120,11,27,38,ofat_real,ofat:factor=enemy_profile:value=heavy:size=medium:map_type=baseline:enemy_profile=heavy:item_profile=many:wall_profile=open:player_hp=4:enemy_hp=2:agent=heuristic,0,8,4,0,2,13,11,4,5,0.09,1,0.9574468085106383,0.050505050505050504,1,1,4,5.0,6
griddly,heuristic,,,,medium,baseline,heavy,many,open,high,many,low,4,2,enemy_profile,heavy,120,11,28,39,ofat_real,ofat:factor=enemy_profile:value=heavy:size=medium:map_type=baseline:enemy_profile=heavy:item_profile=many:wall_profile=open:player_hp=4:enemy_hp=2:agent=heuristic,0,7,4,0,2,13,11,4,11,0.09,1,0.9545454545454546,0.1111111111111111,6,7,2,5.5,7
griddly,heuristic,,,,medium,baseline,heavy,many,open,high,many,low,4,2,enemy_profile,heavy,120,11,29,40,ofat_real,ofat:factor=enemy_profile:value=heavy:size=medium:map_type=baseline:enemy_profile=heavy:item_profile=many:wall_profile=open:player_hp=4:enemy_hp=2:agent=heuristic,1,12,3,1,0,13,11,4,9,0.09,1,0.9444444444444444,0.09090909090909091,3,3,4,7.0,10
griddly,mcts_small,50,10,1.4142135623730951,medium,baseline,heavy,many,open,high,many,low,4,2,enemy_profile,heavy,120,11,0,11,ofat_real,ofat:factor=enemy_profile:value=heavy:size=medium:map_type=baseline:enemy_profile=heavy:item_profile=many:wall_profile=open:player_hp=4:enemy_hp=2:agent=mcts_small,0,21,4,0,1,13,11,4,15,0.09,1,0.9523809523809523,0.15151515151515152,4,6,4,5.25,8
griddly,mcts_small,50,10,1.4142135623730951,medium,baseline,heavy,many,open,high,many,low,4,2,enemy_profile,heavy,120,11,1,12,ofat_real,ofat:factor=enemy_profile:value=heavy:size=medium:map_type=baseline:enemy_profile=heavy:item_profile=many:wall_profile=open:player_hp=4:enemy_hp=2:agent=mcts_small,1,16,3,1,0,13,11,4,7,0.09,1,0.9565217391304348,0.0707070707070707,4,4,3,5.0,7
griddly,mcts_small,50,10,1.4142135623730951,medium,baseline,heavy,many,open,high,many,low,4,2,enemy_profile,heavy,120,11,2,13,ofat_real,ofat:factor=enemy_profile:value=heavy:size=medium:map_type=baseline:enemy_profile=heavy:item_profile=many:wall_profile=open:player_hp=4:enemy_hp=2:agent=mcts_small,1,15,3,1,0,13,11,4,8,0.09,1,0.9560439560439561,0.08080808080808081,3,4,2,6.75,11
griddly,mcts_small,50,10,1.4142135623730951,medium,baseline,heavy,many,open,high,many,low,4,2,enemy_profile,heavy,120,11,3,14,ofat_real,ofat:factor=enemy_profile:value=heavy:size=medium:map_type=baseline:enemy_profile=heavy:item_profile=many:wall_profile=open:player_hp=4:enemy_hp=2:agent=mcts_small,1,17,2,2,0,13,11,4,6,0.09,1,0.956989247311828,0.06060606060606061,2,2,2,6.75,12
griddly,mcts_small,50,10,1.4142135623730951,medium,baseline,heavy,many,open,high,many,low,4,2,enemy_profile,heavy,120,11,4,15,ofat_real,ofat:factor=enemy_profile:value=heavy:size=medium:map_type=baseline:enemy_profile=heavy:item_profile=many:wall_profile=open:player_hp=4:enemy_hp=2:agent=mcts_small,1,21,3,1,0,13,11,4,8,0.09,1,0.9560439560439561,0.08080808080808081,2,3,3,5.25,7
griddly,mcts_small,50,10,1.4142135623730951,medium,baseline,heavy,many,open,high,many,low,4,2,enemy_profile,heavy,120,11,5,16,ofat_real,ofat:factor=enemy_profile:value=heavy:size=medium:map_type=baseline:enemy_profile=heavy:item_profile=many:wall_profile=open:player_hp=4:enemy_hp=2:agent=mcts_small,1,31,2,2,0,13,11,4,9,0.09,1,0.9333333333333333,0.09090909090909091,4,8,5,7.75,10
griddly,mcts_small,50,10,1.4142135623730951,medium,baseline,heavy,many,open,high,many,low,4,2,enemy_profile,heavy,120,11,6,17,ofat_real,ofat:factor=enemy_profile:value=heavy:size=medium:map_type=baseline:enemy_profile=heavy:item_profile=many:wall_profile=open:player_hp=4:enemy_hp=2:agent=mcts_small,0,9,4,0,3,13,11,4,8,0.09,1,0.9560439560439561,0.08080808080808081,2,6,6,9.25,13
griddly,mcts_small,50,10,1.4142135623730951,medium,baseline,heavy,many,open,high,many,low,4,2,enemy_profile,heavy,120,11,7,18,ofat_real,ofat:factor=enemy_profile:value=heavy:size=medium:map_type=baseline:enemy_profile=heavy:item_profile=many:wall_profile=open:player_hp=4:enemy_hp=2:agent=mcts_small,0,15,4,0,4,13,11,4,7,0.09,1,0.9565217391304348,0.0707070707070707,1,1,7,8.5,11
griddly,mcts_small,50,10,1.4142135623730951,medium,baseline,heavy,many,open,high,many,low,4,2,enemy_profile,heavy,120,11,8,19,ofat_real,ofat:factor=enemy_profile:value=heavy:size=medium:map_type=baseline:enemy_profile=heavy:item_profile=many:wall_profile=open:player_hp=4:enemy_hp=2:agent=mcts_small,0,9,4,0,4,13,11,4,10,0.09,1,0.9550561797752809,0.10101010101010101,3,3,4,7.25,14
griddly,mcts_small,50,10,1.4142135623730951,medium,baseline,heavy,many,open,high,many,low,4,2,enemy_profile,heavy,120,11,9,20,ofat_real,ofat:factor=enemy_profile:value=heavy:size=medium:map_type=baseline:enemy_profile=heavy:item_profile=many:wall_profile=open:player_hp=4:enemy_hp=2:agent=mcts_small,1,22,3,1,0,13,11,4,11,0.09,1,0.9431818181818182,0.1111111111111111,1,1,3,6.5,11
griddly,mcts_small,50,10,1.4142135623730951,medium,baseline,heavy,many,open,high,many,low,4,2,enemy_profile,heavy,120,11,10,21,ofat_real,ofat:factor=enemy_profile:value=heavy:size=medium:map_type=baseline:enemy_profile=heavy:item_profile=many:wall_profile=open:player_hp=4:enemy_hp=2:agent=mcts_small,1,16,3,1,0,13,11,4,7,0.09,1,0.9565217391304348,0.0707070707070707,2,2,3,7.0,12
griddly,mcts_small,50,10,1.4142135623730951,medium,baseline,heavy,many,open,high,many,low,4,2,enemy_profile,heavy,120,11,11,22,ofat_real,ofat:factor=enemy_profile:value=heavy:size=medium:map_type=baseline:enemy_profile=heavy:item_profile=many:wall_profile=open:player_hp=4:enemy_hp=2:agent=mcts_small,0,8,4,0,3,13,11,4,9,0.09,1,0.9555555555555556,0.09090909090909091,5,10,2,5.0,9
griddly,mcts_small,50,10,1.4142135623730951,medium,baseline,heavy,many,open,high,many,low,4,2,enemy_profile,heavy,120,11,12,23,ofat_real,ofat:factor=enemy_profile:value=heavy:size=medium:map_type=baseline:enemy_profile=heavy:item_profile=many:wall_profile=open:player_hp=4:enemy_hp=2:agent=mcts_small,0,10,4,0,3,13,11,4,5,0.09,1,0.9574468085106383,0.050505050505050504,1,3,5,5.75,7
griddly,mcts_small,50,10,1.4142135623730951,medium,baseline,heavy,many,open,high,many,low,4,2,enemy_profile,heavy,120,11,13,24,ofat_real,ofat:factor=enemy_profile:value=heavy:size=medium:map_type=baseline:enemy_profile=heavy:item_profile=many:wall_profile=open:player_hp=4:enemy_hp=2:agent=mcts_small,1,14,2,2,0,13,11,4,8,0.09,1,0.9560439560439561,0.08080808080808081,2,3,5,6.25,8
griddly,mcts_small,50,10,1.4142135623730951,medium,baseline,heavy,many,open,high,many,low,4,2,enemy_profile,heavy,120,11,14,25,ofat_real,ofat:factor=enemy_profile:value=heavy:size=medium:map_type=baseline:enemy_profile=heavy:item_profile=many:wall_profile=open:player_hp=4:enemy_hp=2:agent=mcts_small,0,18,4,0,2,13,11,4,14,0.09,1,0.9529411764705882,0.1414141414141414,3,11,2,5.75,8
griddly,mcts_small,50,10,1.4142135623730951,medium,baseline,heavy,many,open,high,many,low,4,2,enemy_profile,heavy,120,11,15,26,ofat_real,ofat:factor=enemy_profile:value=heavy:size=medium:map_type=baseline:enemy_profile=heavy:item_profile=many:wall_profile=open:player_hp=4:enemy_hp=2:agent=mcts_small,0,5,4,0,4,13,11,4,10,0.09,1,0.9550561797752809,0.10101010101010101,5,7,2,3.5,6
griddly,mcts_small,50,10,1.4142135623730951,medium,baseline,heavy,many,open,high,many,low,4,2,enemy_profile,heavy,120,11,16,27,ofat_real,ofat:factor=enemy_profile:value=heavy:size=medium:map_type=baseline:enemy_profile=heavy:item_profile=many:wall_profile=open:player_hp=4:enemy_hp=2:agent=mcts_small,1,24,2,2,0,13,11,4,13,0.09,1,0.8953488372093024,0.13131313131313133,5,6,3,6.75,9
griddly,mcts_small,50,10,1.4142135623730951,medium,baseline,heavy,many,open,high,many,low,4,2,enemy_profile,heavy,120,11,17,28,ofat_real,ofat:factor=enemy_profile:value=heavy:size=medium:map_type=baseline:enemy_profile=heavy:item_profile=many:wall_profile=open:player_hp=4:enemy_hp=2:agent=mcts_small,0,13,4,0,3,13,11,4,12,0.09,1,0.9310344827586207,0.12121212121212122,4,4,6,6.75,8
griddly,mcts_small,50,10,1.4142135623730951,medium,baseline,heavy,many,open,high,many,low,4,2,enemy_profile,heavy,120,11,18,29,ofat_real,ofat:factor=enemy_profile:value=heavy:size=medium:map_type=baseline:enemy_profile=heavy:item_profile=many:wall_profile=open:player_hp=4:enemy_hp=2:agent=mcts_small,0,13,4,0,4,13,11,4,10,0.09,1,0.9550561797752809,0.10101010101010101,3,4,3,6.25,8
griddly,mcts_small,50,10,1.4142135623730951,medium,baseline,heavy,many,open,high,many,low,4,2,enemy_profile,heavy,120,11,19,30,ofat_real,ofat:factor=enemy_profile:value=heavy:size=medium:map_type=baseline:enemy_profile=heavy:item_profile=many:wall_profile=open:player_hp=4:enemy_hp=2:agent=mcts_small,0,10,4,0,4,13,11,4,6,0.09,1,0.956989247311828,0.06060606060606061,2,2,4,4.75,6
griddly,mcts_small,50,10,1.4142135623730951,medium,baseline,heavy,many,open,high,many,low,4,2,enemy_profile,heavy,120,11,20,31,ofat_real,ofat:factor=enemy_profile:value=heavy:size=medium:map_type=baseline:enemy_profile=heavy:item_profile=many:wall_profile=open:player_hp=4:enemy_hp=2:agent=mcts_small,1,27,3,1,0,13,11,4,6,0.09,1,0.956989247311828,0.06060606060606061,1,2,4,10.5,16
griddly,mcts_small,50,10,1.4142135623730951,medium,baseline,heavy,many,open,high,many,low,4,2,enemy_profile,heavy,120,11,21,32,ofat_real,ofat:factor=enemy_profile:value=heavy:size=medium:map_type=baseline:enemy_profile=heavy:item_profile=many:wall_profile=open:player_hp=4:enemy_hp=2:agent=mcts_small,1,24,2,2,0,13,11,4,12,0.09,1,0.9540229885057471,0.12121212121212122,3,3,4,8.25,11
griddly,mcts_small,50,10,1.4142135623730951,medium,baseline,heavy,many,open,high,many,low,4,2,enemy_profile,heavy,120,11,22,33,ofat_real,ofat:factor=enemy_profile:value=heavy:size=medium:map_type=baseline:enemy_profile=heavy:item_profile=many:wall_profile=open:player_hp=4:enemy_hp=2:agent=mcts_small,1,20,3,1,0,13,11,4,9,0.09,1,0.9444444444444444,0.09090909090909091,2,2,5,9.0,11
griddly,mcts_small,50,10,1.4142135623730951,medium,baseline,heavy,many,open,high,many,low,4,2,enemy_profile,heavy,120,11,23,34,ofat_real,ofat:factor=enemy_profile:value=heavy:size=medium:map_type=baseline:enemy_profile=heavy:item_profile=many:wall_profile=open:player_hp=4:enemy_hp=2:agent=mcts_small,0,10,4,0,3,13,11,4,7,0.09,1,0.9456521739130435,0.0707070707070707,1,1,2,6.25,14
griddly,mcts_small,50,10,1.4142135623730951,medium,baseline,heavy,many,open,high,many,low,4,2,enemy_profile,heavy,120,11,24,35,ofat_real,ofat:factor=enemy_profile:value=heavy:size=medium:map_type=baseline:enemy_profile=heavy:item_profile=many:wall_profile=open:player_hp=4:enemy_hp=2:agent=mcts_small,1,15,3,1,0,13,11,4,7,0.09,1,0.9456521739130435,0.0707070707070707,1,2,2,3.25,6
griddly,mcts_small,50,10,1.4142135623730951,medium,baseline,heavy,many,open,high,many,low,4,2,enemy_profile,heavy,120,11,25,36,ofat_real,ofat:factor=enemy_profile:value=heavy:size=medium:map_type=baseline:enemy_profile=heavy:item_profile=many:wall_profile=open:player_hp=4:enemy_hp=2:agent=mcts_small,0,12,4,0,3,13,11,4,12,0.09,1,0.9540229885057471,0.12121212121212122,4,4,4,7.0,10
griddly,mcts_small,50,10,1.4142135623730951,medium,baseline,heavy,many,open,high,many,low,4,2,enemy_profile,heavy,120,11,26,37,ofat_real,ofat:factor=enemy_profile:value=heavy:size=medium:map_type=baseline:enemy_profile=heavy:item_profile=many:wall_profile=open:player_hp=4:enemy_hp=2:agent=mcts_small,0,18,4,0,3,13,11,4,15,0.09,1,0.9523809523809523,0.15151515151515152,6,6,4,10.75,14
griddly,mcts_small,50,10,1.4142135623730951,medium,baseline,heavy,many,open,high,many,low,4,2,enemy_profile,heavy,120,11,27,38,ofat_real,ofat:factor=enemy_profile:value=heavy:size=medium:map_type=baseline:enemy_profile=heavy:item_profile=many:wall_profile=open:player_hp=4:enemy_hp=2:agent=mcts_small,0,11,4,0,3,13,11,4,5,0.09,1,0.9574468085106383,0.050505050505050504,1,1,4,5.0,6
griddly,mcts_small,50,10,1.4142135623730951,medium,baseline,heavy,many,open,high,many,low,4,2,enemy_profile,heavy,120,11,28,39,ofat_real,ofat:factor=enemy_profile:value=heavy:size=medium:map_type=baseline:enemy_profile=heavy:item_profile=many:wall_profile=open:player_hp=4:enemy_hp=2:agent=mcts_small,1,16,3,1,0,13,11,4,11,0.09,1,0.9545454545454546,0.1111111111111111,6,7,2,5.5,7
griddly,mcts_small,50,10,1.4142135623730951,medium,baseline,heavy,many,open,high,many,low,4,2,enemy_profile,heavy,120,11,29,40,ofat_real,ofat:factor=enemy_profile:value=heavy:size=medium:map_type=baseline:enemy_profile=heavy:item_profile=many:wall_profile=open:player_hp=4:enemy_hp=2:agent=mcts_small,1,18,2,2,0,13,11,4,9,0.09,1,0.9444444444444444,0.09090909090909091,3,3,4,7.0,10
griddly,mcts_medium,200,30,1.4142135623730951,medium,baseline,heavy,many,open,high,many,low,4,2,enemy_profile,heavy,120,11,0,11,ofat_real,ofat:factor=enemy_profile:value=heavy:size=medium:map_type=baseline:enemy_profile=heavy:item_profile=many:wall_profile=open:player_hp=4:enemy_hp=2:agent=mcts_medium,1,29,2,2,0,13,11,4,15,0.09,1,0.9523809523809523,0.15151515151515152,4,6,4,5.25,8
griddly,mcts_medium,200,30,1.4142135623730951,medium,baseline,heavy,many,open,high,many,low,4,2,enemy_profile,heavy,120,11,1,12,ofat_real,ofat:factor=enemy_profile:value=heavy:size=medium:map_type=baseline:enemy_profile=heavy:item_profile=many:wall_profile=open:player_hp=4:enemy_hp=2:agent=mcts_medium,1,14,3,1,0,13,11,4,7,0.09,1,0.9565217391304348,0.0707070707070707,4,4,3,5.0,7
griddly,mcts_medium,200,30,1.4142135623730951,medium,baseline,heavy,many,open,high,many,low,4,2,enemy_profile,heavy,120,11,2,13,ofat_real,ofat:factor=enemy_profile:value=heavy:size=medium:map_type=baseline:enemy_profile=heavy:item_profile=many:wall_profile=open:player_hp=4:enemy_hp=2:agent=mcts_medium,1,16,2,2,0,13,11,4,8,0.09,1,0.9560439560439561,0.08080808080808081,3,4,2,6.75,11
griddly,mcts_medium,200,30,1.4142135623730951,medium,baseline,heavy,many,open,high,many,low,4,2,enemy_profile,heavy,120,11,3,14,ofat_real,ofat:factor=enemy_profile:value=heavy:size=medium:map_type=baseline:enemy_profile=heavy:item_profile=many:wall_profile=open:player_hp=4:enemy_hp=2:agent=mcts_medium,1,16,3,1,0,13,11,4,6,0.09,1,0.956989247311828,0.06060606060606061,2,2,2,6.75,12
griddly,mcts_medium,200,30,1.4142135623730951,medium,baseline,heavy,many,open,high,many,low,4,2,enemy_profile,heavy,120,11,4,15,ofat_real,ofat:factor=enemy_profile:value=heavy:size=medium:map_type=baseline:enemy_profile=heavy:item_profile=many:wall_profile=open:player_hp=4:enemy_hp=2:agent=mcts_medium,1,10,3,1,0,13,11,4,8,0.09,1,0.9560439560439561,0.08080808080808081,2,3,3,5.25,7
griddly,mcts_medium,200,30,1.4142135623730951,medium,baseline,heavy,many,open,high,many,low,4,2,enemy_profile,heavy,120,11,5,16,ofat_real,ofat:factor=enemy_profile:value=heavy:size=medium:map_type=baseline:enemy_profile=heavy:item_profile=many:wall_profile=open:player_hp=4:enemy_hp=2:agent=mcts_medium,1,19,2,2,0,13,11,4,9,0.09,1,0.9333333333333333,0.09090909090909091,4,8,5,7.75,10
griddly,mcts_medium,200,30,1.4142135623730951,medium,baseline,heavy,many,open,high,many,low,4,2,enemy_profile,heavy,120,11,6,17,ofat_real,ofat:factor=enemy_profile:value=heavy:size=medium:map_type=baseline:enemy_profile=heavy:item_profile=many:wall_profile=open:player_hp=4:enemy_hp=2:agent=mcts_medium,0,15,4,0,3,13,11,4,8,0.09,1,0.9560439560439561,0.08080808080808081,2,6,6,9.25,13
griddly,mcts_medium,200,30,1.4142135623730951,medium,baseline,heavy,many,open,high,many,low,4,2,enemy_profile,heavy,120,11,7,18,ofat_real,ofat:factor=enemy_profile:value=heavy:size=medium:map_type=baseline:enemy_profile=heavy:item_profile=many:wall_profile=open:player_hp=4:enemy_hp=2:agent=mcts_medium,1,28,1,3,0,13,11,4,7,0.09,1,0.9565217391304348,0.0707070707070707,1,1,7,8.5,11
griddly,mcts_medium,200,30,1.4142135623730951,medium,baseline,heavy,many,open,high,many,low,4,2,enemy_profile,heavy,120,11,8,19,ofat_real,ofat:factor=enemy_profile:value=heavy:size=medium:map_type=baseline:enemy_profile=heavy:item_profile=many:wall_profile=open:player_hp=4:enemy_hp=2:agent=mcts_medium,0,8,4,0,4,13,11,4,10,0.09,1,0.9550561797752809,0.10101010101010101,3,3,4,7.25,14
griddly,mcts_medium,200,30,1.4142135623730951,medium,baseline,heavy,many,open,high,many,low,4,2,enemy_profile,heavy,120,11,9,20,ofat_real,ofat:factor=enemy_profile:value=heavy:size=medium:map_type=baseline:enemy_profile=heavy:item_profile=many:wall_profile=open:player_hp=4:enemy_hp=2:agent=mcts_medium,1,22,2,2,0,13,11,4,11,0.09,1,0.9431818181818182,0.1111111111111111,1,1,3,6.5,11
griddly,mcts_medium,200,30,1.4142135623730951,medium,baseline,heavy,many,open,high,many,low,4,2,enemy_profile,heavy,120,11,10,21,ofat_real,ofat:factor=enemy_profile:value=heavy:size=medium:map_type=baseline:enemy_profile=heavy:item_profile=many:wall_profile=open:player_hp=4:enemy_hp=2:agent=mcts_medium,1,16,3,1,0,13,11,4,7,0.09,1,0.9565217391304348,0.0707070707070707,2,2,3,7.0,12
griddly,mcts_medium,200,30,1.4142135623730951,medium,baseline,heavy,many,open,high,many,low,4,2,enemy_profile,heavy,120,11,11,22,ofat_real,ofat:factor=enemy_profile:value=heavy:size=medium:map_type=baseline:enemy_profile=heavy:item_profile=many:wall_profile=open:player_hp=4:enemy_hp=2:agent=mcts_medium,0,17,4,0,1,13,11,4,9,0.09,1,0.9555555555555556,0.09090909090909091,5,10,2,5.0,9
griddly,mcts_medium,200,30,1.4142135623730951,medium,baseline,heavy,many,open,high,many,low,4,2,enemy_profile,heavy,120,11,12,23,ofat_real,ofat:factor=enemy_profile:value=heavy:size=medium:map_type=baseline:enemy_profile=heavy:item_profile=many:wall_profile=open:player_hp=4:enemy_hp=2:agent=mcts_medium,1,12,2,2,0,13,11,4,5,0.09,1,0.9574468085106383,0.050505050505050504,1,3,5,5.75,7
griddly,mcts_medium,200,30,1.4142135623730951,medium,baseline,heavy,many,open,high,many,low,4,2,enemy_profile,heavy,120,11,13,24,ofat_real,ofat:factor=enemy_profile:value=heavy:size=medium:map_type=baseline:enemy_profile=heavy:item_profile=many:wall_profile=open:player_hp=4:enemy_hp=2:agent=mcts_medium,1,16,3,1,0,13,11,4,8,0.09,1,0.9560439560439561,0.08080808080808081,2,3,5,6.25,8
griddly,mcts_medium,200,30,1.4142135623730951,medium,baseline,heavy,many,open,high,many,low,4,2,enemy_profile,heavy,120,11,14,25,ofat_real,ofat:factor=enemy_profile:value=heavy:size=medium:map_type=baseline:enemy_profile=heavy:item_profile=many:wall_profile=open:player_hp=4:enemy_hp=2:agent=mcts_medium,1,19,3,1,0,13,11,4,14,0.09,1,0.9529411764705882,0.1414141414141414,3,11,2,5.75,8
griddly,mcts_medium,200,30,1.4142135623730951,medium,baseline,heavy,many,open,high,many,low,4,2,enemy_profile,heavy,120,11,15,26,ofat_real,ofat:factor=enemy_profile:value=heavy:size=medium:map_type=baseline:enemy_profile=heavy:item_profile=many:wall_profile=open:player_hp=4:enemy_hp=2:agent=mcts_medium,0,5,4,0,4,13,11,4,10,0.09,1,0.9550561797752809,0.10101010101010101,5,7,2,3.5,6
griddly,mcts_medium,200,30,1.4142135623730951,medium,baseline,heavy,many,open,high,many,low,4,2,enemy_profile,heavy,120,11,16,27,ofat_real,ofat:factor=enemy_profile:value=heavy:size=medium:map_type=baseline:enemy_profile=heavy:item_profile=many:wall_profile=open:player_hp=4:enemy_hp=2:agent=mcts_medium,1,21,2,2,0,13,11,4,13,0.09,1,0.8953488372093024,0.13131313131313133,5,6,3,6.75,9
griddly,mcts_medium,200,30,1.4142135623730951,medium,baseline,heavy,many,open,high,many,low,4,2,enemy_profile,heavy,120,11,17,28,ofat_real,ofat:factor=enemy_profile:value=heavy:size=medium:map_type=baseline:enemy_profile=heavy:item_profile=many:wall_profile=open:player_hp=4:enemy_hp=2:agent=mcts_medium,1,26,3,1,0,13,11,4,12,0.09,1,0.9310344827586207,0.12121212121212122,4,4,6,6.75,8
griddly,mcts_medium,200,30,1.4142135623730951,medium,baseline,heavy,many,open,high,many,low,4,2,enemy_profile,heavy,120,11,18,29,ofat_real,ofat:factor=enemy_profile:value=heavy:size=medium:map_type=baseline:enemy_profile=heavy:item_profile=many:wall_profile=open:player_hp=4:enemy_hp=2:agent=mcts_medium,1,24,3,1,0,13,11,4,10,0.09,1,0.9550561797752809,0.10101010101010101,3,4,3,6.25,8
griddly,mcts_medium,200,30,1.4142135623730951,medium,baseline,heavy,many,open,high,many,low,4,2,enemy_profile,heavy,120,11,19,30,ofat_real,ofat:factor=enemy_profile:value=heavy:size=medium:map_type=baseline:enemy_profile=heavy:item_profile=many:wall_profile=open:player_hp=4:enemy_hp=2:agent=mcts_medium,1,18,2,2,0,13,11,4,6,0.09,1,0.956989247311828,0.06060606060606061,2,2,4,4.75,6
griddly,mcts_medium,200,30,1.4142135623730951,medium,baseline,heavy,many,open,high,many,low,4,2,enemy_profile,heavy,120,11,20,31,ofat_real,ofat:factor=enemy_profile:value=heavy:size=medium:map_type=baseline:enemy_profile=heavy:item_profile=many:wall_profile=open:player_hp=4:enemy_hp=2:agent=mcts_medium,1,22,2,2,0,13,11,4,6,0.09,1,0.956989247311828,0.06060606060606061,1,2,4,10.5,16
griddly,mcts_medium,200,30,1.4142135623730951,medium,baseline,heavy,many,open,high,many,low,4,2,enemy_profile,heavy,120,11,21,32,ofat_real,ofat:factor=enemy_profile:value=heavy:size=medium:map_type=baseline:enemy_profile=heavy:item_profile=many:wall_profile=open:player_hp=4:enemy_hp=2:agent=mcts_medium,1,16,3,1,0,13,11,4,12,0.09,1,0.9540229885057471,0.12121212121212122,3,3,4,8.25,11
griddly,mcts_medium,200,30,1.4142135623730951,medium,baseline,heavy,many,open,high,many,low,4,2,enemy_profile,heavy,120,11,22,33,ofat_real,ofat:factor=enemy_profile:value=heavy:size=medium:map_type=baseline:enemy_profile=heavy:item_profile=many:wall_profile=open:player_hp=4:enemy_hp=2:agent=mcts_medium,0,13,4,0,1,13,11,4,9,0.09,1,0.9444444444444444,0.09090909090909091,2,2,5,9.0,11
griddly,mcts_medium,200,30,1.4142135623730951,medium,baseline,heavy,many,open,high,many,low,4,2,enemy_profile,heavy,120,11,23,34,ofat_real,ofat:factor=enemy_profile:value=heavy:size=medium:map_type=baseline:enemy_profile=heavy:item_profile=many:wall_profile=open:player_hp=4:enemy_hp=2:agent=mcts_medium,0,8,4,0,2,13,11,4,7,0.09,1,0.9456521739130435,0.0707070707070707,1,1,2,6.25,14
griddly,mcts_medium,200,30,1.4142135623730951,medium,baseline,heavy,many,open,high,many,low,4,2,enemy_profile,heavy,120,11,24,35,ofat_real,ofat:factor=enemy_profile:value=heavy:size=medium:map_type=baseline:enemy_profile=heavy:item_profile=many:wall_profile=open:player_hp=4:enemy_hp=2:agent=mcts_medium,1,27,3,1,0,13,11,4,7,0.09,1,0.9456521739130435,0.0707070707070707,1,2,2,3.25,6
griddly,mcts_medium,200,30,1.4142135623730951,medium,baseline,heavy,many,open,high,many,low,4,2,enemy_profile,heavy,120,11,25,36,ofat_real,ofat:factor=enemy_profile:value=heavy:size=medium:map_type=baseline:enemy_profile=heavy:item_profile=many:wall_profile=open:player_hp=4:enemy_hp=2:agent=mcts_medium,0,11,4,0,3,13,11,4,12,0.09,1,0.9540229885057471,0.12121212121212122,4,4,4,7.0,10
griddly,mcts_medium,200,30,1.4142135623730951,medium,baseline,heavy,many,open,high,many,low,4,2,enemy_profile,heavy,120,11,26,37,ofat_real,ofat:factor=enemy_profile:value=heavy:size=medium:map_type=baseline:enemy_profile=heavy:item_profile=many:wall_profile=open:player_hp=4:enemy_hp=2:agent=mcts_medium,1,20,3,1,0,13,11,4,15,0.09,1,0.9523809523809523,0.15151515151515152,6,6,4,10.75,14
griddly,mcts_medium,200,30,1.4142135623730951,medium,baseline,heavy,many,open,high,many,low,4,2,enemy_profile,heavy,120,11,27,38,ofat_real,ofat:factor=enemy_profile:value=heavy:size=medium:map_type=baseline:enemy_profile=heavy:item_profile=many:wall_profile=open:player_hp=4:enemy_hp=2:agent=mcts_medium,0,8,4,0,4,13,11,4,5,0.09,1,0.9574468085106383,0.050505050505050504,1,1,4,5.0,6
griddly,mcts_medium,200,30,1.4142135623730951,medium,baseline,heavy,many,open,high,many,low,4,2,enemy_profile,heavy,120,11,28,39,ofat_real,ofat:factor=enemy_profile:value=heavy:size=medium:map_type=baseline:enemy_profile=heavy:item_profile=many:wall_profile=open:player_hp=4:enemy_hp=2:agent=mcts_medium,0,13,4,0,2,13,11,4,11,0.09,1,0.9545454545454546,0.1111111111111111,6,7,2,5.5,7
griddly,mcts_medium,200,30,1.4142135623730951,medium,baseline,heavy,many,open,high,many,low,4,2,enemy_profile,heavy,120,11,29,40,ofat_real,ofat:factor=enemy_profile:value=heavy:size=medium:map_type=baseline:enemy_profile=heavy:item_profile=many:wall_profile=open:player_hp=4:enemy_hp=2:agent=mcts_medium,0,18,4,0,2,13,11,4,9,0.09,1,0.9444444444444444,0.09090909090909091,3,3,4,7.0,10
griddly,random,,,,medium,baseline,medium_plus,few,open,medium_plus,few,low,4,2,item_profile,few,120,11,0,11,ofat_real,ofat:factor=item_profile:value=few:size=medium:map_type=baseline:enemy_profile=medium_plus:item_profile=few:wall_profile=open:player_hp=4:enemy_hp=2:agent=random,0,11,4,0,3,13,11,3,16,0.09,1,0.963855421686747,0.16161616161616163,6,8,4,4.333333333333333,5
griddly,random,,,,medium,baseline,medium_plus,few,open,medium_plus,few,low,4,2,item_profile,few,120,11,1,12,ofat_real,ofat:factor=item_profile:value=few:size=medium:map_type=baseline:enemy_profile=medium_plus:item_profile=few:wall_profile=open:player_hp=4:enemy_hp=2:agent=random,0,9,4,0,2,13,11,3,7,0.09,1,0.967391304347826,0.0707070707070707,2,2,3,5.0,7
griddly,random,,,,medium,baseline,medium_plus,few,open,medium_plus,few,low,4,2,item_profile,few,120,11,2,13,ofat_real,ofat:factor=item_profile:value=few:size=medium:map_type=baseline:enemy_profile=medium_plus:item_profile=few:wall_profile=open:player_hp=4:enemy_hp=2:agent=random,0,10,4,0,3,13,11,3,8,0.09,1,0.967032967032967,0.08080808080808081,3,5,2,5.333333333333333,9
griddly,random,,,,medium,baseline,medium_plus,few,open,medium_plus,few,low,4,2,item_profile,few,120,11,3,14,ofat_real,ofat:factor=item_profile:value=few:size=medium:map_type=baseline:enemy_profile=medium_plus:item_profile=few:wall_profile=open:player_hp=4:enemy_hp=2:agent=random,0,12,4,0,3,13,11,3,6,0.09,1,0.967741935483871,0.06060606060606061,2,4,3,8.333333333333334,12
griddly,random,,,,medium,baseline,medium_plus,few,open,medium_plus,few,low,4,2,item_profile,few,120,11,4,15,ofat_real,ofat:factor=item_profile:value=few:size=medium:map_type=baseline:enemy_profile=medium_plus:item_profile=few:wall_profile=open:player_hp=4:enemy_hp=2:agent=random,0,12,4,0,3,13,11,3,8,0.09,1,0.967032967032967,0.08080808080808081,2,3,3,5.0,7
griddly,random,,,,medium,baseline,medium_plus,few,open,medium_plus,few,low,4,2,item_profile,few,120,11,5,16,ofat_real,ofat:factor=item_profile:value=few:size=medium:map_type=baseline:enemy_profile=medium_plus:item_profile=few:wall_profile=open:player_hp=4:enemy_hp=2:agent=random,0,11,4,0,3,13,11,3,10,0.09,1,0.9662921348314607,0.10101010101010101,5,10,7,8.666666666666666,10
griddly,random,,,,medium,baseline,medium_plus,few,open,medium_plus,few,low,4,2,item_profile,few,120,11,6,17,ofat_real,ofat:factor=item_profile:value=few:size=medium:map_type=baseline:enemy_profile=medium_plus:item_profile=few:wall_profile=open:player_hp=4:enemy_hp=2:agent=random,0,15,4,0,3,13,11,3,8,0.09,1,0.967032967032967,0.08080808080808081,2,4,6,10.0,13
griddly,random,,,,medium,baseline,medium_plus,few,open,medium_plus,few,low,4,2,item_profile,few,120,11,7,18,ofat_real,ofat:factor=item_profile:value=few:size=medium:map_type=baseline:enemy_profile=medium_plus:item_profile=few:wall_profile=open:player_hp=4:enemy_hp=2:agent=random,0,10,4,0,3,13,11,3,7,0.09,1,0.967391304347826,0.0707070707070707,1,1,7,7.666666666666667,8
griddly,random,,,,medium,baseline,medium_plus,few,open,medium_plus,few,low,4,2,item_profile,few,120,11,8,19,ofat_real,ofat:factor=item_profile:value=few:size=medium:map_type=baseline:enemy_profile=medium_plus:item_profile=few:wall_profile=open:player_hp=4:enemy_hp=2:agent=random,0,13,4,0,3,13,11,3,11,0.09,1,0.9659090909090909,0.1111111111111111,3,3,4,7.666666666666667,14
griddly,random,,,,medium,baseline,medium_plus,few,open,medium_plus,few,low,4,2,item_profile,few,120,11,9,20,ofat_real,ofat:factor=item_profile:value=few:size=medium:map_type=baseline:enemy_profile=medium_plus:item_profile=few:wall_profile=open:player_hp=4:enemy_hp=2:agent=random,0,12,4,0,2,13,11,3,11,0.09,1,0.9659090909090909,0.1111111111111111,2,3,6,8.333333333333334,11
griddly,random,,,,medium,baseline,medium_plus,few,open,medium_plus,few,low,4,2,item_profile,few,120,11,10,21,ofat_real,ofat:factor=item_profile:value=few:size=medium:map_type=baseline:enemy_profile=medium_plus:item_profile=few:wall_profile=open:player_hp=4:enemy_hp=2:agent=random,0,9,4,0,3,13,11,3,7,0.09,1,0.967391304347826,0.0707070707070707,2,2,3,5.333333333333333,9
griddly,random,,,,medium,baseline,medium_plus,few,open,medium_plus,few,low,4,2,item_profile,few,120,11,11,22,ofat_real,ofat:factor=item_profile:value=few:size=medium:map_type=baseline:enemy_profile=medium_plus:item_profile=few:wall_profile=open:player_hp=4:enemy_hp=2:agent=random,0,6,4,0,2,13,11,3,9,0.09,1,0.9666666666666667,0.09090909090909091,4,9,2,3.6666666666666665,7
griddly,random,,,,medium,baseline,medium_plus,few,open,medium_plus,few,low,4,2,item_profile,few,120,11,12,23,ofat_real,ofat:factor=item_profile:value=few:size=medium:map_type=baseline:enemy_profile=medium_plus:item_profile=few:wall_profile=open:player_hp=4:enemy_hp=2:agent=random,0,13,4,0,3,13,11,3,5,0.09,1,0.9680851063829787,0.050505050505050504,0,0,5,5.333333333333333,6
griddly,random,,,,medium,baseline,medium_plus,few,open,medium_plus,few,low,4,2,item_profile,few,120,11,13,24,ofat_real,ofat:factor=item_profile:value=few:size=medium:map_type=baseline:enemy_profile=medium_plus:item_profile=few:wall_profile=open:player_hp=4:enemy_hp=2:agent=random,0,9,4,0,3,13,11,3,8,0.09,1,0.967032967032967,0.08080808080808081,2,2,5,5.666666666666667,6
griddly,random,,,,medium,baseline,medium_plus,few,open,medium_plus,few,low,4,2,item_profile,few,120,11,14,25,ofat_real,ofat:factor=item_profile:value=few:size=medium:map_type=baseline:enemy_profile=medium_plus:item_profile=few:wall_profile=open:player_hp=4:enemy_hp=2:agent=random,0,19,4,0,2,13,11,3,14,0.09,1,0.9647058823529412,0.1414141414141414,2,3,6,7.333333333333333,8
griddly,random,,,,medium,baseline,medium_plus,few,open,medium_plus,few,low,4,2,item_profile,few,120,11,15,26,ofat_real,ofat:factor=item_profile:value=few:size=medium:map_type=baseline:enemy_profile=medium_plus:item_profile=few:wall_profile=open:player_hp=4:enemy_hp=2:agent=random,0,8,4,0,3,13,11,3,10,0.09,1,0.9662921348314607,0.10101010101010101,6,8,2,3.3333333333333335,6
griddly,random,,,,medium,baseline,medium_plus,few,open,medium_plus,few,low,4,2,item_profile,few,120,11,16,27,ofat_real,ofat:factor=item_profile:value=few:size=medium:map_type=baseline:enemy_profile=medium_plus:item_profile=few:wall_profile=open:player_hp=4:enemy_hp=2:agent=random,0,9,4,0,3,13,11,3,13,0.09,1,0.9534883720930233,0.13131313131313133,3,4,3,6.0,9
griddly,random,,,,medium,baseline,medium_plus,few,open,medium_plus,few,low,4,2,item_profile,few,120,11,17,28,ofat_real,ofat:factor=item_profile:value=few:size=medium:map_type=baseline:enemy_profile=medium_plus:item_profile=few:wall_profile=open:player_hp=4:enemy_hp=2:agent=random,0,15,4,0,2,13,11,3,12,0.09,1,0.9655172413793104,0.12121212121212122,5,5,6,7.0,8
griddly,random,,,,medium,baseline,medium_plus,few,open,medium_plus,few,low,4,2,item_profile,few,120,11,18,29,ofat_real,ofat:factor=item_profile:value=few:size=medium:map_type=baseline:enemy_profile=medium_plus:item_profile=few:wall_profile=open:player_hp=4:enemy_hp=2:agent=random,0,13,4,0,2,13,11,3,10,0.09,1,0.9662921348314607,0.10101010101010101,2,3,6,7.333333333333333,8
griddly,random,,,,medium,baseline,medium_plus,few,open,medium_plus,few,low,4,2,item_profile,few,120,11,19,30,ofat_real,ofat:factor=item_profile:value=few:size=medium:map_type=baseline:enemy_profile=medium_plus:item_profile=few:wall_profile=open:player_hp=4:enemy_hp=2:agent=random,0,9,4,0,3,13,11,3,7,0.09,1,0.967391304347826,0.0707070707070707,2,2,4,4.333333333333333,5
griddly,random,,,,medium,baseline,medium_plus,few,open,medium_plus,few,low,4,2,item_profile,few,120,11,20,31,ofat_real,ofat:factor=item_profile:value=few:size=medium:map_type=baseline:enemy_profile=medium_plus:item_profile=few:wall_profile=open:player_hp=4:enemy_hp=2:agent=random,0,11,4,0,3,13,11,3,6,0.09,1,0.967741935483871,0.06060606060606061,1,1,4,8.666666666666666,13
griddly,random,,,,medium,baseline,medium_plus,few,open,medium_plus,few,low,4,2,item_profile,few,120,11,21,32,ofat_real,ofat:factor=item_profile:value=few:size=medium:map_type=baseline:enemy_profile=medium_plus:item_profile=few:wall_profile=open:player_hp=4:enemy_hp=2:agent=random,0,15,4,0,3,13,11,3,12,0.09,1,0.9655172413793104,0.12121212121212122,3,3,4,7.333333333333333,10
griddly,random,,,,medium,baseline,medium_plus,few,open,medium_plus,few,low,4,2,item_profile,few,120,11,22,33,ofat_real,ofat:factor=item_profile:value=few:size=medium:map_type=baseline:enemy_profile=medium_plus:item_profile=few:wall_profile=open:player_hp=4:enemy_hp=2:agent=random,0,13,4,0,3,13,11,3,10,0.09,1,0.9662921348314607,0.10101010101010101,0,0,5,7.0,11
griddly,random,,,,medium,baseline,medium_plus,few,open,medium_plus,few,low,4,2,item_profile,few,120,11,23,34,ofat_real,ofat:factor=item_profile:value=few:size=medium:map_type=baseline:enemy_profile=medium_plus:item_profile=few:wall_profile=open:player_hp=4:enemy_hp=2:agent=random,0,10,4,0,3,13,11,3,7,0.09,1,0.967391304347826,0.0707070707070707,2,4,4,7.666666666666667,14
griddly,random,,,,medium,baseline,medium_plus,few,open,medium_plus,few,low,4,2,item_profile,few,120,11,24,35,ofat_real,ofat:factor=item_profile:value=few:size=medium:map_type=baseline:enemy_profile=medium_plus:item_profile=few:wall_profile=open:player_hp=4:enemy_hp=2:agent=random,0,10,4,0,3,13,11,3,8,0.09,1,0.9560439560439561,0.08080808080808081,2,3,2,3.3333333333333335,6
griddly,random,,,,medium,baseline,medium_plus,few,open,medium_plus,few,low,4,2,item_profile,few,120,11,25,36,ofat_real,ofat:factor=item_profile:value=few:size=medium:map_type=baseline:enemy_profile=medium_plus:item_profile=few:wall_profile=open:player_hp=4:enemy_hp=2:agent=random,0,11,4,0,3,13,11,3,12,0.09,1,0.9655172413793104,0.12121212121212122,1,1,4,6.333333333333333,10
griddly,random,,,,medium,baseline,medium_plus,few,open,medium_plus,few,low,4,2,item_profile,few,120,11,26,37,ofat_real,ofat:factor=item_profile:value=few:size=medium:map_type=baseline:enemy_profile=medium_plus:item_profile=few:wall_profile=open:player_hp=4:enemy_hp=2:agent=random,0,17,4,0,3,13,11,3,15,0.09,1,0.9523809523809523,0.15151515151515152,3,3,4,9.0,12
griddly,random,,,,medium,baseline,medium_plus,few,open,medium_plus,few,low,4,2,item_profile,few,120,11,27,38,ofat_real,ofat:factor=item_profile:value=few:size=medium:map_type=baseline:enemy_profile=medium_plus:item_profile=few:wall_profile=open:player_hp=4:enemy_hp=2:agent=random,0,12,4,0,2,13,11,3,5,0.09,1,0.9680851063829787,0.050505050505050504,1,1,5,5.333333333333333,6
griddly,random,,,,medium,baseline,medium_plus,few,open,medium_plus,few,low,4,2,item_profile,few,120,11,28,39,ofat_real,ofat:factor=item_profile:value=few:size=medium:map_type=baseline:enemy_profile=medium_plus:item_profile=few:wall_profile=open:player_hp=4:enemy_hp=2:agent=random,0,9,4,0,3,13,11,3,11,0.09,1,0.9659090909090909,0.1111111111111111,3,5,2,5.0,7
griddly,random,,,,medium,baseline,medium_plus,few,open,medium_plus,few,low,4,2,item_profile,few,120,11,29,40,ofat_real,ofat:factor=item_profile:value=few:size=medium:map_type=baseline:enemy_profile=medium_plus:item_profile=few:wall_profile=open:player_hp=4:enemy_hp=2:agent=random,0,22,4,0,1,13,11,3,9,0.09,1,0.9555555555555556,0.09090909090909091,1,2,5,8.0,10
griddly,heuristic,,,,medium,baseline,medium_plus,few,open,medium_plus,few,low,4,2,item_profile,few,120,11,0,11,ofat_real,ofat:factor=item_profile:value=few:size=medium:map_type=baseline:enemy_profile=medium_plus:item_profile=few:wall_profile=open:player_hp=4:enemy_hp=2:agent=heuristic,0,5,4,0,3,13,11,3,16,0.09,1,0.963855421686747,0.16161616161616163,6,8,4,4.333333333333333,5
griddly,heuristic,,,,medium,baseline,medium_plus,few,open,medium_plus,few,low,4,2,item_profile,few,120,11,1,12,ofat_real,ofat:factor=item_profile:value=few:size=medium:map_type=baseline:enemy_profile=medium_plus:item_profile=few:wall_profile=open:player_hp=4:enemy_hp=2:agent=heuristic,1,10,3,1,0,13,11,3,7,0.09,1,0.967391304347826,0.0707070707070707,2,2,3,5.0,7
griddly,heuristic,,,,medium,baseline,medium_plus,few,open,medium_plus,few,low,4,2,item_profile,few,120,11,2,13,ofat_real,ofat:factor=item_profile:value=few:size=medium:map_type=baseline:enemy_profile=medium_plus:item_profile=few:wall_profile=open:player_hp=4:enemy_hp=2:agent=heuristic,0,8,4,0,1,13,11,3,8,0.09,1,0.967032967032967,0.08080808080808081,3,5,2,5.333333333333333,9
griddly,heuristic,,,,medium,baseline,medium_plus,few,open,medium_plus,few,low,4,2,item_profile,few,120,11,3,14,ofat_real,ofat:factor=item_profile:value=few:size=medium:map_type=baseline:enemy_profile=medium_plus:item_profile=few:wall_profile=open:player_hp=4:enemy_hp=2:agent=heuristic,0,9,4,0,1,13,11,3,6,0.09,1,0.967741935483871,0.06060606060606061,2,4,3,8.333333333333334,12
griddly,heuristic,,,,medium,baseline,medium_plus,few,open,medium_plus,few,low,4,2,item_profile,few,120,11,4,15,ofat_real,ofat:factor=item_profile:value=few:size=medium:map_type=baseline:enemy_profile=medium_plus:item_profile=few:wall_profile=open:player_hp=4:enemy_hp=2:agent=heuristic,1,10,3,1,0,13,11,3,8,0.09,1,0.967032967032967,0.08080808080808081,2,3,3,5.0,7
griddly,heuristic,,,,medium,baseline,medium_plus,few,open,medium_plus,few,low,4,2,item_profile,few,120,11,5,16,ofat_real,ofat:factor=item_profile:value=few:size=medium:map_type=baseline:enemy_profile=medium_plus:item_profile=few:wall_profile=open:player_hp=4:enemy_hp=2:agent=heuristic,1,14,3,1,0,13,11,3,10,0.09,1,0.9662921348314607,0.10101010101010101,5,10,7,8.666666666666666,10
griddly,heuristic,,,,medium,baseline,medium_plus,few,open,medium_plus,few,low,4,2,item_profile,few,120,11,6,17,ofat_real,ofat:factor=item_profile:value=few:size=medium:map_type=baseline:enemy_profile=medium_plus:item_profile=few:wall_profile=open:player_hp=4:enemy_hp=2:agent=heuristic,0,11,4,0,1,13,11,3,8,0.09,1,0.967032967032967,0.08080808080808081,2,4,6,10.0,13
griddly,heuristic,,,,medium,baseline,medium_plus,few,open,medium_plus,few,low,4,2,item_profile,few,120,11,7,18,ofat_real,ofat:factor=item_profile:value=few:size=medium:map_type=baseline:enemy_profile=medium_plus:item_profile=few:wall_profile=open:player_hp=4:enemy_hp=2:agent=heuristic,0,11,4,0,1,13,11,3,7,0.09,1,0.967391304347826,0.0707070707070707,1,1,7,7.666666666666667,8
griddly,heuristic,,,,medium,baseline,medium_plus,few,open,medium_plus,few,low,4,2,item_profile,few,120,11,8,19,ofat_real,ofat:factor=item_profile:value=few:size=medium:map_type=baseline:enemy_profile=medium_plus:item_profile=few:wall_profile=open:player_hp=4:enemy_hp=2:agent=heuristic,0,5,4,0,2,13,11,3,11,0.09,1,0.9659090909090909,0.1111111111111111,3,3,4,7.666666666666667,14
griddly,heuristic,,,,medium,baseline,medium_plus,few,open,medium_plus,few,low,4,2,item_profile,few,120,11,9,20,ofat_real,ofat:factor=item_profile:value=few:size=medium:map_type=baseline:enemy_profile=medium_plus:item_profile=few:wall_profile=open:player_hp=4:enemy_hp=2:agent=heuristic,0,11,4,0,1,13,11,3,11,0.09,1,0.9659090909090909,0.1111111111111111,2,3,6,8.333333333333334,11
griddly,heuristic,,,,medium,baseline,medium_plus,few,open,medium_plus,few,low,4,2,item_profile,few,120,11,10,21,ofat_real,ofat:factor=item_profile:value=few:size=medium:map_type=baseline:enemy_profile=medium_plus:item_profile=few:wall_profile=open:player_hp=4:enemy_hp=2:agent=heuristic,0,8,4,0,1,13,11,3,7,0.09,1,0.967391304347826,0.0707070707070707,2,2,3,5.333333333333333,9
griddly,heuristic,,,,medium,baseline,medium_plus,few,open,medium_plus,few,low,4,2,item_profile,few,120,11,11,22,ofat_real,ofat:factor=item_profile:value=few:size=medium:map_type=baseline:enemy_profile=medium_plus:item_profile=few:wall_profile=open:player_hp=4:enemy_hp=2:agent=heuristic,0,4,4,0,3,13,11,3,9,0.09,1,0.9666666666666667,0.09090909090909091,4,9,2,3.6666666666666665,7
griddly,heuristic,,,,medium,baseline,medium_plus,few,open,medium_plus,few,low,4,2,item_profile,few,120,11,12,23,ofat_real,ofat:factor=item_profile:value=few:size=medium:map_type=baseline:enemy_profile=medium_plus:item_profile=few:wall_profile=open:player_hp=4:enemy_hp=2:agent=heuristic,0,10,4,0,1,13,11,3,5,0.09,1,0.9680851063829787,0.050505050505050504,0,0,5,5.333333333333333,6
griddly,heuristic,,,,medium,baseline,medium_plus,few,open,medium_plus,few,low,4,2,item_profile,few,120,11,13,24,ofat_real,ofat:factor=item_profile:value=few:size=medium:map_type=baseline:enemy_profile=medium_plus:item_profile=few:wall_profile=open:player_hp=4:enemy_hp=2:agent=heuristic,0,9,4,0,1,13,11,3,8,0.09,1,0.967032967032967,0.08080808080808081,2,2,5,5.666666666666667,6
griddly,heuristic,,,,medium,baseline,medium_plus,few,open,medium_plus,few,low,4,2,item_profile,few,120,11,14,25,ofat_real,ofat:factor=item_profile:value=few:size=medium:map_type=baseline:enemy_profile=medium_plus:item_profile=few:wall_profile=open:player_hp=4:enemy_hp=2:agent=heuristic,1,12,3,1,0,13,11,3,14,0.09,1,0.9647058823529412,0.1414141414141414,2,3,6,7.333333333333333,8
griddly,heuristic,,,,medium,baseline,medium_plus,few,open,medium_plus,few,low,4,2,item_profile,few,120,11,15,26,ofat_real,ofat:factor=item_profile:value=few:size=medium:map_type=baseline:enemy_profile=medium_plus:item_profile=few:wall_profile=open:player_hp=4:enemy_hp=2:agent=heuristic,0,8,4,0,1,13,11,3,10,0.09,1,0.9662921348314607,0.10101010101010101,6,8,2,3.3333333333333335,6
griddly,heuristic,,,,medium,baseline,medium_plus,few,open,medium_plus,few,low,4,2,item_profile,few,120,11,16,27,ofat_real,ofat:factor=item_profile:value=few:size=medium:map_type=baseline:enemy_profile=medium_plus:item_profile=few:wall_profile=open:player_hp=4:enemy_hp=2:agent=heuristic,0,11,4,0,1,13,11,3,13,0.09,1,0.9534883720930233,0.13131313131313133,3,4,3,6.0,9
griddly,heuristic,,,,medium,baseline,medium_plus,few,open,medium_plus,few,low,4,2,item_profile,few,120,11,17,28,ofat_real,ofat:factor=item_profile:value=few:size=medium:map_type=baseline:enemy_profile=medium_plus:item_profile=few:wall_profile=open:player_hp=4:enemy_hp=2:agent=heuristic,0,6,4,0,2,13,11,3,12,0.09,1,0.9655172413793104,0.12121212121212122,5,5,6,7.0,8
griddly,heuristic,,,,medium,baseline,medium_plus,few,open,medium_plus,few,low,4,2,item_profile,few,120,11,18,29,ofat_real,ofat:factor=item_profile:value=few:size=medium:map_type=baseline:enemy_profile=medium_plus:item_profile=few:wall_profile=open:player_hp=4:enemy_hp=2:agent=heuristic,0,9,4,0,1,13,11,3,10,0.09,1,0.9662921348314607,0.10101010101010101,2,3,6,7.333333333333333,8
griddly,heuristic,,,,medium,baseline,medium_plus,few,open,medium_plus,few,low,4,2,item_profile,few,120,11,19,30,ofat_real,ofat:factor=item_profile:value=few:size=medium:map_type=baseline:enemy_profile=medium_plus:item_profile=few:wall_profile=open:player_hp=4:enemy_hp=2:agent=heuristic,0,5,4,0,2,13,11,3,7,0.09,1,0.967391304347826,0.0707070707070707,2,2,4,4.333333333333333,5
griddly,heuristic,,,,medium,baseline,medium_plus,few,open,medium_plus,few,low,4,2,item_profile,few,120,11,20,31,ofat_real,ofat:factor=item_profile:value=few:size=medium:map_type=baseline:enemy_profile=medium_plus:item_profile=few:wall_profile=open:player_hp=4:enemy_hp=2:agent=heuristic,1,11,3,1,0,13,11,3,6,0.09,1,0.967741935483871,0.06060606060606061,1,1,4,8.666666666666666,13
griddly,heuristic,,,,medium,baseline,medium_plus,few,open,medium_plus,few,low,4,2,item_profile,few,120,11,21,32,ofat_real,ofat:factor=item_profile:value=few:size=medium:map_type=baseline:enemy_profile=medium_plus:item_profile=few:wall_profile=open:player_hp=4:enemy_hp=2:agent=heuristic,0,9,4,0,1,13,11,3,12,0.09,1,0.9655172413793104,0.12121212121212122,3,3,4,7.333333333333333,10
griddly,heuristic,,,,medium,baseline,medium_plus,few,open,medium_plus,few,low,4,2,item_profile,few,120,11,22,33,ofat_real,ofat:factor=item_profile:value=few:size=medium:map_type=baseline:enemy_profile=medium_plus:item_profile=few:wall_profile=open:player_hp=4:enemy_hp=2:agent=heuristic,1,10,3,1,0,13,11,3,10,0.09,1,0.9662921348314607,0.10101010101010101,0,0,5,7.0,11
griddly,heuristic,,,,medium,baseline,medium_plus,few,open,medium_plus,few,low,4,2,item_profile,few,120,11,23,34,ofat_real,ofat:factor=item_profile:value=few:size=medium:map_type=baseline:enemy_profile=medium_plus:item_profile=few:wall_profile=open:player_hp=4:enemy_hp=2:agent=heuristic,0,13,4,0,1,13,11,3,7,0.09,1,0.967391304347826,0.0707070707070707,2,4,4,7.666666666666667,14
griddly,heuristic,,,,medium,baseline,medium_plus,few,open,medium_plus,few,low,4,2,item_profile,few,120,11,24,35,ofat_real,ofat:factor=item_profile:value=few:size=medium:map_type=baseline:enemy_profile=medium_plus:item_profile=few:wall_profile=open:player_hp=4:enemy_hp=2:agent=heuristic,0,7,4,0,1,13,11,3,8,0.09,1,0.9560439560439561,0.08080808080808081,2,3,2,3.3333333333333335,6
griddly,heuristic,,,,medium,baseline,medium_plus,few,open,medium_plus,few,low,4,2,item_profile,few,120,11,25,36,ofat_real,ofat:factor=item_profile:value=few:size=medium:map_type=baseline:enemy_profile=medium_plus:item_profile=few:wall_profile=open:player_hp=4:enemy_hp=2:agent=heuristic,0,8,4,0,1,13,11,3,12,0.09,1,0.9655172413793104,0.12121212121212122,1,1,4,6.333333333333333,10
griddly,heuristic,,,,medium,baseline,medium_plus,few,open,medium_plus,few,low,4,2,item_profile,few,120,11,26,37,ofat_real,ofat:factor=item_profile:value=few:size=medium:map_type=baseline:enemy_profile=medium_plus:item_profile=few:wall_profile=open:player_hp=4:enemy_hp=2:agent=heuristic,0,11,4,0,1,13,11,3,15,0.09,1,0.9523809523809523,0.15151515151515152,3,3,4,9.0,12
griddly,heuristic,,,,medium,baseline,medium_plus,few,open,medium_plus,few,low,4,2,item_profile,few,120,11,27,38,ofat_real,ofat:factor=item_profile:value=few:size=medium:map_type=baseline:enemy_profile=medium_plus:item_profile=few:wall_profile=open:player_hp=4:enemy_hp=2:agent=heuristic,1,10,3,1,0,13,11,3,5,0.09,1,0.9680851063829787,0.050505050505050504,1,1,5,5.333333333333333,6
griddly,heuristic,,,,medium,baseline,medium_plus,few,open,medium_plus,few,low,4,2,item_profile,few,120,11,28,39,ofat_real,ofat:factor=item_profile:value=few:size=medium:map_type=baseline:enemy_profile=medium_plus:item_profile=few:wall_profile=open:player_hp=4:enemy_hp=2:agent=heuristic,0,7,4,0,1,13,11,3,11,0.09,1,0.9659090909090909,0.1111111111111111,3,5,2,5.0,7
griddly,heuristic,,,,medium,baseline,medium_plus,few,open,medium_plus,few,low,4,2,item_profile,few,120,11,29,40,ofat_real,ofat:factor=item_profile:value=few:size=medium:map_type=baseline:enemy_profile=medium_plus:item_profile=few:wall_profile=open:player_hp=4:enemy_hp=2:agent=heuristic,1,11,3,1,0,13,11,3,9,0.09,1,0.9555555555555556,0.09090909090909091,1,2,5,8.0,10
griddly,mcts_small,50,10,1.4142135623730951,medium,baseline,medium_plus,few,open,medium_plus,few,low,4,2,item_profile,few,120,11,0,11,ofat_real,ofat:factor=item_profile:value=few:size=medium:map_type=baseline:enemy_profile=medium_plus:item_profile=few:wall_profile=open:player_hp=4:enemy_hp=2:agent=mcts_small,1,21,2,2,0,13,11,3,16,0.09,1,0.963855421686747,0.16161616161616163,6,8,4,4.333333333333333,5
griddly,mcts_small,50,10,1.4142135623730951,medium,baseline,medium_plus,few,open,medium_plus,few,low,4,2,item_profile,few,120,11,1,12,ofat_real,ofat:factor=item_profile:value=few:size=medium:map_type=baseline:enemy_profile=medium_plus:item_profile=few:wall_profile=open:player_hp=4:enemy_hp=2:agent=mcts_small,1,18,2,2,0,13,11,3,7,0.09,1,0.967391304347826,0.0707070707070707,2,2,3,5.0,7
griddly,mcts_small,50,10,1.4142135623730951,medium,baseline,medium_plus,few,open,medium_plus,few,low,4,2,item_profile,few,120,11,2,13,ofat_real,ofat:factor=item_profile:value=few:size=medium:map_type=baseline:enemy_profile=medium_plus:item_profile=few:wall_profile=open:player_hp=4:enemy_hp=2:agent=mcts_small,0,11,4,0,2,13,11,3,8,0.09,1,0.967032967032967,0.08080808080808081,3,5,2,5.333333333333333,9
griddly,mcts_small,50,10,1.4142135623730951,medium,baseline,medium_plus,few,open,medium_plus,few,low,4,2,item_profile,few,120,11,3,14,ofat_real,ofat:factor=item_profile:value=few:size=medium:map_type=baseline:enemy_profile=medium_plus:item_profile=few:wall_profile=open:player_hp=4:enemy_hp=2:agent=mcts_small,0,17,4,0,1,13,11,3,6,0.09,1,0.967741935483871,0.06060606060606061,2,4,3,8.333333333333334,12
griddly,mcts_small,50,10,1.4142135623730951,medium,baseline,medium_plus,few,open,medium_plus,few,low,4,2,item_profile,few,120,11,4,15,ofat_real,ofat:factor=item_profile:value=few:size=medium:map_type=baseline:enemy_profile=medium_plus:item_profile=few:wall_profile=open:player_hp=4:enemy_hp=2:agent=mcts_small,0,7,4,0,3,13,11,3,8,0.09,1,0.967032967032967,0.08080808080808081,2,3,3,5.0,7
griddly,mcts_small,50,10,1.4142135623730951,medium,baseline,medium_plus,few,open,medium_plus,few,low,4,2,item_profile,few,120,11,5,16,ofat_real,ofat:factor=item_profile:value=few:size=medium:map_type=baseline:enemy_profile=medium_plus:item_profile=few:wall_profile=open:player_hp=4:enemy_hp=2:agent=mcts_small,1,23,3,1,0,13,11,3,10,0.09,1,0.9662921348314607,0.10101010101010101,5,10,7,8.666666666666666,10
griddly,mcts_small,50,10,1.4142135623730951,medium,baseline,medium_plus,few,open,medium_plus,few,low,4,2,item_profile,few,120,11,6,17,ofat_real,ofat:factor=item_profile:value=few:size=medium:map_type=baseline:enemy_profile=medium_plus:item_profile=few:wall_profile=open:player_hp=4:enemy_hp=2:agent=mcts_small,0,17,4,0,1,13,11,3,8,0.09,1,0.967032967032967,0.08080808080808081,2,4,6,10.0,13
griddly,mcts_small,50,10,1.4142135623730951,medium,baseline,medium_plus,few,open,medium_plus,few,low,4,2,item_profile,few,120,11,7,18,ofat_real,ofat:factor=item_profile:value=few:size=medium:map_type=baseline:enemy_profile=medium_plus:item_profile=few:wall_profile=open:player_hp=4:enemy_hp=2:agent=mcts_small,1,18,3,1,0,13,11,3,7,0.09,1,0.967391304347826,0.0707070707070707,1,1,7,7.666666666666667,8
griddly,mcts_small,50,10,1.4142135623730951,medium,baseline,medium_plus,few,open,medium_plus,few,low,4,2,item_profile,few,120,11,8,19,ofat_real,ofat:factor=item_profile:value=few:size=medium:map_type=baseline:enemy_profile=medium_plus:item_profile=few:wall_profile=open:player_hp=4:enemy_hp=2:agent=mcts_small,0,14,4,0,1,13,11,3,11,0.09,1,0.9659090909090909,0.1111111111111111,3,3,4,7.666666666666667,14
griddly,mcts_small,50,10,1.4142135623730951,medium,baseline,medium_plus,few,open,medium_plus,few,low,4,2,item_profile,few,120,11,9,20,ofat_real,ofat:factor=item_profile:value=few:size=medium:map_type=baseline:enemy_profile=medium_plus:item_profile=few:wall_profile=open:player_hp=4:enemy_hp=2:agent=mcts_small,0,16,4,0,2,13,11,3,11,0.09,1,0.9659090909090909,0.1111111111111111,2,3,6,8.333333333333334,11
griddly,mcts_small,50,10,1.4142135623730951,medium,baseline,medium_plus,few,open,medium_plus,few,low,4,2,item_profile,few,120,11,10,21,ofat_real,ofat:factor=item_profile:value=few:size=medium:map_type=baseline:enemy_profile=medium_plus:item_profile=few:wall_profile=open:player_hp=4:enemy_hp=2:agent=mcts_small,0,10,4,0,1,13,11,3,7,0.09,1,0.967391304347826,0.0707070707070707,2,2,3,5.333333333333333,9
griddly,mcts_small,50,10,1.4142135623730951,medium,baseline,medium_plus,few,open,medium_plus,few,low,4,2,item_profile,few,120,11,11,22,ofat_real,ofat:factor=item_profile:value=few:size=medium:map_type=baseline:enemy_profile=medium_plus:item_profile=few:wall_profile=open:player_hp=4:enemy_hp=2:agent=mcts_small,0,11,4,0,2,13,11,3,9,0.09,1,0.9666666666666667,0.09090909090909091,4,9,2,3.6666666666666665,7
griddly,mcts_small,50,10,1.4142135623730951,medium,baseline,medium_plus,few,open,medium_plus,few,low,4,2,item_profile,few,120,11,12,23,ofat_real,ofat:factor=item_profile:value=few:size=medium:map_type=baseline:enemy_profile=medium_plus:item_profile=few:wall_profile=open:player_hp=4:enemy_hp=2:agent=mcts_small,0,9,4,0,3,13,11,3,5,0.09,1,0.9680851063829787,0.050505050505050504,0,0,5,5.333333333333333,6
griddly,mcts_small,50,10,1.4142135623730951,medium,baseline,medium_plus,few,open,medium_plus,few,low,4,2,item_profile,few,120,11,13,24,ofat_real,ofat:factor=item_profile:value=few:size=medium:map_type=baseline:enemy_profile=medium_plus:item_profile=few:wall_profile=open:player_hp=4:enemy_hp=2:agent=mcts_small,1,17,3,1,0,13,11,3,8,0.09,1,0.967032967032967,0.08080808080808081,2,2,5,5.666666666666667,6
griddly,mcts_small,50,10,1.4142135623730951,medium,baseline,medium_plus,few,open,medium_plus,few,low,4,2,item_profile,few,120,11,14,25,ofat_real,ofat:factor=item_profile:value=few:size=medium:map_type=baseline:enemy_profile=medium_plus:item_profile=few:wall_profile=open:player_hp=4:enemy_hp=2:agent=mcts_small,1,17,3,1,0,13,11,3,14,0.09,1,0.9647058823529412,0.1414141414141414,2,3,6,7.333333333333333,8
griddly,mcts_small,50,10,1.4142135623730951,medium,baseline,medium_plus,few,open,medium_plus,few,low,4,2,item_profile,few,120,11,15,26,ofat_real,ofat:factor=item_profile:value=few:size=medium:map_type=baseline:enemy_profile=medium_plus:item_profile=few:wall_profile=open:player_hp=4:enemy_hp=2:agent=mcts_small,1,12,3,1,0,13,11,3,10,0.09,1,0.9662921348314607,0.10101010101010101,6,8,2,3.3333333333333335,6
griddly,mcts_small,50,10,1.4142135623730951,medium,baseline,medium_plus,few,open,medium_plus,few,low,4,2,item_profile,few,120,11,16,27,ofat_real,ofat:factor=item_profile:value=few:size=medium:map_type=baseline:enemy_profile=medium_plus:item_profile=few:wall_profile=open:player_hp=4:enemy_hp=2:agent=mcts_small,0,8,4,0,3,13,11,3,13,0.09,1,0.9534883720930233,0.13131313131313133,3,4,3,6.0,9
griddly,mcts_small,50,10,1.4142135623730951,medium,baseline,medium_plus,few,open,medium_plus,few,low,4,2,item_profile,few,120,11,17,28,ofat_real,ofat:factor=item_profile:value=few:size=medium:map_type=baseline:enemy_profile=medium_plus:item_profile=few:wall_profile=open:player_hp=4:enemy_hp=2:agent=mcts_small,1,20,2,2,0,13,11,3,12,0.09,1,0.9655172413793104,0.12121212121212122,5,5,6,7.0,8
griddly,mcts_small,50,10,1.4142135623730951,medium,baseline,medium_plus,few,open,medium_plus,few,low,4,2,item_profile,few,120,11,18,29,ofat_real,ofat:factor=item_profile:value=few:size=medium:map_type=baseline:enemy_profile=medium_plus:item_profile=few:wall_profile=open:player_hp=4:enemy_hp=2:agent=mcts_small,0,13,4,0,3,13,11,3,10,0.09,1,0.9662921348314607,0.10101010101010101,2,3,6,7.333333333333333,8
griddly,mcts_small,50,10,1.4142135623730951,medium,baseline,medium_plus,few,open,medium_plus,few,low,4,2,item_profile,few,120,11,19,30,ofat_real,ofat:factor=item_profile:value=few:size=medium:map_type=baseline:enemy_profile=medium_plus:item_profile=few:wall_profile=open:player_hp=4:enemy_hp=2:agent=mcts_small,0,14,4,0,1,13,11,3,7,0.09,1,0.967391304347826,0.0707070707070707,2,2,4,4.333333333333333,5
griddly,mcts_small,50,10,1.4142135623730951,medium,baseline,medium_plus,few,open,medium_plus,few,low,4,2,item_profile,few,120,11,20,31,ofat_real,ofat:factor=item_profile:value=few:size=medium:map_type=baseline:enemy_profile=medium_plus:item_profile=few:wall_profile=open:player_hp=4:enemy_hp=2:agent=mcts_small,0,17,4,0,1,13,11,3,6,0.09,1,0.967741935483871,0.06060606060606061,1,1,4,8.666666666666666,13
griddly,mcts_small,50,10,1.4142135623730951,medium,baseline,medium_plus,few,open,medium_plus,few,low,4,2,item_profile,few,120,11,21,32,ofat_real,ofat:factor=item_profile:value=few:size=medium:map_type=baseline:enemy_profile=medium_plus:item_profile=few:wall_profile=open:player_hp=4:enemy_hp=2:agent=mcts_small,1,21,2,2,0,13,11,3,12,0.09,1,0.9655172413793104,0.12121212121212122,3,3,4,7.333333333333333,10
griddly,mcts_small,50,10,1.4142135623730951,medium,baseline,medium_plus,few,open,medium_plus,few,low,4,2,item_profile,few,120,11,22,33,ofat_real,ofat:factor=item_profile:value=few:size=medium:map_type=baseline:enemy_profile=medium_plus:item_profile=few:wall_profile=open:player_hp=4:enemy_hp=2:agent=mcts_small,0,16,4,0,2,13,11,3,10,0.09,1,0.9662921348314607,0.10101010101010101,0,0,5,7.0,11
griddly,mcts_small,50,10,1.4142135623730951,medium,baseline,medium_plus,few,open,medium_plus,few,low,4,2,item_profile,few,120,11,23,34,ofat_real,ofat:factor=item_profile:value=few:size=medium:map_type=baseline:enemy_profile=medium_plus:item_profile=few:wall_profile=open:player_hp=4:enemy_hp=2:agent=mcts_small,0,19,4,0,1,13,11,3,7,0.09,1,0.967391304347826,0.0707070707070707,2,4,4,7.666666666666667,14
griddly,mcts_small,50,10,1.4142135623730951,medium,baseline,medium_plus,few,open,medium_plus,few,low,4,2,item_profile,few,120,11,24,35,ofat_real,ofat:factor=item_profile:value=few:size=medium:map_type=baseline:enemy_profile=medium_plus:item_profile=few:wall_profile=open:player_hp=4:enemy_hp=2:agent=mcts_small,0,5,4,0,3,13,11,3,8,0.09,1,0.9560439560439561,0.08080808080808081,2,3,2,3.3333333333333335,6
griddly,mcts_small,50,10,1.4142135623730951,medium,baseline,medium_plus,few,open,medium_plus,few,low,4,2,item_profile,few,120,11,25,36,ofat_real,ofat:factor=item_profile:value=few:size=medium:map_type=baseline:enemy_profile=medium_plus:item_profile=few:wall_profile=open:player_hp=4:enemy_hp=2:agent=mcts_small,0,16,4,0,2,13,11,3,12,0.09,1,0.9655172413793104,0.12121212121212122,1,1,4,6.333333333333333,10
griddly,mcts_small,50,10,1.4142135623730951,medium,baseline,medium_plus,few,open,medium_plus,few,low,4,2,item_profile,few,120,11,26,37,ofat_real,ofat:factor=item_profile:value=few:size=medium:map_type=baseline:enemy_profile=medium_plus:item_profile=few:wall_profile=open:player_hp=4:enemy_hp=2:agent=mcts_small,1,18,3,1,0,13,11,3,15,0.09,1,0.9523809523809523,0.15151515151515152,3,3,4,9.0,12
griddly,mcts_small,50,10,1.4142135623730951,medium,baseline,medium_plus,few,open,medium_plus,few,low,4,2,item_profile,few,120,11,27,38,ofat_real,ofat:factor=item_profile:value=few:size=medium:map_type=baseline:enemy_profile=medium_plus:item_profile=few:wall_profile=open:player_hp=4:enemy_hp=2:agent=mcts_small,0,14,4,0,1,13,11,3,5,0.09,1,0.9680851063829787,0.050505050505050504,1,1,5,5.333333333333333,6
griddly,mcts_small,50,10,1.4142135623730951,medium,baseline,medium_plus,few,open,medium_plus,few,low,4,2,item_profile,few,120,11,28,39,ofat_real,ofat:factor=item_profile:value=few:size=medium:map_type=baseline:enemy_profile=medium_plus:item_profile=few:wall_profile=open:player_hp=4:enemy_hp=2:agent=mcts_small,1,19,3,1,0,13,11,3,11,0.09,1,0.9659090909090909,0.1111111111111111,3,5,2,5.0,7
griddly,mcts_small,50,10,1.4142135623730951,medium,baseline,medium_plus,few,open,medium_plus,few,low,4,2,item_profile,few,120,11,29,40,ofat_real,ofat:factor=item_profile:value=few:size=medium:map_type=baseline:enemy_profile=medium_plus:item_profile=few:wall_profile=open:player_hp=4:enemy_hp=2:agent=mcts_small,1,24,2,2,0,13,11,3,9,0.09,1,0.9555555555555556,0.09090909090909091,1,2,5,8.0,10
griddly,mcts_medium,200,30,1.4142135623730951,medium,baseline,medium_plus,few,open,medium_plus,few,low,4,2,item_profile,few,120,11,0,11,ofat_real,ofat:factor=item_profile:value=few:size=medium:map_type=baseline:enemy_profile=medium_plus:item_profile=few:wall_profile=open:player_hp=4:enemy_hp=2:agent=mcts_medium,0,12,4,0,2,13,11,3,16,0.09,1,0.963855421686747,0.16161616161616163,6,8,4,4.333333333333333,5
griddly,mcts_medium,200,30,1.4142135623730951,medium,baseline,medium_plus,few,open,medium_plus,few,low,4,2,item_profile,few,120,11,1,12,ofat_real,ofat:factor=item_profile:value=few:size=medium:map_type=baseline:enemy_profile=medium_plus:item_profile=few:wall_profile=open:player_hp=4:enemy_hp=2:agent=mcts_medium,1,20,3,1,0,13,11,3,7,0.09,1,0.967391304347826,0.0707070707070707,2,2,3,5.0,7
griddly,mcts_medium,200,30,1.4142135623730951,medium,baseline,medium_plus,few,open,medium_plus,few,low,4,2,item_profile,few,120,11,2,13,ofat_real,ofat:factor=item_profile:value=few:size=medium:map_type=baseline:enemy_profile=medium_plus:item_profile=few:wall_profile=open:player_hp=4:enemy_hp=2:agent=mcts_medium,0,7,4,0,2,13,11,3,8,0.09,1,0.967032967032967,0.08080808080808081,3,5,2,5.333333333333333,9
griddly,mcts_medium,200,30,1.4142135623730951,medium,baseline,medium_plus,few,open,medium_plus,few,low,4,2,item_profile,few,120,11,3,14,ofat_real,ofat:factor=item_profile:value=few:size=medium:map_type=baseline:enemy_profile=medium_plus:item_profile=few:wall_profile=open:player_hp=4:enemy_hp=2:agent=mcts_medium,1,17,3,1,0,13,11,3,6,0.09,1,0.967741935483871,0.06060606060606061,2,4,3,8.333333333333334,12
griddly,mcts_medium,200,30,1.4142135623730951,medium,baseline,medium_plus,few,open,medium_plus,few,low,4,2,item_profile,few,120,11,4,15,ofat_real,ofat:factor=item_profile:value=few:size=medium:map_type=baseline:enemy_profile=medium_plus:item_profile=few:wall_profile=open:player_hp=4:enemy_hp=2:agent=mcts_medium,1,16,3,1,0,13,11,3,8,0.09,1,0.967032967032967,0.08080808080808081,2,3,3,5.0,7
griddly,mcts_medium,200,30,1.4142135623730951,medium,baseline,medium_plus,few,open,medium_plus,few,low,4,2,item_profile,few,120,11,5,16,ofat_real,ofat:factor=item_profile:value=few:size=medium:map_type=baseline:enemy_profile=medium_plus:item_profile=few:wall_profile=open:player_hp=4:enemy_hp=2:agent=mcts_medium,0,10,4,0,3,13,11,3,10,0.09,1,0.9662921348314607,0.10101010101010101,5,10,7,8.666666666666666,10
griddly,mcts_medium,200,30,1.4142135623730951,medium,baseline,medium_plus,few,open,medium_plus,few,low,4,2,item_profile,few,120,11,6,17,ofat_real,ofat:factor=item_profile:value=few:size=medium:map_type=baseline:enemy_profile=medium_plus:item_profile=few:wall_profile=open:player_hp=4:enemy_hp=2:agent=mcts_medium,1,18,3,1,0,13,11,3,8,0.09,1,0.967032967032967,0.08080808080808081,2,4,6,10.0,13
griddly,mcts_medium,200,30,1.4142135623730951,medium,baseline,medium_plus,few,open,medium_plus,few,low,4,2,item_profile,few,120,11,7,18,ofat_real,ofat:factor=item_profile:value=few:size=medium:map_type=baseline:enemy_profile=medium_plus:item_profile=few:wall_profile=open:player_hp=4:enemy_hp=2:agent=mcts_medium,1,17,2,2,0,13,11,3,7,0.09,1,0.967391304347826,0.0707070707070707,1,1,7,7.666666666666667,8
griddly,mcts_medium,200,30,1.4142135623730951,medium,baseline,medium_plus,few,open,medium_plus,few,low,4,2,item_profile,few,120,11,8,19,ofat_real,ofat:factor=item_profile:value=few:size=medium:map_type=baseline:enemy_profile=medium_plus:item_profile=few:wall_profile=open:player_hp=4:enemy_hp=2:agent=mcts_medium,0,8,4,0,3,13,11,3,11,0.09,1,0.9659090909090909,0.1111111111111111,3,3,4,7.666666666666667,14
griddly,mcts_medium,200,30,1.4142135623730951,medium,baseline,medium_plus,few,open,medium_plus,few,low,4,2,item_profile,few,120,11,9,20,ofat_real,ofat:factor=item_profile:value=few:size=medium:map_type=baseline:enemy_profile=medium_plus:item_profile=few:wall_profile=open:player_hp=4:enemy_hp=2:agent=mcts_medium,0,15,4,0,2,13,11,3,11,0.09,1,0.9659090909090909,0.1111111111111111,2,3,6,8.333333333333334,11
griddly,mcts_medium,200,30,1.4142135623730951,medium,baseline,medium_plus,few,open,medium_plus,few,low,4,2,item_profile,few,120,11,10,21,ofat_real,ofat:factor=item_profile:value=few:size=medium:map_type=baseline:enemy_profile=medium_plus:item_profile=few:wall_profile=open:player_hp=4:enemy_hp=2:agent=mcts_medium,0,12,4,0,2,13,11,3,7,0.09,1,0.967391304347826,0.0707070707070707,2,2,3,5.333333333333333,9
griddly,mcts_medium,200,30,1.4142135623730951,medium,baseline,medium_plus,few,open,medium_plus,few,low,4,2,item_profile,few,120,11,11,22,ofat_real,ofat:factor=item_profile:value=few:size=medium:map_type=baseline:enemy_profile=medium_plus:item_profile=few:wall_profile=open:player_hp=4:enemy_hp=2:agent=mcts_medium,0,18,4,0,1,13,11,3,9,0.09,1,0.9666666666666667,0.09090909090909091,4,9,2,3.6666666666666665,7
griddly,mcts_medium,200,30,1.4142135623730951,medium,baseline,medium_plus,few,open,medium_plus,few,low,4,2,item_profile,few,120,11,12,23,ofat_real,ofat:factor=item_profile:value=few:size=medium:map_type=baseline:enemy_profile=medium_plus:item_profile=few:wall_profile=open:player_hp=4:enemy_hp=2:agent=mcts_medium,0,10,4,0,3,13,11,3,5,0.09,1,0.9680851063829787,0.050505050505050504,0,0,5,5.333333333333333,6
griddly,mcts_medium,200,30,1.4142135623730951,medium,baseline,medium_plus,few,open,medium_plus,few,low,4,2,item_profile,few,120,11,13,24,ofat_real,ofat:factor=item_profile:value=few:size=medium:map_type=baseline:enemy_profile=medium_plus:item_profile=few:wall_profile=open:player_hp=4:enemy_hp=2:agent=mcts_medium,1,14,3,1,0,13,11,3,8,0.09,1,0.967032967032967,0.08080808080808081,2,2,5,5.666666666666667,6
griddly,mcts_medium,200,30,1.4142135623730951,medium,baseline,medium_plus,few,open,medium_plus,few,low,4,2,item_profile,few,120,11,14,25,ofat_real,ofat:factor=item_profile:value=few:size=medium:map_type=baseline:enemy_profile=medium_plus:item_profile=few:wall_profile=open:player_hp=4:enemy_hp=2:agent=mcts_medium,0,20,4,0,2,13,11,3,14,0.09,1,0.9647058823529412,0.1414141414141414,2,3,6,7.333333333333333,8
griddly,mcts_medium,200,30,1.4142135623730951,medium,baseline,medium_plus,few,open,medium_plus,few,low,4,2,item_profile,few,120,11,15,26,ofat_real,ofat:factor=item_profile:value=few:size=medium:map_type=baseline:enemy_profile=medium_plus:item_profile=few:wall_profile=open:player_hp=4:enemy_hp=2:agent=mcts_medium,1,10,3,1,0,13,11,3,10,0.09,1,0.9662921348314607,0.10101010101010101,6,8,2,3.3333333333333335,6
griddly,mcts_medium,200,30,1.4142135623730951,medium,baseline,medium_plus,few,open,medium_plus,few,low,4,2,item_profile,few,120,11,16,27,ofat_real,ofat:factor=item_profile:value=few:size=medium:map_type=baseline:enemy_profile=medium_plus:item_profile=few:wall_profile=open:player_hp=4:enemy_hp=2:agent=mcts_medium,0,9,4,0,3,13,11,3,13,0.09,1,0.9534883720930233,0.13131313131313133,3,4,3,6.0,9
griddly,mcts_medium,200,30,1.4142135623730951,medium,baseline,medium_plus,few,open,medium_plus,few,low,4,2,item_profile,few,120,11,17,28,ofat_real,ofat:factor=item_profile:value=few:size=medium:map_type=baseline:enemy_profile=medium_plus:item_profile=few:wall_profile=open:player_hp=4:enemy_hp=2:agent=mcts_medium,1,23,3,1,0,13,11,3,12,0.09,1,0.9655172413793104,0.12121212121212122,5,5,6,7.0,8
griddly,mcts_medium,200,30,1.4142135623730951,medium,baseline,medium_plus,few,open,medium_plus,few,low,4,2,item_profile,few,120,11,18,29,ofat_real,ofat:factor=item_profile:value=few:size=medium:map_type=baseline:enemy_profile=medium_plus:item_profile=few:wall_profile=open:player_hp=4:enemy_hp=2:agent=mcts_medium,0,16,4,0,1,13,11,3,10,0.09,1,0.9662921348314607,0.10101010101010101,2,3,6,7.333333333333333,8
griddly,mcts_medium,200,30,1.4142135623730951,medium,baseline,medium_plus,few,open,medium_plus,few,low,4,2,item_profile,few,120,11,19,30,ofat_real,ofat:factor=item_profile:value=few:size=medium:map_type=baseline:enemy_profile=medium_plus:item_profile=few:wall_profile=open:player_hp=4:enemy_hp=2:agent=mcts_medium,0,10,4,0,1,13,11,3,7,0.09,1,0.967391304347826,0.0707070707070707,2,2,4,4.333333333333333,5
griddly,mcts_medium,200,30,1.4142135623730951,medium,baseline,medium_plus,few,open,medium_plus,few,low,4,2,item_profile,few,120,11,20,31,ofat_real,ofat:factor=item_profile:value=few:size=medium:map_type=baseline:enemy_profile=medium_plus:item_profile=few:wall_profile=open:player_hp=4:enemy_hp=2:agent=mcts_medium,1,16,2,2,0,13,11,3,6,0.09,1,0.967741935483871,0.06060606060606061,1,1,4,8.666666666666666,13
griddly,mcts_medium,200,30,1.4142135623730951,medium,baseline,medium_plus,few,open,medium_plus,few,low,4,2,item_profile,few,120,11,21,32,ofat_real,ofat:factor=item_profile:value=few:size=medium:map_type=baseline:enemy_profile=medium_plus:item_profile=few:wall_profile=open:player_hp=4:enemy_hp=2:agent=mcts_medium,1,28,3,1,0,13,11,3,12,0.09,1,0.9655172413793104,0.12121212121212122,3,3,4,7.333333333333333,10
griddly,mcts_medium,200,30,1.4142135623730951,medium,baseline,medium_plus,few,open,medium_plus,few,low,4,2,item_profile,few,120,11,22,33,ofat_real,ofat:factor=item_profile:value=few:size=medium:map_type=baseline:enemy_profile=medium_plus:item_profile=few:wall_profile=open:player_hp=4:enemy_hp=2:agent=mcts_medium,1,31,3,1,0,13,11,3,10,0.09,1,0.9662921348314607,0.10101010101010101,0,0,5,7.0,11
griddly,mcts_medium,200,30,1.4142135623730951,medium,baseline,medium_plus,few,open,medium_plus,few,low,4,2,item_profile,few,120,11,23,34,ofat_real,ofat:factor=item_profile:value=few:size=medium:map_type=baseline:enemy_profile=medium_plus:item_profile=few:wall_profile=open:player_hp=4:enemy_hp=2:agent=mcts_medium,1,20,3,1,0,13,11,3,7,0.09,1,0.967391304347826,0.0707070707070707,2,4,4,7.666666666666667,14
griddly,mcts_medium,200,30,1.4142135623730951,medium,baseline,medium_plus,few,open,medium_plus,few,low,4,2,item_profile,few,120,11,24,35,ofat_real,ofat:factor=item_profile:value=few:size=medium:map_type=baseline:enemy_profile=medium_plus:item_profile=few:wall_profile=open:player_hp=4:enemy_hp=2:agent=mcts_medium,0,8,4,0,3,13,11,3,8,0.09,1,0.9560439560439561,0.08080808080808081,2,3,2,3.3333333333333335,6
griddly,mcts_medium,200,30,1.4142135623730951,medium,baseline,medium_plus,few,open,medium_plus,few,low,4,2,item_profile,few,120,11,25,36,ofat_real,ofat:factor=item_profile:value=few:size=medium:map_type=baseline:enemy_profile=medium_plus:item_profile=few:wall_profile=open:player_hp=4:enemy_hp=2:agent=mcts_medium,0,13,4,0,2,13,11,3,12,0.09,1,0.9655172413793104,0.12121212121212122,1,1,4,6.333333333333333,10
griddly,mcts_medium,200,30,1.4142135623730951,medium,baseline,medium_plus,few,open,medium_plus,few,low,4,2,item_profile,few,120,11,26,37,ofat_real,ofat:factor=item_profile:value=few:size=medium:map_type=baseline:enemy_profile=medium_plus:item_profile=few:wall_profile=open:player_hp=4:enemy_hp=2:agent=mcts_medium,1,16,3,1,0,13,11,3,15,0.09,1,0.9523809523809523,0.15151515151515152,3,3,4,9.0,12
griddly,mcts_medium,200,30,1.4142135623730951,medium,baseline,medium_plus,few,open,medium_plus,few,low,4,2,item_profile,few,120,11,27,38,ofat_real,ofat:factor=item_profile:value=few:size=medium:map_type=baseline:enemy_profile=medium_plus:item_profile=few:wall_profile=open:player_hp=4:enemy_hp=2:agent=mcts_medium,1,15,3,1,0,13,11,3,5,0.09,1,0.9680851063829787,0.050505050505050504,1,1,5,5.333333333333333,6
griddly,mcts_medium,200,30,1.4142135623730951,medium,baseline,medium_plus,few,open,medium_plus,few,low,4,2,item_profile,few,120,11,28,39,ofat_real,ofat:factor=item_profile:value=few:size=medium:map_type=baseline:enemy_profile=medium_plus:item_profile=few:wall_profile=open:player_hp=4:enemy_hp=2:agent=mcts_medium,1,16,3,1,0,13,11,3,11,0.09,1,0.9659090909090909,0.1111111111111111,3,5,2,5.0,7
griddly,mcts_medium,200,30,1.4142135623730951,medium,baseline,medium_plus,few,open,medium_plus,few,low,4,2,item_profile,few,120,11,29,40,ofat_real,ofat:factor=item_profile:value=few:size=medium:map_type=baseline:enemy_profile=medium_plus:item_profile=few:wall_profile=open:player_hp=4:enemy_hp=2:agent=mcts_medium,1,27,3,1,0,13,11,3,9,0.09,1,0.9555555555555556,0.09090909090909091,1,2,5,8.0,10
griddly,random,,,,medium,baseline,medium_plus,normal,open,medium_plus,normal,low,4,2,item_profile,normal,120,11,0,11,ofat_real,ofat:factor=item_profile:value=normal:size=medium:map_type=baseline:enemy_profile=medium_plus:item_profile=normal:wall_profile=open:player_hp=4:enemy_hp=2:agent=random,0,11,4,0,3,13,11,3,16,0.09,1,0.963855421686747,0.16161616161616163,6,8,4,4.333333333333333,5
griddly,random,,,,medium,baseline,medium_plus,normal,open,medium_plus,normal,low,4,2,item_profile,normal,120,11,1,12,ofat_real,ofat:factor=item_profile:value=normal:size=medium:map_type=baseline:enemy_profile=medium_plus:item_profile=normal:wall_profile=open:player_hp=4:enemy_hp=2:agent=random,0,9,4,0,2,13,11,3,7,0.09,1,0.967391304347826,0.0707070707070707,2,2,3,5.0,7
griddly,random,,,,medium,baseline,medium_plus,normal,open,medium_plus,normal,low,4,2,item_profile,normal,120,11,2,13,ofat_real,ofat:factor=item_profile:value=normal:size=medium:map_type=baseline:enemy_profile=medium_plus:item_profile=normal:wall_profile=open:player_hp=4:enemy_hp=2:agent=random,0,14,4,0,2,13,11,3,8,0.09,1,0.967032967032967,0.08080808080808081,3,5,2,5.333333333333333,9
griddly,random,,,,medium,baseline,medium_plus,normal,open,medium_plus,normal,low,4,2,item_profile,normal,120,11,3,14,ofat_real,ofat:factor=item_profile:value=normal:size=medium:map_type=baseline:enemy_profile=medium_plus:item_profile=normal:wall_profile=open:player_hp=4:enemy_hp=2:agent=random,0,13,4,0,3,13,11,3,6,0.09,1,0.967741935483871,0.06060606060606061,2,4,3,8.333333333333334,12
griddly,random,,,,medium,baseline,medium_plus,normal,open,medium_plus,normal,low,4,2,item_profile,normal,120,11,4,15,ofat_real,ofat:factor=item_profile:value=normal:size=medium:map_type=baseline:enemy_profile=medium_plus:item_profile=normal:wall_profile=open:player_hp=4:enemy_hp=2:agent=random,0,12,4,0,3,13,11,3,8,0.09,1,0.967032967032967,0.08080808080808081,2,3,3,5.0,7
griddly,random,,,,medium,baseline,medium_plus,normal,open,medium_plus,normal,low,4,2,item_profile,normal,120,11,5,16,ofat_real,ofat:factor=item_profile:value=normal:size=medium:map_type=baseline:enemy_profile=medium_plus:item_profile=normal:wall_profile=open:player_hp=4:enemy_hp=2:agent=random,0,11,4,0,3,13,11,3,10,0.09,1,0.9662921348314607,0.10101010101010101,5,10,7,8.666666666666666,10
griddly,random,,,,medium,baseline,medium_plus,normal,open,medium_plus,normal,low,4,2,item_profile,normal,120,11,6,17,ofat_real,ofat:factor=item_profile:value=normal:size=medium:map_type=baseline:enemy_profile=medium_plus:item_profile=normal:wall_profile=open:player_hp=4:enemy_hp=2:agent=random,0,15,4,0,3,13,11,3,8,0.09,1,0.967032967032967,0.08080808080808081,2,4,6,10.0,13
griddly,random,,,,medium,baseline,medium_plus,normal,open,medium_plus,normal,low,4,2,item_profile,normal,120,11,7,18,ofat_real,ofat:factor=item_profile:value=normal:size=medium:map_type=baseline:enemy_profile=medium_plus:item_profile=normal:wall_profile=open:player_hp=4:enemy_hp=2:agent=random,0,10,4,0,3,13,11,3,7,0.09,1,0.967391304347826,0.0707070707070707,1,1,7,7.666666666666667,8
griddly,random,,,,medium,baseline,medium_plus,normal,open,medium_plus,normal,low,4,2,item_profile,normal,120,11,8,19,ofat_real,ofat:factor=item_profile:value=normal:size=medium:map_type=baseline:enemy_profile=medium_plus:item_profile=normal:wall_profile=open:player_hp=4:enemy_hp=2:agent=random,0,13,4,0,3,13,11,3,11,0.09,1,0.9659090909090909,0.1111111111111111,3,3,4,7.666666666666667,14
griddly,random,,,,medium,baseline,medium_plus,normal,open,medium_plus,normal,low,4,2,item_profile,normal,120,11,9,20,ofat_real,ofat:factor=item_profile:value=normal:size=medium:map_type=baseline:enemy_profile=medium_plus:item_profile=normal:wall_profile=open:player_hp=4:enemy_hp=2:agent=random,0,12,4,0,2,13,11,3,11,0.09,1,0.9659090909090909,0.1111111111111111,2,3,6,8.333333333333334,11
griddly,random,,,,medium,baseline,medium_plus,normal,open,medium_plus,normal,low,4,2,item_profile,normal,120,11,10,21,ofat_real,ofat:factor=item_profile:value=normal:size=medium:map_type=baseline:enemy_profile=medium_plus:item_profile=normal:wall_profile=open:player_hp=4:enemy_hp=2:agent=random,0,8,4,0,3,13,11,3,7,0.09,1,0.967391304347826,0.0707070707070707,2,2,3,5.333333333333333,9
griddly,random,,,,medium,baseline,medium_plus,normal,open,medium_plus,normal,low,4,2,item_profile,normal,120,11,11,22,ofat_real,ofat:factor=item_profile:value=normal:size=medium:map_type=baseline:enemy_profile=medium_plus:item_profile=normal:wall_profile=open:player_hp=4:enemy_hp=2:agent=random,0,6,4,0,2,13,11,3,9,0.09,1,0.9666666666666667,0.09090909090909091,4,9,2,3.6666666666666665,7
griddly,random,,,,medium,baseline,medium_plus,normal,open,medium_plus,normal,low,4,2,item_profile,normal,120,11,12,23,ofat_real,ofat:factor=item_profile:value=normal:size=medium:map_type=baseline:enemy_profile=medium_plus:item_profile=normal:wall_profile=open:player_hp=4:enemy_hp=2:agent=random,0,13,4,0,3,13,11,3,5,0.09,1,0.9680851063829787,0.050505050505050504,0,0,5,5.333333333333333,6
griddly,random,,,,medium,baseline,medium_plus,normal,open,medium_plus,normal,low,4,2,item_profile,normal,120,11,13,24,ofat_real,ofat:factor=item_profile:value=normal:size=medium:map_type=baseline:enemy_profile=medium_plus:item_profile=normal:wall_profile=open:player_hp=4:enemy_hp=2:agent=random,0,15,4,0,2,13,11,3,8,0.09,1,0.967032967032967,0.08080808080808081,2,2,5,5.666666666666667,6
griddly,random,,,,medium,baseline,medium_plus,normal,open,medium_plus,normal,low,4,2,item_profile,normal,120,11,14,25,ofat_real,ofat:factor=item_profile:value=normal:size=medium:map_type=baseline:enemy_profile=medium_plus:item_profile=normal:wall_profile=open:player_hp=4:enemy_hp=2:agent=random,0,19,4,0,2,13,11,3,14,0.09,1,0.9647058823529412,0.1414141414141414,2,3,6,7.333333333333333,8
griddly,random,,,,medium,baseline,medium_plus,normal,open,medium_plus,normal,low,4,2,item_profile,normal,120,11,15,26,ofat_real,ofat:factor=item_profile:value=normal:size=medium:map_type=baseline:enemy_profile=medium_plus:item_profile=normal:wall_profile=open:player_hp=4:enemy_hp=2:agent=random,0,8,4,0,3,13,11,3,10,0.09,1,0.9662921348314607,0.10101010101010101,6,8,2,3.3333333333333335,6
griddly,random,,,,medium,baseline,medium_plus,normal,open,medium_plus,normal,low,4,2,item_profile,normal,120,11,16,27,ofat_real,ofat:factor=item_profile:value=normal:size=medium:map_type=baseline:enemy_profile=medium_plus:item_profile=normal:wall_profile=open:player_hp=4:enemy_hp=2:agent=random,0,9,4,0,3,13,11,3,13,0.09,1,0.9534883720930233,0.13131313131313133,3,4,3,6.0,9
griddly,random,,,,medium,baseline,medium_plus,normal,open,medium_plus,normal,low,4,2,item_profile,normal,120,11,17,28,ofat_real,ofat:factor=item_profile:value=normal:size=medium:map_type=baseline:enemy_profile=medium_plus:item_profile=normal:wall_profile=open:player_hp=4:enemy_hp=2:agent=random,0,15,4,0,2,13,11,3,12,0.09,1,0.9655172413793104,0.12121212121212122,5,5,6,7.0,8
griddly,random,,,,medium,baseline,medium_plus,normal,open,medium_plus,normal,low,4,2,item_profile,normal,120,11,18,29,ofat_real,ofat:factor=item_profile:value=normal:size=medium:map_type=baseline:enemy_profile=medium_plus:item_profile=normal:wall_profile=open:player_hp=4:enemy_hp=2:agent=random,0,11,4,0,3,13,11,3,10,0.09,1,0.9662921348314607,0.10101010101010101,2,3,6,7.333333333333333,8
griddly,random,,,,medium,baseline,medium_plus,normal,open,medium_plus,normal,low,4,2,item_profile,normal,120,11,19,30,ofat_real,ofat:factor=item_profile:value=normal:size=medium:map_type=baseline:enemy_profile=medium_plus:item_profile=normal:wall_profile=open:player_hp=4:enemy_hp=2:agent=random,0,9,4,0,3,13,11,3,7,0.09,1,0.967391304347826,0.0707070707070707,2,2,4,4.333333333333333,5
griddly,random,,,,medium,baseline,medium_plus,normal,open,medium_plus,normal,low,4,2,item_profile,normal,120,11,20,31,ofat_real,ofat:factor=item_profile:value=normal:size=medium:map_type=baseline:enemy_profile=medium_plus:item_profile=normal:wall_profile=open:player_hp=4:enemy_hp=2:agent=random,0,11,4,0,3,13,11,3,6,0.09,1,0.967741935483871,0.06060606060606061,1,1,4,8.666666666666666,13
griddly,random,,,,medium,baseline,medium_plus,normal,open,medium_plus,normal,low,4,2,item_profile,normal,120,11,21,32,ofat_real,ofat:factor=item_profile:value=normal:size=medium:map_type=baseline:enemy_profile=medium_plus:item_profile=normal:wall_profile=open:player_hp=4:enemy_hp=2:agent=random,1,28,3,1,0,13,11,3,12,0.09,1,0.9655172413793104,0.12121212121212122,3,3,4,7.333333333333333,10
griddly,random,,,,medium,baseline,medium_plus,normal,open,medium_plus,normal,low,4,2,item_profile,normal,120,11,22,33,ofat_real,ofat:factor=item_profile:value=normal:size=medium:map_type=baseline:enemy_profile=medium_plus:item_profile=normal:wall_profile=open:player_hp=4:enemy_hp=2:agent=random,0,13,4,0,3,13,11,3,10,0.09,1,0.9662921348314607,0.10101010101010101,0,0,5,7.0,11
griddly,random,,,,medium,baseline,medium_plus,normal,open,medium_plus,normal,low,4,2,item_profile,normal,120,11,23,34,ofat_real,ofat:factor=item_profile:value=normal:size=medium:map_type=baseline:enemy_profile=medium_plus:item_profile=normal:wall_profile=open:player_hp=4:enemy_hp=2:agent=random,0,10,4,0,3,13,11,3,7,0.09,1,0.967391304347826,0.0707070707070707,2,4,4,7.666666666666667,14
griddly,random,,,,medium,baseline,medium_plus,normal,open,medium_plus,normal,low,4,2,item_profile,normal,120,11,24,35,ofat_real,ofat:factor=item_profile:value=normal:size=medium:map_type=baseline:enemy_profile=medium_plus:item_profile=normal:wall_profile=open:player_hp=4:enemy_hp=2:agent=random,0,10,4,0,3,13,11,3,8,0.09,1,0.9560439560439561,0.08080808080808081,2,3,2,3.3333333333333335,6
griddly,random,,,,medium,baseline,medium_plus,normal,open,medium_plus,normal,low,4,2,item_profile,normal,120,11,25,36,ofat_real,ofat:factor=item_profile:value=normal:size=medium:map_type=baseline:enemy_profile=medium_plus:item_profile=normal:wall_profile=open:player_hp=4:enemy_hp=2:agent=random,0,11,4,0,3,13,11,3,12,0.09,1,0.9655172413793104,0.12121212121212122,1,1,4,6.333333333333333,10
griddly,random,,,,medium,baseline,medium_plus,normal,open,medium_plus,normal,low,4,2,item_profile,normal,120,11,26,37,ofat_real,ofat:factor=item_profile:value=normal:size=medium:map_type=baseline:enemy_profile=medium_plus:item_profile=normal:wall_profile=open:player_hp=4:enemy_hp=2:agent=random,0,17,4,0,3,13,11,3,15,0.09,1,0.9523809523809523,0.15151515151515152,3,3,4,9.0,12
griddly,random,,,,medium,baseline,medium_plus,normal,open,medium_plus,normal,low,4,2,item_profile,normal,120,11,27,38,ofat_real,ofat:factor=item_profile:value=normal:size=medium:map_type=baseline:enemy_profile=medium_plus:item_profile=normal:wall_profile=open:player_hp=4:enemy_hp=2:agent=random,0,12,4,0,2,13,11,3,5,0.09,1,0.9680851063829787,0.050505050505050504,1,1,5,5.333333333333333,6
griddly,random,,,,medium,baseline,medium_plus,normal,open,medium_plus,normal,low,4,2,item_profile,normal,120,11,28,39,ofat_real,ofat:factor=item_profile:value=normal:size=medium:map_type=baseline:enemy_profile=medium_plus:item_profile=normal:wall_profile=open:player_hp=4:enemy_hp=2:agent=random,0,9,4,0,3,13,11,3,11,0.09,1,0.9659090909090909,0.1111111111111111,3,5,2,5.0,7
griddly,random,,,,medium,baseline,medium_plus,normal,open,medium_plus,normal,low,4,2,item_profile,normal,120,11,29,40,ofat_real,ofat:factor=item_profile:value=normal:size=medium:map_type=baseline:enemy_profile=medium_plus:item_profile=normal:wall_profile=open:player_hp=4:enemy_hp=2:agent=random,0,22,4,0,1,13,11,3,9,0.09,1,0.9555555555555556,0.09090909090909091,1,2,5,8.0,10
griddly,heuristic,,,,medium,baseline,medium_plus,normal,open,medium_plus,normal,low,4,2,item_profile,normal,120,11,0,11,ofat_real,ofat:factor=item_profile:value=normal:size=medium:map_type=baseline:enemy_profile=medium_plus:item_profile=normal:wall_profile=open:player_hp=4:enemy_hp=2:agent=heuristic,0,5,4,0,3,13,11,3,16,0.09,1,0.963855421686747,0.16161616161616163,6,8,4,4.333333333333333,5
griddly,heuristic,,,,medium,baseline,medium_plus,normal,open,medium_plus,normal,low,4,2,item_profile,normal,120,11,1,12,ofat_real,ofat:factor=item_profile:value=normal:size=medium:map_type=baseline:enemy_profile=medium_plus:item_profile=normal:wall_profile=open:player_hp=4:enemy_hp=2:agent=heuristic,1,10,3,1,0,13,11,3,7,0.09,1,0.967391304347826,0.0707070707070707,2,2,3,5.0,7
griddly,heuristic,,,,medium,baseline,medium_plus,normal,open,medium_plus,normal,low,4,2,item_profile,normal,120,11,2,13,ofat_real,ofat:factor=item_profile:value=normal:size=medium:map_type=baseline:enemy_profile=medium_plus:item_profile=normal:wall_profile=open:player_hp=4:enemy_hp=2:agent=heuristic,1,9,2,2,0,13,11,3,8,0.09,1,0.967032967032967,0.08080808080808081,3,5,2,5.333333333333333,9
griddly,heuristic,,,,medium,baseline,medium_plus,normal,open,medium_plus,normal,low,4,2,item_profile,normal,120,11,3,14,ofat_real,ofat:factor=item_profile:value=normal:size=medium:map_type=baseline:enemy_profile=medium_plus:item_profile=normal:wall_profile=open:player_hp=4:enemy_hp=2:agent=heuristic,0,9,4,0,1,13,11,3,6,0.09,1,0.967741935483871,0.06060606060606061,2,4,3,8.333333333333334,12
griddly,heuristic,,,,medium,baseline,medium_plus,normal,open,medium_plus,normal,low,4,2,item_profile,normal,120,11,4,15,ofat_real,ofat:factor=item_profile:value=normal:size=medium:map_type=baseline:enemy_profile=medium_plus:item_profile=normal:wall_profile=open:player_hp=4:enemy_hp=2:agent=heuristic,1,10,3,1,0,13,11,3,8,0.09,1,0.967032967032967,0.08080808080808081,2,3,3,5.0,7
griddly,heuristic,,,,medium,baseline,medium_plus,normal,open,medium_plus,normal,low,4,2,item_profile,normal,120,11,5,16,ofat_real,ofat:factor=item_profile:value=normal:size=medium:map_type=baseline:enemy_profile=medium_plus:item_profile=normal:wall_profile=open:player_hp=4:enemy_hp=2:agent=heuristic,1,14,3,1,0,13,11,3,10,0.09,1,0.9662921348314607,0.10101010101010101,5,10,7,8.666666666666666,10
griddly,heuristic,,,,medium,baseline,medium_plus,normal,open,medium_plus,normal,low,4,2,item_profile,normal,120,11,6,17,ofat_real,ofat:factor=item_profile:value=normal:size=medium:map_type=baseline:enemy_profile=medium_plus:item_profile=normal:wall_profile=open:player_hp=4:enemy_hp=2:agent=heuristic,0,11,4,0,1,13,11,3,8,0.09,1,0.967032967032967,0.08080808080808081,2,4,6,10.0,13
griddly,heuristic,,,,medium,baseline,medium_plus,normal,open,medium_plus,normal,low,4,2,item_profile,normal,120,11,7,18,ofat_real,ofat:factor=item_profile:value=normal:size=medium:map_type=baseline:enemy_profile=medium_plus:item_profile=normal:wall_profile=open:player_hp=4:enemy_hp=2:agent=heuristic,0,11,4,0,1,13,11,3,7,0.09,1,0.967391304347826,0.0707070707070707,1,1,7,7.666666666666667,8
griddly,heuristic,,,,medium,baseline,medium_plus,normal,open,medium_plus,normal,low,4,2,item_profile,normal,120,11,8,19,ofat_real,ofat:factor=item_profile:value=normal:size=medium:map_type=baseline:enemy_profile=medium_plus:item_profile=normal:wall_profile=open:player_hp=4:enemy_hp=2:agent=heuristic,0,5,4,0,2,13,11,3,11,0.09,1,0.9659090909090909,0.1111111111111111,3,3,4,7.666666666666667,14
griddly,heuristic,,,,medium,baseline,medium_plus,normal,open,medium_plus,normal,low,4,2,item_profile,normal,120,11,9,20,ofat_real,ofat:factor=item_profile:value=normal:size=medium:map_type=baseline:enemy_profile=medium_plus:item_profile=normal:wall_profile=open:player_hp=4:enemy_hp=2:agent=heuristic,0,11,4,0,1,13,11,3,11,0.09,1,0.9659090909090909,0.1111111111111111,2,3,6,8.333333333333334,11
griddly,heuristic,,,,medium,baseline,medium_plus,normal,open,medium_plus,normal,low,4,2,item_profile,normal,120,11,10,21,ofat_real,ofat:factor=item_profile:value=normal:size=medium:map_type=baseline:enemy_profile=medium_plus:item_profile=normal:wall_profile=open:player_hp=4:enemy_hp=2:agent=heuristic,0,8,4,0,1,13,11,3,7,0.09,1,0.967391304347826,0.0707070707070707,2,2,3,5.333333333333333,9
griddly,heuristic,,,,medium,baseline,medium_plus,normal,open,medium_plus,normal,low,4,2,item_profile,normal,120,11,11,22,ofat_real,ofat:factor=item_profile:value=normal:size=medium:map_type=baseline:enemy_profile=medium_plus:item_profile=normal:wall_profile=open:player_hp=4:enemy_hp=2:agent=heuristic,0,4,4,0,3,13,11,3,9,0.09,1,0.9666666666666667,0.09090909090909091,4,9,2,3.6666666666666665,7
griddly,heuristic,,,,medium,baseline,medium_plus,normal,open,medium_plus,normal,low,4,2,item_profile,normal,120,11,12,23,ofat_real,ofat:factor=item_profile:value=normal:size=medium:map_type=baseline:enemy_profile=medium_plus:item_profile=normal:wall_profile=open:player_hp=4:enemy_hp=2:agent=heuristic,0,10,4,0,1,13,11,3,5,0.09,1,0.9680851063829787,0.050505050505050504,0,0,5,5.333333333333333,6
griddly,heuristic,,,,medium,baseline,medium_plus,normal,open,medium_plus,normal,low,4,2,item_profile,normal,120,11,13,24,ofat_real,ofat:factor=item_profile:value=normal:size=medium:map_type=baseline:enemy_profile=medium_plus:item_profile=normal:wall_profile=open:player_hp=4:enemy_hp=2:agent=heuristic,0,9,4,0,1,13,11,3,8,0.09,1,0.967032967032967,0.08080808080808081,2,2,5,5.666666666666667,6
griddly,heuristic,,,,medium,baseline,medium_plus,normal,open,medium_plus,normal,low,4,2,item_profile,normal,120,11,14,25,ofat_real,ofat:factor=item_profile:value=normal:size=medium:map_type=baseline:enemy_profile=medium_plus:item_profile=normal:wall_profile=open:player_hp=4:enemy_hp=2:agent=heuristic,1,12,3,1,0,13,11,3,14,0.09,1,0.9647058823529412,0.1414141414141414,2,3,6,7.333333333333333,8
griddly,heuristic,,,,medium,baseline,medium_plus,normal,open,medium_plus,normal,low,4,2,item_profile,normal,120,11,15,26,ofat_real,ofat:factor=item_profile:value=normal:size=medium:map_type=baseline:enemy_profile=medium_plus:item_profile=normal:wall_profile=open:player_hp=4:enemy_hp=2:agent=heuristic,0,8,4,0,1,13,11,3,10,0.09,1,0.9662921348314607,0.10101010101010101,6,8,2,3.3333333333333335,6
griddly,heuristic,,,,medium,baseline,medium_plus,normal,open,medium_plus,normal,low,4,2,item_profile,normal,120,11,16,27,ofat_real,ofat:factor=item_profile:value=normal:size=medium:map_type=baseline:enemy_profile=medium_plus:item_profile=normal:wall_profile=open:player_hp=4:enemy_hp=2:agent=heuristic,0,11,4,0,1,13,11,3,13,0.09,1,0.9534883720930233,0.13131313131313133,3,4,3,6.0,9
griddly,heuristic,,,,medium,baseline,medium_plus,normal,open,medium_plus,normal,low,4,2,item_profile,normal,120,11,17,28,ofat_real,ofat:factor=item_profile:value=normal:size=medium:map_type=baseline:enemy_profile=medium_plus:item_profile=normal:wall_profile=open:player_hp=4:enemy_hp=2:agent=heuristic,0,6,4,0,2,13,11,3,12,0.09,1,0.9655172413793104,0.12121212121212122,5,5,6,7.0,8
griddly,heuristic,,,,medium,baseline,medium_plus,normal,open,medium_plus,normal,low,4,2,item_profile,normal,120,11,18,29,ofat_real,ofat:factor=item_profile:value=normal:size=medium:map_type=baseline:enemy_profile=medium_plus:item_profile=normal:wall_profile=open:player_hp=4:enemy_hp=2:agent=heuristic,0,9,4,0,1,13,11,3,10,0.09,1,0.9662921348314607,0.10101010101010101,2,3,6,7.333333333333333,8
griddly,heuristic,,,,medium,baseline,medium_plus,normal,open,medium_plus,normal,low,4,2,item_profile,normal,120,11,19,30,ofat_real,ofat:factor=item_profile:value=normal:size=medium:map_type=baseline:enemy_profile=medium_plus:item_profile=normal:wall_profile=open:player_hp=4:enemy_hp=2:agent=heuristic,0,5,4,0,2,13,11,3,7,0.09,1,0.967391304347826,0.0707070707070707,2,2,4,4.333333333333333,5
griddly,heuristic,,,,medium,baseline,medium_plus,normal,open,medium_plus,normal,low,4,2,item_profile,normal,120,11,20,31,ofat_real,ofat:factor=item_profile:value=normal:size=medium:map_type=baseline:enemy_profile=medium_plus:item_profile=normal:wall_profile=open:player_hp=4:enemy_hp=2:agent=heuristic,1,11,3,1,0,13,11,3,6,0.09,1,0.967741935483871,0.06060606060606061,1,1,4,8.666666666666666,13
griddly,heuristic,,,,medium,baseline,medium_plus,normal,open,medium_plus,normal,low,4,2,item_profile,normal,120,11,21,32,ofat_real,ofat:factor=item_profile:value=normal:size=medium:map_type=baseline:enemy_profile=medium_plus:item_profile=normal:wall_profile=open:player_hp=4:enemy_hp=2:agent=heuristic,0,9,4,0,1,13,11,3,12,0.09,1,0.9655172413793104,0.12121212121212122,3,3,4,7.333333333333333,10
griddly,heuristic,,,,medium,baseline,medium_plus,normal,open,medium_plus,normal,low,4,2,item_profile,normal,120,11,22,33,ofat_real,ofat:factor=item_profile:value=normal:size=medium:map_type=baseline:enemy_profile=medium_plus:item_profile=normal:wall_profile=open:player_hp=4:enemy_hp=2:agent=heuristic,1,10,3,1,0,13,11,3,10,0.09,1,0.9662921348314607,0.10101010101010101,0,0,5,7.0,11
griddly,heuristic,,,,medium,baseline,medium_plus,normal,open,medium_plus,normal,low,4,2,item_profile,normal,120,11,23,34,ofat_real,ofat:factor=item_profile:value=normal:size=medium:map_type=baseline:enemy_profile=medium_plus:item_profile=normal:wall_profile=open:player_hp=4:enemy_hp=2:agent=heuristic,0,12,4,0,1,13,11,3,7,0.09,1,0.967391304347826,0.0707070707070707,2,4,4,7.666666666666667,14
griddly,heuristic,,,,medium,baseline,medium_plus,normal,open,medium_plus,normal,low,4,2,item_profile,normal,120,11,24,35,ofat_real,ofat:factor=item_profile:value=normal:size=medium:map_type=baseline:enemy_profile=medium_plus:item_profile=normal:wall_profile=open:player_hp=4:enemy_hp=2:agent=heuristic,0,7,4,0,1,13,11,3,8,0.09,1,0.9560439560439561,0.08080808080808081,2,3,2,3.3333333333333335,6
griddly,heuristic,,,,medium,baseline,medium_plus,normal,open,medium_plus,normal,low,4,2,item_profile,normal,120,11,25,36,ofat_real,ofat:factor=item_profile:value=normal:size=medium:map_type=baseline:enemy_profile=medium_plus:item_profile=normal:wall_profile=open:player_hp=4:enemy_hp=2:agent=heuristic,1,12,3,1,0,13,11,3,12,0.09,1,0.9655172413793104,0.12121212121212122,1,1,4,6.333333333333333,10
griddly,heuristic,,,,medium,baseline,medium_plus,normal,open,medium_plus,normal,low,4,2,item_profile,normal,120,11,26,37,ofat_real,ofat:factor=item_profile:value=normal:size=medium:map_type=baseline:enemy_profile=medium_plus:item_profile=normal:wall_profile=open:player_hp=4:enemy_hp=2:agent=heuristic,0,11,4,0,1,13,11,3,15,0.09,1,0.9523809523809523,0.15151515151515152,3,3,4,9.0,12
griddly,heuristic,,,,medium,baseline,medium_plus,normal,open,medium_plus,normal,low,4,2,item_profile,normal,120,11,27,38,ofat_real,ofat:factor=item_profile:value=normal:size=medium:map_type=baseline:enemy_profile=medium_plus:item_profile=normal:wall_profile=open:player_hp=4:enemy_hp=2:agent=heuristic,1,10,3,1,0,13,11,3,5,0.09,1,0.9680851063829787,0.050505050505050504,1,1,5,5.333333333333333,6
griddly,heuristic,,,,medium,baseline,medium_plus,normal,open,medium_plus,normal,low,4,2,item_profile,normal,120,11,28,39,ofat_real,ofat:factor=item_profile:value=normal:size=medium:map_type=baseline:enemy_profile=medium_plus:item_profile=normal:wall_profile=open:player_hp=4:enemy_hp=2:agent=heuristic,0,7,4,0,1,13,11,3,11,0.09,1,0.9659090909090909,0.1111111111111111,3,5,2,5.0,7
griddly,heuristic,,,,medium,baseline,medium_plus,normal,open,medium_plus,normal,low,4,2,item_profile,normal,120,11,29,40,ofat_real,ofat:factor=item_profile:value=normal:size=medium:map_type=baseline:enemy_profile=medium_plus:item_profile=normal:wall_profile=open:player_hp=4:enemy_hp=2:agent=heuristic,1,11,3,1,0,13,11,3,9,0.09,1,0.9555555555555556,0.09090909090909091,1,2,5,8.0,10
griddly,mcts_small,50,10,1.4142135623730951,medium,baseline,medium_plus,normal,open,medium_plus,normal,low,4,2,item_profile,normal,120,11,0,11,ofat_real,ofat:factor=item_profile:value=normal:size=medium:map_type=baseline:enemy_profile=medium_plus:item_profile=normal:wall_profile=open:player_hp=4:enemy_hp=2:agent=mcts_small,0,15,4,0,2,13,11,3,16,0.09,1,0.963855421686747,0.16161616161616163,6,8,4,4.333333333333333,5
griddly,mcts_small,50,10,1.4142135623730951,medium,baseline,medium_plus,normal,open,medium_plus,normal,low,4,2,item_profile,normal,120,11,1,12,ofat_real,ofat:factor=item_profile:value=normal:size=medium:map_type=baseline:enemy_profile=medium_plus:item_profile=normal:wall_profile=open:player_hp=4:enemy_hp=2:agent=mcts_small,1,19,3,1,0,13,11,3,7,0.09,1,0.967391304347826,0.0707070707070707,2,2,3,5.0,7
griddly,mcts_small,50,10,1.4142135623730951,medium,baseline,medium_plus,normal,open,medium_plus,normal,low,4,2,item_profile,normal,120,11,2,13,ofat_real,ofat:factor=item_profile:value=normal:size=medium:map_type=baseline:enemy_profile=medium_plus:item_profile=normal:wall_profile=open:player_hp=4:enemy_hp=2:agent=mcts_small,1,16,2,2,0,13,11,3,8,0.09,1,0.967032967032967,0.08080808080808081,3,5,2,5.333333333333333,9
griddly,mcts_small,50,10,1.4142135623730951,medium,baseline,medium_plus,normal,open,medium_plus,normal,low,4,2,item_profile,normal,120,11,3,14,ofat_real,ofat:factor=item_profile:value=normal:size=medium:map_type=baseline:enemy_profile=medium_plus:item_profile=normal:wall_profile=open:player_hp=4:enemy_hp=2:agent=mcts_small,0,12,4,0,3,13,11,3,6,0.09,1,0.967741935483871,0.06060606060606061,2,4,3,8.333333333333334,12
griddly,mcts_small,50,10,1.4142135623730951,medium,baseline,medium_plus,normal,open,medium_plus,normal,low,4,2,item_profile,normal,120,11,4,15,ofat_real,ofat:factor=item_profile:value=normal:size=medium:map_type=baseline:enemy_profile=medium_plus:item_profile=normal:wall_profile=open:player_hp=4:enemy_hp=2:agent=mcts_small,0,7,4,0,3,13,11,3,8,0.09,1,0.967032967032967,0.08080808080808081,2,3,3,5.0,7
griddly,mcts_small,50,10,1.4142135623730951,medium,baseline,medium_plus,normal,open,medium_plus,normal,low,4,2,item_profile,normal,120,11,5,16,ofat_real,ofat:factor=item_profile:value=normal:size=medium:map_type=baseline:enemy_profile=medium_plus:item_profile=normal:wall_profile=open:player_hp=4:enemy_hp=2:agent=mcts_small,1,17,2,2,0,13,11,3,10,0.09,1,0.9662921348314607,0.10101010101010101,5,10,7,8.666666666666666,10
griddly,mcts_small,50,10,1.4142135623730951,medium,baseline,medium_plus,normal,open,medium_plus,normal,low,4,2,item_profile,normal,120,11,6,17,ofat_real,ofat:factor=item_profile:value=normal:size=medium:map_type=baseline:enemy_profile=medium_plus:item_profile=normal:wall_profile=open:player_hp=4:enemy_hp=2:agent=mcts_small,0,15,4,0,3,13,11,3,8,0.09,1,0.967032967032967,0.08080808080808081,2,4,6,10.0,13
griddly,mcts_small,50,10,1.4142135623730951,medium,baseline,medium_plus,normal,open,medium_plus,normal,low,4,2,item_profile,normal,120,11,7,18,ofat_real,ofat:factor=item_profile:value=normal:size=medium:map_type=baseline:enemy_profile=medium_plus:item_profile=normal:wall_profile=open:player_hp=4:enemy_hp=2:agent=mcts_small,1,24,3,1,0,13,11,3,7,0.09,1,0.967391304347826,0.0707070707070707,1,1,7,7.666666666666667,8
griddly,mcts_small,50,10,1.4142135623730951,medium,baseline,medium_plus,normal,open,medium_plus,normal,low,4,2,item_profile,normal,120,11,8,19,ofat_real,ofat:factor=item_profile:value=normal:size=medium:map_type=baseline:enemy_profile=medium_plus:item_profile=normal:wall_profile=open:player_hp=4:enemy_hp=2:agent=mcts_small,0,7,4,0,3,13,11,3,11,0.09,1,0.9659090909090909,0.1111111111111111,3,3,4,7.666666666666667,14
griddly,mcts_small,50,10,1.4142135623730951,medium,baseline,medium_plus,normal,open,medium_plus,normal,low,4,2,item_profile,normal,120,11,9,20,ofat_real,ofat:factor=item_profile:value=normal:size=medium:map_type=baseline:enemy_profile=medium_plus:item_profile=normal:wall_profile=open:player_hp=4:enemy_hp=2:agent=mcts_small,0,18,4,0,2,13,11,3,11,0.09,1,0.9659090909090909,0.1111111111111111,2,3,6,8.333333333333334,11
griddly,mcts_small,50,10,1.4142135623730951,medium,baseline,medium_plus,normal,open,medium_plus,normal,low,4,2,item_profile,normal,120,11,10,21,ofat_real,ofat:factor=item_profile:value=normal:size=medium:map_type=baseline:enemy_profile=medium_plus:item_profile=normal:wall_profile=open:player_hp=4:enemy_hp=2:agent=mcts_small,0,10,4,0,2,13,11,3,7,0.09,1,0.967391304347826,0.0707070707070707,2,2,3,5.333333333333333,9
griddly,mcts_small,50,10,1.4142135623730951,medium,baseline,medium_plus,normal,open,medium_plus,normal,low,4,2,item_profile,normal,120,11,11,22,ofat_real,ofat:factor=item_profile:value=normal:size=medium:map_type=baseline:enemy_profile=medium_plus:item_profile=normal:wall_profile=open:player_hp=4:enemy_hp=2:agent=mcts_small,0,8,4,0,3,13,11,3,9,0.09,1,0.9666666666666667,0.09090909090909091,4,9,2,3.6666666666666665,7
griddly,mcts_small,50,10,1.4142135623730951,medium,baseline,medium_plus,normal,open,medium_plus,normal,low,4,2,item_profile,normal,120,11,12,23,ofat_real,ofat:factor=item_profile:value=normal:size=medium:map_type=baseline:enemy_profile=medium_plus:item_profile=normal:wall_profile=open:player_hp=4:enemy_hp=2:agent=mcts_small,1,20,3,1,0,13,11,3,5,0.09,1,0.9680851063829787,0.050505050505050504,0,0,5,5.333333333333333,6
griddly,mcts_small,50,10,1.4142135623730951,medium,baseline,medium_plus,normal,open,medium_plus,normal,low,4,2,item_profile,normal,120,11,13,24,ofat_real,ofat:factor=item_profile:value=normal:size=medium:map_type=baseline:enemy_profile=medium_plus:item_profile=normal:wall_profile=open:player_hp=4:enemy_hp=2:agent=mcts_small,1,32,3,1,0,13,11,3,8,0.09,1,0.967032967032967,0.08080808080808081,2,2,5,5.666666666666667,6
griddly,mcts_small,50,10,1.4142135623730951,medium,baseline,medium_plus,normal,open,medium_plus,normal,low,4,2,item_profile,normal,120,11,14,25,ofat_real,ofat:factor=item_profile:value=normal:size=medium:map_type=baseline:enemy_profile=medium_plus:item_profile=normal:wall_profile=open:player_hp=4:enemy_hp=2:agent=mcts_small,0,14,4,0,1,13,11,3,14,0.09,1,0.9647058823529412,0.1414141414141414,2,3,6,7.333333333333333,8
griddly,mcts_small,50,10,1.4142135623730951,medium,baseline,medium_plus,normal,open,medium_plus,normal,low,4,2,item_profile,normal,120,11,15,26,ofat_real,ofat:factor=item_profile:value=normal:size=medium:map_type=baseline:enemy_profile=medium_plus:item_profile=normal:wall_profile=open:player_hp=4:enemy_hp=2:agent=mcts_small,1,12,3,1,0,13,11,3,10,0.09,1,0.9662921348314607,0.10101010101010101,6,8,2,3.3333333333333335,6
griddly,mcts_small,50,10,1.4142135623730951,medium,baseline,medium_plus,normal,open,medium_plus,normal,low,4,2,item_profile,normal,120,11,16,27,ofat_real,ofat:factor=item_profile:value=normal:size=medium:map_type=baseline:enemy_profile=medium_plus:item_profile=normal:wall_profile=open:player_hp=4:enemy_hp=2:agent=mcts_small,1,11,3,1,0,13,11,3,13,0.09,1,0.9534883720930233,0.13131313131313133,3,4,3,6.0,9
griddly,mcts_small,50,10,1.4142135623730951,medium,baseline,medium_plus,normal,open,medium_plus,normal,low,4,2,item_profile,normal,120,11,17,28,ofat_real,ofat:factor=item_profile:value=normal:size=medium:map_type=baseline:enemy_profile=medium_plus:item_profile=normal:wall_profile=open:player_hp=4:enemy_hp=2:agent=mcts_small,1,20,1,3,0,13,11,3,12,0.09,1,0.9655172413793104,0.12121212121212122,5,5,6,7.0,8
griddly,mcts_small,50,10,1.4142135623730951,medium,baseline,medium_plus,normal,open,medium_plus,normal,low,4,2,item_profile,normal,120,11,18,29,ofat_real,ofat:factor=item_profile:value=normal:size=medium:map_type=baseline:enemy_profile=medium_plus:item_profile=normal:wall_profile=open:player_hp=4:enemy_hp=2:agent=mcts_small,1,18,2,2,0,13,11,3,10,0.09,1,0.9662921348314607,0.10101010101010101,2,3,6,7.333333333333333,8
griddly,mcts_small,50,10,1.4142135623730951,medium,baseline,medium_plus,normal,open,medium_plus,normal,low,4,2,item_profile,normal,120,11,19,30,ofat_real,ofat:factor=item_profile:value=normal:size=medium:map_type=baseline:enemy_profile=medium_plus:item_profile=normal:wall_profile=open:player_hp=4:enemy_hp=2:agent=mcts_small,1,15,3,1,0,13,11,3,7,0.09,1,0.967391304347826,0.0707070707070707,2,2,4,4.333333333333333,5
griddly,mcts_small,50,10,1.4142135623730951,medium,baseline,medium_plus,normal,open,medium_plus,normal,low,4,2,item_profile,normal,120,11,20,31,ofat_real,ofat:factor=item_profile:value=normal:size=medium:map_type=baseline:enemy_profile=medium_plus:item_profile=normal:wall_profile=open:player_hp=4:enemy_hp=2:agent=mcts_small,1,20,3,1,0,13,11,3,6,0.09,1,0.967741935483871,0.06060606060606061,1,1,4,8.666666666666666,13
griddly,mcts_small,50,10,1.4142135623730951,medium,baseline,medium_plus,normal,open,medium_plus,normal,low,4,2,item_profile,normal,120,11,21,32,ofat_real,ofat:factor=item_profile:value=normal:size=medium:map_type=baseline:enemy_profile=medium_plus:item_profile=normal:wall_profile=open:player_hp=4:enemy_hp=2:agent=mcts_small,0,16,4,0,1,13,11,3,12,0.09,1,0.9655172413793104,0.12121212121212122,3,3,4,7.333333333333333,10
griddly,mcts_small,50,10,1.4142135623730951,medium,baseline,medium_plus,normal,open,medium_plus,normal,low,4,2,item_profile,normal,120,11,22,33,ofat_real,ofat:factor=item_profile:value=normal:size=medium:map_type=baseline:enemy_profile=medium_plus:item_profile=normal:wall_profile=open:player_hp=4:enemy_hp=2:agent=mcts_small,1,20,2,2,0,13,11,3,10,0.09,1,0.9662921348314607,0.10101010101010101,0,0,5,7.0,11
griddly,mcts_small,50,10,1.4142135623730951,medium,baseline,medium_plus,normal,open,medium_plus,normal,low,4,2,item_profile,normal,120,11,23,34,ofat_real,ofat:factor=item_profile:value=normal:size=medium:map_type=baseline:enemy_profile=medium_plus:item_profile=normal:wall_profile=open:player_hp=4:enemy_hp=2:agent=mcts_small,1,20,3,1,0,13,11,3,7,0.09,1,0.967391304347826,0.0707070707070707,2,4,4,7.666666666666667,14
griddly,mcts_small,50,10,1.4142135623730951,medium,baseline,medium_plus,normal,open,medium_plus,normal,low,4,2,item_profile,normal,120,11,24,35,ofat_real,ofat:factor=item_profile:value=normal:size=medium:map_type=baseline:enemy_profile=medium_plus:item_profile=normal:wall_profile=open:player_hp=4:enemy_hp=2:agent=mcts_small,0,9,4,0,2,13,11,3,8,0.09,1,0.9560439560439561,0.08080808080808081,2,3,2,3.3333333333333335,6
griddly,mcts_small,50,10,1.4142135623730951,medium,baseline,medium_plus,normal,open,medium_plus,normal,low,4,2,item_profile,normal,120,11,25,36,ofat_real,ofat:factor=item_profile:value=normal:size=medium:map_type=baseline:enemy_profile=medium_plus:item_profile=normal:wall_profile=open:player_hp=4:enemy_hp=2:agent=mcts_small,0,11,4,0,3,13,11,3,12,0.09,1,0.9655172413793104,0.12121212121212122,1,1,4,6.333333333333333,10
griddly,mcts_small,50,10,1.4142135623730951,medium,baseline,medium_plus,normal,open,medium_plus,normal,low,4,2,item_profile,normal,120,11,26,37,ofat_real,ofat:factor=item_profile:value=normal:size=medium:map_type=baseline:enemy_profile=medium_plus:item_profile=normal:wall_profile=open:player_hp=4:enemy_hp=2:agent=mcts_small,1,18,3,1,0,13,11,3,15,0.09,1,0.9523809523809523,0.15151515151515152,3,3,4,9.0,12
griddly,mcts_small,50,10,1.4142135623730951,medium,baseline,medium_plus,normal,open,medium_plus,normal,low,4,2,item_profile,normal,120,11,27,38,ofat_real,ofat:factor=item_profile:value=normal:size=medium:map_type=baseline:enemy_profile=medium_plus:item_profile=normal:wall_profile=open:player_hp=4:enemy_hp=2:agent=mcts_small,1,16,3,1,0,13,11,3,5,0.09,1,0.9680851063829787,0.050505050505050504,1,1,5,5.333333333333333,6
griddly,mcts_small,50,10,1.4142135623730951,medium,baseline,medium_plus,normal,open,medium_plus,normal,low,4,2,item_profile,normal,120,11,28,39,ofat_real,ofat:factor=item_profile:value=normal:size=medium:map_type=baseline:enemy_profile=medium_plus:item_profile=normal:wall_profile=open:player_hp=4:enemy_hp=2:agent=mcts_small,1,28,2,2,0,13,11,3,11,0.09,1,0.9659090909090909,0.1111111111111111,3,5,2,5.0,7
griddly,mcts_small,50,10,1.4142135623730951,medium,baseline,medium_plus,normal,open,medium_plus,normal,low,4,2,item_profile,normal,120,11,29,40,ofat_real,ofat:factor=item_profile:value=normal:size=medium:map_type=baseline:enemy_profile=medium_plus:item_profile=normal:wall_profile=open:player_hp=4:enemy_hp=2:agent=mcts_small,1,15,3,1,0,13,11,3,9,0.09,1,0.9555555555555556,0.09090909090909091,1,2,5,8.0,10
griddly,mcts_medium,200,30,1.4142135623730951,medium,baseline,medium_plus,normal,open,medium_plus,normal,low,4,2,item_profile,normal,120,11,0,11,ofat_real,ofat:factor=item_profile:value=normal:size=medium:map_type=baseline:enemy_profile=medium_plus:item_profile=normal:wall_profile=open:player_hp=4:enemy_hp=2:agent=mcts_medium,1,24,3,1,0,13,11,3,16,0.09,1,0.963855421686747,0.16161616161616163,6,8,4,4.333333333333333,5
griddly,mcts_medium,200,30,1.4142135623730951,medium,baseline,medium_plus,normal,open,medium_plus,normal,low,4,2,item_profile,normal,120,11,1,12,ofat_real,ofat:factor=item_profile:value=normal:size=medium:map_type=baseline:enemy_profile=medium_plus:item_profile=normal:wall_profile=open:player_hp=4:enemy_hp=2:agent=mcts_medium,1,14,2,2,0,13,11,3,7,0.09,1,0.967391304347826,0.0707070707070707,2,2,3,5.0,7
griddly,mcts_medium,200,30,1.4142135623730951,medium,baseline,medium_plus,normal,open,medium_plus,normal,low,4,2,item_profile,normal,120,11,2,13,ofat_real,ofat:factor=item_profile:value=normal:size=medium:map_type=baseline:enemy_profile=medium_plus:item_profile=normal:wall_profile=open:player_hp=4:enemy_hp=2:agent=mcts_medium,1,14,1,3,0,13,11,3,8,0.09,1,0.967032967032967,0.08080808080808081,3,5,2,5.333333333333333,9
griddly,mcts_medium,200,30,1.4142135623730951,medium,baseline,medium_plus,normal,open,medium_plus,normal,low,4,2,item_profile,normal,120,11,3,14,ofat_real,ofat:factor=item_profile:value=normal:size=medium:map_type=baseline:enemy_profile=medium_plus:item_profile=normal:wall_profile=open:player_hp=4:enemy_hp=2:agent=mcts_medium,0,15,4,0,2,13,11,3,6,0.09,1,0.967741935483871,0.06060606060606061,2,4,3,8.333333333333334,12
griddly,mcts_medium,200,30,1.4142135623730951,medium,baseline,medium_plus,normal,open,medium_plus,normal,low,4,2,item_profile,normal,120,11,4,15,ofat_real,ofat:factor=item_profile:value=normal:size=medium:map_type=baseline:enemy_profile=medium_plus:item_profile=normal:wall_profile=open:player_hp=4:enemy_hp=2:agent=mcts_medium,1,16,3,1,0,13,11,3,8,0.09,1,0.967032967032967,0.08080808080808081,2,3,3,5.0,7
griddly,mcts_medium,200,30,1.4142135623730951,medium,baseline,medium_plus,normal,open,medium_plus,normal,low,4,2,item_profile,normal,120,11,5,16,ofat_real,ofat:factor=item_profile:value=normal:size=medium:map_type=baseline:enemy_profile=medium_plus:item_profile=normal:wall_profile=open:player_hp=4:enemy_hp=2:agent=mcts_medium,1,9,0,4,0,13,11,3,10,0.09,1,0.9662921348314607,0.10101010101010101,5,10,7,8.666666666666666,10
griddly,mcts_medium,200,30,1.4142135623730951,medium,baseline,medium_plus,normal,open,medium_plus,normal,low,4,2,item_profile,normal,120,11,6,17,ofat_real,ofat:factor=item_profile:value=normal:size=medium:map_type=baseline:enemy_profile=medium_plus:item_profile=normal:wall_profile=open:player_hp=4:enemy_hp=2:agent=mcts_medium,0,17,4,0,1,13,11,3,8,0.09,1,0.967032967032967,0.08080808080808081,2,4,6,10.0,13
griddly,mcts_medium,200,30,1.4142135623730951,medium,baseline,medium_plus,normal,open,medium_plus,normal,low,4,2,item_profile,normal,120,11,7,18,ofat_real,ofat:factor=item_profile:value=normal:size=medium:map_type=baseline:enemy_profile=medium_plus:item_profile=normal:wall_profile=open:player_hp=4:enemy_hp=2:agent=mcts_medium,1,24,3,1,0,13,11,3,7,0.09,1,0.967391304347826,0.0707070707070707,1,1,7,7.666666666666667,8
griddly,mcts_medium,200,30,1.4142135623730951,medium,baseline,medium_plus,normal,open,medium_plus,normal,low,4,2,item_profile,normal,120,11,8,19,ofat_real,ofat:factor=item_profile:value=normal:size=medium:map_type=baseline:enemy_profile=medium_plus:item_profile=normal:wall_profile=open:player_hp=4:enemy_hp=2:agent=mcts_medium,1,17,3,1,0,13,11,3,11,0.09,1,0.9659090909090909,0.1111111111111111,3,3,4,7.666666666666667,14
griddly,mcts_medium,200,30,1.4142135623730951,medium,baseline,medium_plus,normal,open,medium_plus,normal,low,4,2,item_profile,normal,120,11,9,20,ofat_real,ofat:factor=item_profile:value=normal:size=medium:map_type=baseline:enemy_profile=medium_plus:item_profile=normal:wall_profile=open:player_hp=4:enemy_hp=2:agent=mcts_medium,0,17,4,0,1,13,11,3,11,0.09,1,0.9659090909090909,0.1111111111111111,2,3,6,8.333333333333334,11
griddly,mcts_medium,200,30,1.4142135623730951,medium,baseline,medium_plus,normal,open,medium_plus,normal,low,4,2,item_profile,normal,120,11,10,21,ofat_real,ofat:factor=item_profile:value=normal:size=medium:map_type=baseline:enemy_profile=medium_plus:item_profile=normal:wall_profile=open:player_hp=4:enemy_hp=2:agent=mcts_medium,1,13,3,1,0,13,11,3,7,0.09,1,0.967391304347826,0.0707070707070707,2,2,3,5.333333333333333,9
griddly,mcts_medium,200,30,1.4142135623730951,medium,baseline,medium_plus,normal,open,medium_plus,normal,low,4,2,item_profile,normal,120,11,11,22,ofat_real,ofat:factor=item_profile:value=normal:size=medium:map_type=baseline:enemy_profile=medium_plus:item_profile=normal:wall_profile=open:player_hp=4:enemy_hp=2:agent=mcts_medium,1,15,3,1,0,13,11,3,9,0.09,1,0.9666666666666667,0.09090909090909091,4,9,2,3.6666666666666665,7
griddly,mcts_medium,200,30,1.4142135623730951,medium,baseline,medium_plus,normal,open,medium_plus,normal,low,4,2,item_profile,normal,120,11,12,23,ofat_real,ofat:factor=item_profile:value=normal:size=medium:map_type=baseline:enemy_profile=medium_plus:item_profile=normal:wall_profile=open:player_hp=4:enemy_hp=2:agent=mcts_medium,1,19,3,1,0,13,11,3,5,0.09,1,0.9680851063829787,0.050505050505050504,0,0,5,5.333333333333333,6
griddly,mcts_medium,200,30,1.4142135623730951,medium,baseline,medium_plus,normal,open,medium_plus,normal,low,4,2,item_profile,normal,120,11,13,24,ofat_real,ofat:factor=item_profile:value=normal:size=medium:map_type=baseline:enemy_profile=medium_plus:item_profile=normal:wall_profile=open:player_hp=4:enemy_hp=2:agent=mcts_medium,1,19,1,3,0,13,11,3,8,0.09,1,0.967032967032967,0.08080808080808081,2,2,5,5.666666666666667,6
griddly,mcts_medium,200,30,1.4142135623730951,medium,baseline,medium_plus,normal,open,medium_plus,normal,low,4,2,item_profile,normal,120,11,14,25,ofat_real,ofat:factor=item_profile:value=normal:size=medium:map_type=baseline:enemy_profile=medium_plus:item_profile=normal:wall_profile=open:player_hp=4:enemy_hp=2:agent=mcts_medium,1,20,1,3,0,13,11,3,14,0.09,1,0.9647058823529412,0.1414141414141414,2,3,6,7.333333333333333,8
griddly,mcts_medium,200,30,1.4142135623730951,medium,baseline,medium_plus,normal,open,medium_plus,normal,low,4,2,item_profile,normal,120,11,15,26,ofat_real,ofat:factor=item_profile:value=normal:size=medium:map_type=baseline:enemy_profile=medium_plus:item_profile=normal:wall_profile=open:player_hp=4:enemy_hp=2:agent=mcts_medium,1,11,3,1,0,13,11,3,10,0.09,1,0.9662921348314607,0.10101010101010101,6,8,2,3.3333333333333335,6
griddly,mcts_medium,200,30,1.4142135623730951,medium,baseline,medium_plus,normal,open,medium_plus,normal,low,4,2,item_profile,normal,120,11,16,27,ofat_real,ofat:factor=item_profile:value=normal:size=medium:map_type=baseline:enemy_profile=medium_plus:item_profile=normal:wall_profile=open:player_hp=4:enemy_hp=2:agent=mcts_medium,0,9,4,0,3,13,11,3,13,0.09,1,0.9534883720930233,0.13131313131313133,3,4,3,6.0,9
griddly,mcts_medium,200,30,1.4142135623730951,medium,baseline,medium_plus,normal,open,medium_plus,normal,low,4,2,item_profile,normal,120,11,17,28,ofat_real,ofat:factor=item_profile:value=normal:size=medium:map_type=baseline:enemy_profile=medium_plus:item_profile=normal:wall_profile=open:player_hp=4:enemy_hp=2:agent=mcts_medium,1,14,2,2,0,13,11,3,12,0.09,1,0.9655172413793104,0.12121212121212122,5,5,6,7.0,8
griddly,mcts_medium,200,30,1.4142135623730951,medium,baseline,medium_plus,normal,open,medium_plus,normal,low,4,2,item_profile,normal,120,11,18,29,ofat_real,ofat:factor=item_profile:value=normal:size=medium:map_type=baseline:enemy_profile=medium_plus:item_profile=normal:wall_profile=open:player_hp=4:enemy_hp=2:agent=mcts_medium,1,19,2,2,0,13,11,3,10,0.09,1,0.9662921348314607,0.10101010101010101,2,3,6,7.333333333333333,8
griddly,mcts_medium,200,30,1.4142135623730951,medium,baseline,medium_plus,normal,open,medium_plus,normal,low,4,2,item_profile,normal,120,11,19,30,ofat_real,ofat:factor=item_profile:value=normal:size=medium:map_type=baseline:enemy_profile=medium_plus:item_profile=normal:wall_profile=open:player_hp=4:enemy_hp=2:agent=mcts_medium,1,15,2,2,0,13,11,3,7,0.09,1,0.967391304347826,0.0707070707070707,2,2,4,4.333333333333333,5
griddly,mcts_medium,200,30,1.4142135623730951,medium,baseline,medium_plus,normal,open,medium_plus,normal,low,4,2,item_profile,normal,120,11,20,31,ofat_real,ofat:factor=item_profile:value=normal:size=medium:map_type=baseline:enemy_profile=medium_plus:item_profile=normal:wall_profile=open:player_hp=4:enemy_hp=2:agent=mcts_medium,1,29,1,3,0,13,11,3,6,0.09,1,0.967741935483871,0.06060606060606061,1,1,4,8.666666666666666,13
griddly,mcts_medium,200,30,1.4142135623730951,medium,baseline,medium_plus,normal,open,medium_plus,normal,low,4,2,item_profile,normal,120,11,21,32,ofat_real,ofat:factor=item_profile:value=normal:size=medium:map_type=baseline:enemy_profile=medium_plus:item_profile=normal:wall_profile=open:player_hp=4:enemy_hp=2:agent=mcts_medium,1,21,1,3,0,13,11,3,12,0.09,1,0.9655172413793104,0.12121212121212122,3,3,4,7.333333333333333,10
griddly,mcts_medium,200,30,1.4142135623730951,medium,baseline,medium_plus,normal,open,medium_plus,normal,low,4,2,item_profile,normal,120,11,22,33,ofat_real,ofat:factor=item_profile:value=normal:size=medium:map_type=baseline:enemy_profile=medium_plus:item_profile=normal:wall_profile=open:player_hp=4:enemy_hp=2:agent=mcts_medium,1,16,3,1,0,13,11,3,10,0.09,1,0.9662921348314607,0.10101010101010101,0,0,5,7.0,11
griddly,mcts_medium,200,30,1.4142135623730951,medium,baseline,medium_plus,normal,open,medium_plus,normal,low,4,2,item_profile,normal,120,11,23,34,ofat_real,ofat:factor=item_profile:value=normal:size=medium:map_type=baseline:enemy_profile=medium_plus:item_profile=normal:wall_profile=open:player_hp=4:enemy_hp=2:agent=mcts_medium,1,18,2,2,0,13,11,3,7,0.09,1,0.967391304347826,0.0707070707070707,2,4,4,7.666666666666667,14
griddly,mcts_medium,200,30,1.4142135623730951,medium,baseline,medium_plus,normal,open,medium_plus,normal,low,4,2,item_profile,normal,120,11,24,35,ofat_real,ofat:factor=item_profile:value=normal:size=medium:map_type=baseline:enemy_profile=medium_plus:item_profile=normal:wall_profile=open:player_hp=4:enemy_hp=2:agent=mcts_medium,0,9,4,0,2,13,11,3,8,0.09,1,0.9560439560439561,0.08080808080808081,2,3,2,3.3333333333333335,6
griddly,mcts_medium,200,30,1.4142135623730951,medium,baseline,medium_plus,normal,open,medium_plus,normal,low,4,2,item_profile,normal,120,11,25,36,ofat_real,ofat:factor=item_profile:value=normal:size=medium:map_type=baseline:enemy_profile=medium_plus:item_profile=normal:wall_profile=open:player_hp=4:enemy_hp=2:agent=mcts_medium,0,11,4,0,2,13,11,3,12,0.09,1,0.9655172413793104,0.12121212121212122,1,1,4,6.333333333333333,10
griddly,mcts_medium,200,30,1.4142135623730951,medium,baseline,medium_plus,normal,open,medium_plus,normal,low,4,2,item_profile,normal,120,11,26,37,ofat_real,ofat:factor=item_profile:value=normal:size=medium:map_type=baseline:enemy_profile=medium_plus:item_profile=normal:wall_profile=open:player_hp=4:enemy_hp=2:agent=mcts_medium,1,26,2,2,0,13,11,3,15,0.09,1,0.9523809523809523,0.15151515151515152,3,3,4,9.0,12
griddly,mcts_medium,200,30,1.4142135623730951,medium,baseline,medium_plus,normal,open,medium_plus,normal,low,4,2,item_profile,normal,120,11,27,38,ofat_real,ofat:factor=item_profile:value=normal:size=medium:map_type=baseline:enemy_profile=medium_plus:item_profile=normal:wall_profile=open:player_hp=4:enemy_hp=2:agent=mcts_medium,0,14,4,0,2,13,11,3,5,0.09,1,0.9680851063829787,0.050505050505050504,1,1,5,5.333333333333333,6
griddly,mcts_medium,200,30,1.4142135623730951,medium,baseline,medium_plus,normal,open,medium_plus,normal,low,4,2,item_profile,normal,120,11,28,39,ofat_real,ofat:factor=item_profile:value=normal:size=medium:map_type=baseline:enemy_profile=medium_plus:item_profile=normal:wall_profile=open:player_hp=4:enemy_hp=2:agent=mcts_medium,0,17,4,0,2,13,11,3,11,0.09,1,0.9659090909090909,0.1111111111111111,3,5,2,5.0,7
griddly,mcts_medium,200,30,1.4142135623730951,medium,baseline,medium_plus,normal,open,medium_plus,normal,low,4,2,item_profile,normal,120,11,29,40,ofat_real,ofat:factor=item_profile:value=normal:size=medium:map_type=baseline:enemy_profile=medium_plus:item_profile=normal:wall_profile=open:player_hp=4:enemy_hp=2:agent=mcts_medium,0,13,4,0,3,13,11,3,9,0.09,1,0.9555555555555556,0.09090909090909091,1,2,5,8.0,10
griddly,random,,,,medium,baseline,medium_plus,many,normal,medium_plus,many,default,4,2,wall_profile,normal,120,11,0,11,ofat_real,ofat:factor=wall_profile:value=normal:size=medium:map_type=baseline:enemy_profile=medium_plus:item_profile=many:wall_profile=normal:player_hp=4:enemy_hp=2:agent=random,0,17,4,0,3,13,11,3,25,0.18,1,0.9324324324324325,0.25252525252525254,10,21,4,5.0,6
griddly,random,,,,medium,baseline,medium_plus,many,normal,medium_plus,many,default,4,2,wall_profile,normal,120,11,1,12,ofat_real,ofat:factor=wall_profile:value=normal:size=medium:map_type=baseline:enemy_profile=medium_plus:item_profile=many:wall_profile=normal:player_hp=4:enemy_hp=2:agent=random,0,8,4,0,3,13,11,3,13,0.18,1,0.9651162790697675,0.13131313131313133,5,6,3,5.0,7
griddly,random,,,,medium,baseline,medium_plus,many,normal,medium_plus,many,default,4,2,wall_profile,normal,120,11,2,13,ofat_real,ofat:factor=wall_profile:value=normal:size=medium:map_type=baseline:enemy_profile=medium_plus:item_profile=many:wall_profile=normal:player_hp=4:enemy_hp=2:agent=random,0,32,4,0,1,13,11,3,17,0.18,1,0.9390243902439024,0.1717171717171717,5,10,2,7.333333333333333,15
griddly,random,,,,medium,baseline,medium_plus,many,normal,medium_plus,many,default,4,2,wall_profile,normal,120,11,3,14,ofat_real,ofat:factor=wall_profile:value=normal:size=medium:map_type=baseline:enemy_profile=medium_plus:item_profile=many:wall_profile=normal:player_hp=4:enemy_hp=2:agent=random,0,21,4,0,2,13,11,3,14,0.18,1,0.9294117647058824,0.1414141414141414,3,3,3,8.333333333333334,12
griddly,random,,,,medium,baseline,medium_plus,many,normal,medium_plus,many,default,4,2,wall_profile,normal,120,11,4,15,ofat_real,ofat:factor=wall_profile:value=normal:size=medium:map_type=baseline:enemy_profile=medium_plus:item_profile=many:wall_profile=normal:player_hp=4:enemy_hp=2:agent=random,0,11,4,0,3,13,11,3,18,0.18,1,0.9506172839506173,0.18181818181818182,7,11,3,5.666666666666667,9
griddly,random,,,,medium,baseline,medium_plus,many,normal,medium_plus,many,default,4,2,wall_profile,normal,120,11,5,16,ofat_real,ofat:factor=wall_profile:value=normal:size=medium:map_type=baseline:enemy_profile=medium_plus:item_profile=many:wall_profile=normal:player_hp=4:enemy_hp=2:agent=random,0,12,4,0,3,13,11,3,19,0.18,1,0.9625,0.1919191919191919,6,13,7,8.666666666666666,10
griddly,random,,,,medium,baseline,medium_plus,many,normal,medium_plus,many,default,4,2,wall_profile,normal,120,11,6,17,ofat_real,ofat:factor=wall_profile:value=normal:size=medium:map_type=baseline:enemy_profile=medium_plus:item_profile=many:wall_profile=normal:player_hp=4:enemy_hp=2:agent=random,0,15,4,0,3,13,11,3,13,0.18,1,0.9651162790697675,0.13131313131313133,5,9,6,10.0,13
griddly,random,,,,medium,baseline,medium_plus,many,normal,medium_plus,many,default,4,2,wall_profile,normal,120,11,7,18,ofat_real,ofat:factor=wall_profile:value=normal:size=medium:map_type=baseline:enemy_profile=medium_plus:item_profile=many:wall_profile=normal:player_hp=4:enemy_hp=2:agent=random,0,11,4,0,3,13,11,3,20,0.18,1,0.9620253164556962,0.20202020202020202,10,17,7,9.0,12
griddly,random,,,,medium,baseline,medium_plus,many,normal,medium_plus,many,default,4,2,wall_profile,normal,120,11,8,19,ofat_real,ofat:factor=wall_profile:value=normal:size=medium:map_type=baseline:enemy_profile=medium_plus:item_profile=many:wall_profile=normal:player_hp=4:enemy_hp=2:agent=random,0,10,4,0,2,13,11,3,21,0.18,1,0.9615384615384616,0.21212121212121213,6,11,4,8.333333333333334,14
griddly,random,,,,medium,baseline,medium_plus,many,normal,medium_plus,many,default,4,2,wall_profile,normal,120,11,9,20,ofat_real,ofat:factor=wall_profile:value=normal:size=medium:map_type=baseline:enemy_profile=medium_plus:item_profile=many:wall_profile=normal:player_hp=4:enemy_hp=2:agent=random,0,12,4,0,2,13,11,3,22,0.18,1,0.935064935064935,0.2222222222222222,7,14,6,8.333333333333334,11
griddly,random,,,,medium,baseline,medium_plus,many,normal,medium_plus,many,default,4,2,wall_profile,normal,120,11,10,21,ofat_real,ofat:factor=wall_profile:value=normal:size=medium:map_type=baseline:enemy_profile=medium_plus:item_profile=many:wall_profile=normal:player_hp=4:enemy_hp=2:agent=random,0,10,4,0,2,13,11,3,21,0.18,1,0.9230769230769231,0.21212121212121213,6,17,3,5.333333333333333,9
griddly,random,,,,medium,baseline,medium_plus,many,normal,medium_plus,many,default,4,2,wall_profile,normal,120,11,11,22,ofat_real,ofat:factor=wall_profile:value=normal:size=medium:map_type=baseline:enemy_profile=medium_plus:item_profile=many:wall_profile=normal:player_hp=4:enemy_hp=2:agent=random,0,5,4,0,3,13,11,3,24,0.18,1,0.9333333333333333,0.24242424242424243,8,16,2,4.333333333333333,9
griddly,random,,,,medium,baseline,medium_plus,many,normal,medium_plus,many,default,4,2,wall_profile,normal,120,11,12,23,ofat_real,ofat:factor=wall_profile:value=normal:size=medium:map_type=baseline:enemy_profile=medium_plus:item_profile=many:wall_profile=normal:player_hp=4:enemy_hp=2:agent=random,0,13,4,0,3,13,11,3,10,0.18,1,0.9662921348314607,0.10101010101010101,0,3,5,5.333333333333333,6
griddly,random,,,,medium,baseline,medium_plus,many,normal,medium_plus,many,default,4,2,wall_profile,normal,120,11,13,24,ofat_real,ofat:factor=wall_profile:value=normal:size=medium:map_type=baseline:enemy_profile=medium_plus:item_profile=many:wall_profile=normal:player_hp=4:enemy_hp=2:agent=random,0,7,4,0,2,13,11,3,18,0.18,1,0.9012345679012346,0.18181818181818182,6,16,5,5.666666666666667,6
griddly,random,,,,medium,baseline,medium_plus,many,normal,medium_plus,many,default,4,2,wall_profile,normal,120,11,14,25,ofat_real,ofat:factor=wall_profile:value=normal:size=medium:map_type=baseline:enemy_profile=medium_plus:item_profile=many:wall_profile=normal:player_hp=4:enemy_hp=2:agent=random,0,26,4,0,2,13,11,3,26,0.18,1,0.6027397260273972,0.26262626262626265,4,18,8,12.0,14
griddly,random,,,,medium,baseline,medium_plus,many,normal,medium_plus,many,default,4,2,wall_profile,normal,120,11,15,26,ofat_real,ofat:factor=wall_profile:value=normal:size=medium:map_type=baseline:enemy_profile=medium_plus:item_profile=many:wall_profile=normal:player_hp=4:enemy_hp=2:agent=random,0,6,4,0,3,13,11,3,20,0.18,1,0.8354430379746836,0.20202020202020202,8,9,2,3.3333333333333335,6
griddly,random,,,,medium,baseline,medium_plus,many,normal,medium_plus,many,default,4,2,wall_profile,normal,120,11,16,27,ofat_real,ofat:factor=wall_profile:value=normal:size=medium:map_type=baseline:enemy_profile=medium_plus:item_profile=many:wall_profile=normal:player_hp=4:enemy_hp=2:agent=random,0,17,4,0,3,13,11,3,18,0.18,1,0.9506172839506173,0.18181818181818182,6,13,3,6.0,9
griddly,random,,,,medium,baseline,medium_plus,many,normal,medium_plus,many,default,4,2,wall_profile,normal,120,11,17,28,ofat_real,ofat:factor=wall_profile:value=normal:size=medium:map_type=baseline:enemy_profile=medium_plus:item_profile=many:wall_profile=normal:player_hp=4:enemy_hp=2:agent=random,0,13,4,0,3,13,11,3,17,0.18,1,0.9512195121951219,0.1717171717171717,6,6,7,7.666666666666667,8
griddly,random,,,,medium,baseline,medium_plus,many,normal,medium_plus,many,default,4,2,wall_profile,normal,120,11,18,29,ofat_real,ofat:factor=wall_profile:value=normal:size=medium:map_type=baseline:enemy_profile=medium_plus:item_profile=many:wall_profile=normal:player_hp=4:enemy_hp=2:agent=random,0,11,4,0,2,13,11,3,22,0.18,1,0.948051948051948,0.2222222222222222,6,14,6,7.333333333333333,8
griddly,random,,,,medium,baseline,medium_plus,many,normal,medium_plus,many,default,4,2,wall_profile,normal,120,11,19,30,ofat_real,ofat:factor=wall_profile:value=normal:size=medium:map_type=baseline:enemy_profile=medium_plus:item_profile=many:wall_profile=normal:player_hp=4:enemy_hp=2:agent=random,0,11,4,0,3,13,11,3,16,0.18,1,0.963855421686747,0.16161616161616163,5,9,2,3.6666666666666665,7
griddly,random,,,,medium,baseline,medium_plus,many,normal,medium_plus,many,default,4,2,wall_profile,normal,120,11,20,31,ofat_real,ofat:factor=wall_profile:value=normal:size=medium:map_type=baseline:enemy_profile=medium_plus:item_profile=many:wall_profile=normal:player_hp=4:enemy_hp=2:agent=random,0,19,4,0,2,13,11,3,18,0.18,1,0.9259259259259259,0.18181818181818182,5,10,9,10.666666666666666,13
griddly,random,,,,medium,baseline,medium_plus,many,normal,medium_plus,many,default,4,2,wall_profile,normal,120,11,21,32,ofat_real,ofat:factor=wall_profile:value=normal:size=medium:map_type=baseline:enemy_profile=medium_plus:item_profile=many:wall_profile=normal:player_hp=4:enemy_hp=2:agent=random,0,15,4,0,3,13,11,3,18,0.18,1,0.9506172839506173,0.18181818181818182,7,8,4,8.0,12
griddly,random,,,,medium,baseline,medium_plus,many,normal,medium_plus,many,default,4,2,wall_profile,normal,120,11,22,33,ofat_real,ofat:factor=wall_profile:value=normal:size=medium:map_type=baseline:enemy_profile=medium_plus:item_profile=many:wall_profile=normal:player_hp=4:enemy_hp=2:agent=random,0,19,4,0,2,13,11,3,17,0.18,1,0.8536585365853658,0.1717171717171717,3,5,5,8.333333333333334,13
griddly,random,,,,medium,baseline,medium_plus,many,normal,medium_plus,many,default,4,2,wall_profile,normal,120,11,23,34,ofat_real,ofat:factor=wall_profile:value=normal:size=medium:map_type=baseline:enemy_profile=medium_plus:item_profile=many:wall_profile=normal:player_hp=4:enemy_hp=2:agent=random,0,10,4,0,2,13,11,3,22,0.18,1,0.948051948051948,0.2222222222222222,4,14,4,7.666666666666667,14
griddly,random,,,,medium,baseline,medium_plus,many,normal,medium_plus,many,default,4,2,wall_profile,normal,120,11,24,35,ofat_real,ofat:factor=wall_profile:value=normal:size=medium:map_type=baseline:enemy_profile=medium_plus:item_profile=many:wall_profile=normal:player_hp=4:enemy_hp=2:agent=random,0,11,4,0,3,13,11,3,14,0.18,1,0.9529411764705882,0.1414141414141414,3,5,2,3.3333333333333335,6
griddly,random,,,,medium,baseline,medium_plus,many,normal,medium_plus,many,default,4,2,wall_profile,normal,120,11,25,36,ofat_real,ofat:factor=wall_profile:value=normal:size=medium:map_type=baseline:enemy_profile=medium_plus:item_profile=many:wall_profile=normal:player_hp=4:enemy_hp=2:agent=random,0,23,4,0,2,13,11,3,27,0.18,1,0.8888888888888888,0.2727272727272727,6,11,5,7.0,10
griddly,random,,,,medium,baseline,medium_plus,many,normal,medium_plus,many,default,4,2,wall_profile,normal,120,11,26,37,ofat_real,ofat:factor=wall_profile:value=normal:size=medium:map_type=baseline:enemy_profile=medium_plus:item_profile=many:wall_profile=normal:player_hp=4:enemy_hp=2:agent=random,0,22,4,0,2,13,11,3,20,0.18,1,0.9367088607594937,0.20202020202020202,7,12,12,13.0,14
griddly,random,,,,medium,baseline,medium_plus,many,normal,medium_plus,many,default,4,2,wall_profile,normal,120,11,27,38,ofat_real,ofat:factor=wall_profile:value=normal:size=medium:map_type=baseline:enemy_profile=medium_plus:item_profile=many:wall_profile=normal:player_hp=4:enemy_hp=2:agent=random,0,14,4,0,2,13,11,3,15,0.18,1,0.9523809523809523,0.15151515151515152,5,14,5,5.333333333333333,6
griddly,random,,,,medium,baseline,medium_plus,many,normal,medium_plus,many,default,4,2,wall_profile,normal,120,11,28,39,ofat_real,ofat:factor=wall_profile:value=normal:size=medium:map_type=baseline:enemy_profile=medium_plus:item_profile=many:wall_profile=normal:player_hp=4:enemy_hp=2:agent=random,0,28,4,0,1,13,11,3,22,0.18,1,0.935064935064935,0.2222222222222222,4,10,2,5.0,7
griddly,random,,,,medium,baseline,medium_plus,many,normal,medium_plus,many,default,4,2,wall_profile,normal,120,11,29,40,ofat_real,ofat:factor=wall_profile:value=normal:size=medium:map_type=baseline:enemy_profile=medium_plus:item_profile=many:wall_profile=normal:player_hp=4:enemy_hp=2:agent=random,0,20,4,0,1,13,11,3,15,0.18,1,0.9523809523809523,0.15151515151515152,4,6,5,8.0,10
griddly,heuristic,,,,medium,baseline,medium_plus,many,normal,medium_plus,many,default,4,2,wall_profile,normal,120,11,0,11,ofat_real,ofat:factor=wall_profile:value=normal:size=medium:map_type=baseline:enemy_profile=medium_plus:item_profile=many:wall_profile=normal:player_hp=4:enemy_hp=2:agent=heuristic,1,10,3,1,0,13,11,3,25,0.18,1,0.9324324324324325,0.25252525252525254,10,21,4,5.0,6
griddly,heuristic,,,,medium,baseline,medium_plus,many,normal,medium_plus,many,default,4,2,wall_profile,normal,120,11,1,12,ofat_real,ofat:factor=wall_profile:value=normal:size=medium:map_type=baseline:enemy_profile=medium_plus:item_profile=many:wall_profile=normal:player_hp=4:enemy_hp=2:agent=heuristic,1,10,1,3,0,13,11,3,13,0.18,1,0.9651162790697675,0.13131313131313133,5,6,3,5.0,7
griddly,heuristic,,,,medium,baseline,medium_plus,many,normal,medium_plus,many,default,4,2,wall_profile,normal,120,11,2,13,ofat_real,ofat:factor=wall_profile:value=normal:size=medium:map_type=baseline:enemy_profile=medium_plus:item_profile=many:wall_profile=normal:player_hp=4:enemy_hp=2:agent=heuristic,1,13,3,1,0,13,11,3,17,0.18,1,0.9390243902439024,0.1717171717171717,5,10,2,7.333333333333333,15
griddly,heuristic,,,,medium,baseline,medium_plus,many,normal,medium_plus,many,default,4,2,wall_profile,normal,120,11,3,14,ofat_real,ofat:factor=wall_profile:value=normal:size=medium:map_type=baseline:enemy_profile=medium_plus:item_profile=many:wall_profile=normal:player_hp=4:enemy_hp=2:agent=heuristic,0,9,4,0,2,13,11,3,14,0.18,1,0.9294117647058824,0.1414141414141414,3,3,3,8.333333333333334,12
griddly,heuristic,,,,medium,baseline,medium_plus,many,normal,medium_plus,many,default,4,2,wall_profile,normal,120,11,4,15,ofat_real,ofat:factor=wall_profile:value=normal:size=medium:map_type=baseline:enemy_profile=medium_plus:item_profile=many:wall_profile=normal:player_hp=4:enemy_hp=2:agent=heuristic,1,11,3,1,0,13,11,3,18,0.18,1,0.9506172839506173,0.18181818181818182,7,11,3,5.666666666666667,9
griddly,heuristic,,,,medium,baseline,medium_plus,many,normal,medium_plus,many,default,4,2,wall_profile,normal,120,11,5,16,ofat_real,ofat:factor=wall_profile:value=normal:size=medium:map_type=baseline:enemy_profile=medium_plus:item_profile=many:wall_profile=normal:player_hp=4:enemy_hp=2:agent=heuristic,1,13,3,1,0,13,11,3,19,0.18,1,0.9625,0.1919191919191919,6,13,7,8.666666666666666,10
griddly,heuristic,,,,medium,baseline,medium_plus,many,normal,medium_plus,many,default,4,2,wall_profile,normal,120,11,6,17,ofat_real,ofat:factor=wall_profile:value=normal:size=medium:map_type=baseline:enemy_profile=medium_plus:item_profile=many:wall_profile=normal:player_hp=4:enemy_hp=2:agent=heuristic,1,12,3,1,0,13,11,3,13,0.18,1,0.9651162790697675,0.13131313131313133,5,9,6,10.0,13
griddly,heuristic,,,,medium,baseline,medium_plus,many,normal,medium_plus,many,default,4,2,wall_profile,normal,120,11,7,18,ofat_real,ofat:factor=wall_profile:value=normal:size=medium:map_type=baseline:enemy_profile=medium_plus:item_profile=many:wall_profile=normal:player_hp=4:enemy_hp=2:agent=heuristic,1,13,3,1,0,13,11,3,20,0.18,1,0.9620253164556962,0.20202020202020202,10,17,7,9.0,12
griddly,heuristic,,,,medium,baseline,medium_plus,many,normal,medium_plus,many,default,4,2,wall_profile,normal,120,11,8,19,ofat_real,ofat:factor=wall_profile:value=normal:size=medium:map_type=baseline:enemy_profile=medium_plus:item_profile=many:wall_profile=normal:player_hp=4:enemy_hp=2:agent=heuristic,0,11,4,0,1,13,11,3,21,0.18,1,0.9615384615384616,0.21212121212121213,6,11,4,8.333333333333334,14
griddly,heuristic,,,,medium,baseline,medium_plus,many,normal,medium_plus,many,default,4,2,wall_profile,normal,120,11,9,20,ofat_real,ofat:factor=wall_profile:value=normal:size=medium:map_type=baseline:enemy_profile=medium_plus:item_profile=many:wall_profile=normal:player_hp=4:enemy_hp=2:agent=heuristic,0,14,4,0,1,13,11,3,22,0.18,1,0.935064935064935,0.2222222222222222,7,14,6,8.333333333333334,11
griddly,heuristic,,,,medium,baseline,medium_plus,many,normal,medium_plus,many,default,4,2,wall_profile,normal,120,11,10,21,ofat_real,ofat:factor=wall_profile:value=normal:size=medium:map_type=baseline:enemy_profile=medium_plus:item_profile=many:wall_profile=normal:player_hp=4:enemy_hp=2:agent=heuristic,0,8,4,0,1,13,11,3,21,0.18,1,0.9230769230769231,0.21212121212121213,6,17,3,5.333333333333333,9
griddly,heuristic,,,,medium,baseline,medium_plus,many,normal,medium_plus,many,default,4,2,wall_profile,normal,120,11,11,22,ofat_real,ofat:factor=wall_profile:value=normal:size=medium:map_type=baseline:enemy_profile=medium_plus:item_profile=many:wall_profile=normal:player_hp=4:enemy_hp=2:agent=heuristic,0,10,4,0,1,13,11,3,24,0.18,1,0.9333333333333333,0.24242424242424243,8,16,2,4.333333333333333,9
griddly,heuristic,,,,medium,baseline,medium_plus,many,normal,medium_plus,many,default,4,2,wall_profile,normal,120,11,12,23,ofat_real,ofat:factor=wall_profile:value=normal:size=medium:map_type=baseline:enemy_profile=medium_plus:item_profile=many:wall_profile=normal:player_hp=4:enemy_hp=2:agent=heuristic,0,10,4,0,1,13,11,3,10,0.18,1,0.9662921348314607,0.10101010101010101,0,3,5,5.333333333333333,6
griddly,heuristic,,,,medium,baseline,medium_plus,many,normal,medium_plus,many,default,4,2,wall_profile,normal,120,11,13,24,ofat_real,ofat:factor=wall_profile:value=normal:size=medium:map_type=baseline:enemy_profile=medium_plus:item_profile=many:wall_profile=normal:player_hp=4:enemy_hp=2:agent=heuristic,1,9,3,1,0,13,11,3,18,0.18,1,0.9012345679012346,0.18181818181818182,6,16,5,5.666666666666667,6
griddly,heuristic,,,,medium,baseline,medium_plus,many,normal,medium_plus,many,default,4,2,wall_profile,normal,120,11,14,25,ofat_real,ofat:factor=wall_profile:value=normal:size=medium:map_type=baseline:enemy_profile=medium_plus:item_profile=many:wall_profile=normal:player_hp=4:enemy_hp=2:agent=heuristic,1,15,3,1,0,13,11,3,26,0.18,1,0.6027397260273972,0.26262626262626265,4,18,8,12.0,14
griddly,heuristic,,,,medium,baseline,medium_plus,many,normal,medium_plus,many,default,4,2,wall_profile,normal,120,11,15,26,ofat_real,ofat:factor=wall_profile:value=normal:size=medium:map_type=baseline:enemy_profile=medium_plus:item_profile=many:wall_profile=normal:player_hp=4:enemy_hp=2:agent=heuristic,0,8,4,0,1,13,11,3,20,0.18,1,0.8354430379746836,0.20202020202020202,8,9,2,3.3333333333333335,6
griddly,heuristic,,,,medium,baseline,medium_plus,many,normal,medium_plus,many,default,4,2,wall_profile,normal,120,11,16,27,ofat_real,ofat:factor=wall_profile:value=normal:size=medium:map_type=baseline:enemy_profile=medium_plus:item_profile=many:wall_profile=normal:player_hp=4:enemy_hp=2:agent=heuristic,0,12,4,0,1,13,11,3,18,0.18,1,0.9506172839506173,0.18181818181818182,6,13,3,6.0,9
griddly,heuristic,,,,medium,baseline,medium_plus,many,normal,medium_plus,many,default,4,2,wall_profile,normal,120,11,17,28,ofat_real,ofat:factor=wall_profile:value=normal:size=medium:map_type=baseline:enemy_profile=medium_plus:item_profile=many:wall_profile=normal:player_hp=4:enemy_hp=2:agent=heuristic,1,10,3,1,0,13,11,3,17,0.18,1,0.9512195121951219,0.1717171717171717,6,6,7,7.666666666666667,8
griddly,heuristic,,,,medium,baseline,medium_plus,many,normal,medium_plus,many,default,4,2,wall_profile,normal,120,11,18,29,ofat_real,ofat:factor=wall_profile:value=normal:size=medium:map_type=baseline:enemy_profile=medium_plus:item_profile=many:wall_profile=normal:player_hp=4:enemy_hp=2:agent=heuristic,1,11,2,2,0,13,11,3,22,0.18,1,0.948051948051948,0.2222222222222222,6,14,6,7.333333333333333,8
griddly,heuristic,,,,medium,baseline,medium_plus,many,normal,medium_plus,many,default,4,2,wall_profile,normal,120,11,19,30,ofat_real,ofat:factor=wall_profile:value=normal:size=medium:map_type=baseline:enemy_profile=medium_plus:item_profile=many:wall_profile=normal:player_hp=4:enemy_hp=2:agent=heuristic,1,10,3,1,0,13,11,3,16,0.18,1,0.963855421686747,0.16161616161616163,5,9,2,3.6666666666666665,7
griddly,heuristic,,,,medium,baseline,medium_plus,many,normal,medium_plus,many,default,4,2,wall_profile,normal,120,11,20,31,ofat_real,ofat:factor=wall_profile:value=normal:size=medium:map_type=baseline:enemy_profile=medium_plus:item_profile=many:wall_profile=normal:player_hp=4:enemy_hp=2:agent=heuristic,0,10,4,0,1,13,11,3,18,0.18,1,0.9259259259259259,0.18181818181818182,5,10,9,10.666666666666666,13
griddly,heuristic,,,,medium,baseline,medium_plus,many,normal,medium_plus,many,default,4,2,wall_profile,normal,120,11,21,32,ofat_real,ofat:factor=wall_profile:value=normal:size=medium:map_type=baseline:enemy_profile=medium_plus:item_profile=many:wall_profile=normal:player_hp=4:enemy_hp=2:agent=heuristic,1,11,3,1,0,13,11,3,18,0.18,1,0.9506172839506173,0.18181818181818182,7,8,4,8.0,12
griddly,heuristic,,,,medium,baseline,medium_plus,many,normal,medium_plus,many,default,4,2,wall_profile,normal,120,11,22,33,ofat_real,ofat:factor=wall_profile:value=normal:size=medium:map_type=baseline:enemy_profile=medium_plus:item_profile=many:wall_profile=normal:player_hp=4:enemy_hp=2:agent=heuristic,1,10,3,1,0,13,11,3,17,0.18,1,0.8536585365853658,0.1717171717171717,3,5,5,8.333333333333334,13
griddly,heuristic,,,,medium,baseline,medium_plus,many,normal,medium_plus,many,default,4,2,wall_profile,normal,120,11,23,34,ofat_real,ofat:factor=wall_profile:value=normal:size=medium:map_type=baseline:enemy_profile=medium_plus:item_profile=many:wall_profile=normal:player_hp=4:enemy_hp=2:agent=heuristic,0,12,4,0,1,13,11,3,22,0.18,1,0.948051948051948,0.2222222222222222,4,14,4,7.666666666666667,14
griddly,heuristic,,,,medium,baseline,medium_plus,many,normal,medium_plus,many,default,4,2,wall_profile,normal,120,11,24,35,ofat_real,ofat:factor=wall_profile:value=normal:size=medium:map_type=baseline:enemy_profile=medium_plus:item_profile=many:wall_profile=normal:player_hp=4:enemy_hp=2:agent=heuristic,1,9,2,2,0,13,11,3,14,0.18,1,0.9529411764705882,0.1414141414141414,3,5,2,3.3333333333333335,6
griddly,heuristic,,,,medium,baseline,medium_plus,many,normal,medium_plus,many,default,4,2,wall_profile,normal,120,11,25,36,ofat_real,ofat:factor=wall_profile:value=normal:size=medium:map_type=baseline:enemy_profile=medium_plus:item_profile=many:wall_profile=normal:player_hp=4:enemy_hp=2:agent=heuristic,1,13,3,1,0,13,11,3,27,0.18,1,0.8888888888888888,0.2727272727272727,6,11,5,7.0,10
griddly,heuristic,,,,medium,baseline,medium_plus,many,normal,medium_plus,many,default,4,2,wall_profile,normal,120,11,26,37,ofat_real,ofat:factor=wall_profile:value=normal:size=medium:map_type=baseline:enemy_profile=medium_plus:item_profile=many:wall_profile=normal:player_hp=4:enemy_hp=2:agent=heuristic,0,14,4,0,1,13,11,3,20,0.18,1,0.9367088607594937,0.20202020202020202,7,12,12,13.0,14
griddly,heuristic,,,,medium,baseline,medium_plus,many,normal,medium_plus,many,default,4,2,wall_profile,normal,120,11,27,38,ofat_real,ofat:factor=wall_profile:value=normal:size=medium:map_type=baseline:enemy_profile=medium_plus:item_profile=many:wall_profile=normal:player_hp=4:enemy_hp=2:agent=heuristic,0,10,4,0,1,13,11,3,15,0.18,1,0.9523809523809523,0.15151515151515152,5,14,5,5.333333333333333,6
griddly,heuristic,,,,medium,baseline,medium_plus,many,normal,medium_plus,many,default,4,2,wall_profile,normal,120,11,28,39,ofat_real,ofat:factor=wall_profile:value=normal:size=medium:map_type=baseline:enemy_profile=medium_plus:item_profile=many:wall_profile=normal:player_hp=4:enemy_hp=2:agent=heuristic,0,7,4,0,1,13,11,3,22,0.18,1,0.935064935064935,0.2222222222222222,4,10,2,5.0,7
griddly,heuristic,,,,medium,baseline,medium_plus,many,normal,medium_plus,many,default,4,2,wall_profile,normal,120,11,29,40,ofat_real,ofat:factor=wall_profile:value=normal:size=medium:map_type=baseline:enemy_profile=medium_plus:item_profile=many:wall_profile=normal:player_hp=4:enemy_hp=2:agent=heuristic,1,11,3,1,0,13,11,3,15,0.18,1,0.9523809523809523,0.15151515151515152,4,6,5,8.0,10
griddly,mcts_small,50,10,1.4142135623730951,medium,baseline,medium_plus,many,normal,medium_plus,many,default,4,2,wall_profile,normal,120,11,0,11,ofat_real,ofat:factor=wall_profile:value=normal:size=medium:map_type=baseline:enemy_profile=medium_plus:item_profile=many:wall_profile=normal:player_hp=4:enemy_hp=2:agent=mcts_small,0,21,4,0,1,13,11,3,25,0.18,1,0.9324324324324325,0.25252525252525254,10,21,4,5.0,6
griddly,mcts_small,50,10,1.4142135623730951,medium,baseline,medium_plus,many,normal,medium_plus,many,default,4,2,wall_profile,normal,120,11,1,12,ofat_real,ofat:factor=wall_profile:value=normal:size=medium:map_type=baseline:enemy_profile=medium_plus:item_profile=many:wall_profile=normal:player_hp=4:enemy_hp=2:agent=mcts_small,1,13,3,1,0,13,11,3,13,0.18,1,0.9651162790697675,0.13131313131313133,5,6,3,5.0,7
griddly,mcts_small,50,10,1.4142135623730951,medium,baseline,medium_plus,many,normal,medium_plus,many,default,4,2,wall_profile,normal,120,11,2,13,ofat_real,ofat:factor=wall_profile:value=normal:size=medium:map_type=baseline:enemy_profile=medium_plus:item_profile=many:wall_profile=normal:player_hp=4:enemy_hp=2:agent=mcts_small,1,12,2,2,0,13,11,3,17,0.18,1,0.9390243902439024,0.1717171717171717,5,10,2,7.333333333333333,15
griddly,mcts_small,50,10,1.4142135623730951,medium,baseline,medium_plus,many,normal,medium_plus,many,default,4,2,wall_profile,normal,120,11,3,14,ofat_real,ofat:factor=wall_profile:value=normal:size=medium:map_type=baseline:enemy_profile=medium_plus:item_profile=many:wall_profile=normal:player_hp=4:enemy_hp=2:agent=mcts_small,1,17,3,1,0,13,11,3,14,0.18,1,0.9294117647058824,0.1414141414141414,3,3,3,8.333333333333334,12
griddly,mcts_small,50,10,1.4142135623730951,medium,baseline,medium_plus,many,normal,medium_plus,many,default,4,2,wall_profile,normal,120,11,4,15,ofat_real,ofat:factor=wall_profile:value=normal:size=medium:map_type=baseline:enemy_profile=medium_plus:item_profile=many:wall_profile=normal:player_hp=4:enemy_hp=2:agent=mcts_small,1,16,3,1,0,13,11,3,18,0.18,1,0.9506172839506173,0.18181818181818182,7,11,3,5.666666666666667,9
griddly,mcts_small,50,10,1.4142135623730951,medium,baseline,medium_plus,many,normal,medium_plus,many,default,4,2,wall_profile,normal,120,11,5,16,ofat_real,ofat:factor=wall_profile:value=normal:size=medium:map_type=baseline:enemy_profile=medium_plus:item_profile=many:wall_profile=normal:player_hp=4:enemy_hp=2:agent=mcts_small,0,17,4,0,3,13,11,3,19,0.18,1,0.9625,0.1919191919191919,6,13,7,8.666666666666666,10
griddly,mcts_small,50,10,1.4142135623730951,medium,baseline,medium_plus,many,normal,medium_plus,many,default,4,2,wall_profile,normal,120,11,6,17,ofat_real,ofat:factor=wall_profile:value=normal:size=medium:map_type=baseline:enemy_profile=medium_plus:item_profile=many:wall_profile=normal:player_hp=4:enemy_hp=2:agent=mcts_small,0,17,4,0,2,13,11,3,13,0.18,1,0.9651162790697675,0.13131313131313133,5,9,6,10.0,13
griddly,mcts_small,50,10,1.4142135623730951,medium,baseline,medium_plus,many,normal,medium_plus,many,default,4,2,wall_profile,normal,120,11,7,18,ofat_real,ofat:factor=wall_profile:value=normal:size=medium:map_type=baseline:enemy_profile=medium_plus:item_profile=many:wall_profile=normal:player_hp=4:enemy_hp=2:agent=mcts_small,0,13,4,0,2,13,11,3,20,0.18,1,0.9620253164556962,0.20202020202020202,10,17,7,9.0,12
griddly,mcts_small,50,10,1.4142135623730951,medium,baseline,medium_plus,many,normal,medium_plus,many,default,4,2,wall_profile,normal,120,11,8,19,ofat_real,ofat:factor=wall_profile:value=normal:size=medium:map_type=baseline:enemy_profile=medium_plus:item_profile=many:wall_profile=normal:player_hp=4:enemy_hp=2:agent=mcts_small,0,11,4,0,2,13,11,3,21,0.18,1,0.9615384615384616,0.21212121212121213,6,11,4,8.333333333333334,14
griddly,mcts_small,50,10,1.4142135623730951,medium,baseline,medium_plus,many,normal,medium_plus,many,default,4,2,wall_profile,normal,120,11,9,20,ofat_real,ofat:factor=wall_profile:value=normal:size=medium:map_type=baseline:enemy_profile=medium_plus:item_profile=many:wall_profile=normal:player_hp=4:enemy_hp=2:agent=mcts_small,1,24,3,1,0,13,11,3,22,0.18,1,0.935064935064935,0.2222222222222222,7,14,6,8.333333333333334,11
griddly,mcts_small,50,10,1.4142135623730951,medium,baseline,medium_plus,many,normal,medium_plus,many,default,4,2,wall_profile,normal,120,11,10,21,ofat_real,ofat:factor=wall_profile:value=normal:size=medium:map_type=baseline:enemy_profile=medium_plus:item_profile=many:wall_profile=normal:player_hp=4:enemy_hp=2:agent=mcts_small,0,15,4,0,2,13,11,3,21,0.18,1,0.9230769230769231,0.21212121212121213,6,17,3,5.333333333333333,9
griddly,mcts_small,50,10,1.4142135623730951,medium,baseline,medium_plus,many,normal,medium_plus,many,default,4,2,wall_profile,normal,120,11,11,22,ofat_real,ofat:factor=wall_profile:value=normal:size=medium:map_type=baseline:enemy_profile=medium_plus:item_profile=many:wall_profile=normal:player_hp=4:enemy_hp=2:agent=mcts_small,1,13,3,1,0,13,11,3,24,0.18,1,0.9333333333333333,0.24242424242424243,8,16,2,4.333333333333333,9
griddly,mcts_small,50,10,1.4142135623730951,medium,baseline,medium_plus,many,normal,medium_plus,many,default,4,2,wall_profile,normal,120,11,12,23,ofat_real,ofat:factor=wall_profile:value=normal:size=medium:map_type=baseline:enemy_profile=medium_plus:item_profile=many:wall_profile=normal:player_hp=4:enemy_hp=2:agent=mcts_small,0,10,4,0,1,13,11,3,10,0.18,1,0.9662921348314607,0.10101010101010101,0,3,5,5.333333333333333,6
griddly,mcts_small,50,10,1.4142135623730951,medium,baseline,medium_plus,many,normal,medium_plus,many,default,4,2,wall_profile,normal,120,11,13,24,ofat_real,ofat:factor=wall_profile:value=normal:size=medium:map_type=baseline:enemy_profile=medium_plus:item_profile=many:wall_profile=normal:player_hp=4:enemy_hp=2:agent=mcts_small,0,7,4,0,3,13,11,3,18,0.18,1,0.9012345679012346,0.18181818181818182,6,16,5,5.666666666666667,6
griddly,mcts_small,50,10,1.4142135623730951,medium,baseline,medium_plus,many,normal,medium_plus,many,default,4,2,wall_profile,normal,120,11,14,25,ofat_real,ofat:factor=wall_profile:value=normal:size=medium:map_type=baseline:enemy_profile=medium_plus:item_profile=many:wall_profile=normal:player_hp=4:enemy_hp=2:agent=mcts_small,1,25,3,1,0,13,11,3,26,0.18,1,0.6027397260273972,0.26262626262626265,4,18,8,12.0,14
griddly,mcts_small,50,10,1.4142135623730951,medium,baseline,medium_plus,many,normal,medium_plus,many,default,4,2,wall_profile,normal,120,11,15,26,ofat_real,ofat:factor=wall_profile:value=normal:size=medium:map_type=baseline:enemy_profile=medium_plus:item_profile=many:wall_profile=normal:player_hp=4:enemy_hp=2:agent=mcts_small,1,12,3,1,0,13,11,3,20,0.18,1,0.8354430379746836,0.20202020202020202,8,9,2,3.3333333333333335,6
griddly,mcts_small,50,10,1.4142135623730951,medium,baseline,medium_plus,many,normal,medium_plus,many,default,4,2,wall_profile,normal,120,11,16,27,ofat_real,ofat:factor=wall_profile:value=normal:size=medium:map_type=baseline:enemy_profile=medium_plus:item_profile=many:wall_profile=normal:player_hp=4:enemy_hp=2:agent=mcts_small,1,13,2,2,0,13,11,3,18,0.18,1,0.9506172839506173,0.18181818181818182,6,13,3,6.0,9
griddly,mcts_small,50,10,1.4142135623730951,medium,baseline,medium_plus,many,normal,medium_plus,many,default,4,2,wall_profile,normal,120,11,17,28,ofat_real,ofat:factor=wall_profile:value=normal:size=medium:map_type=baseline:enemy_profile=medium_plus:item_profile=many:wall_profile=normal:player_hp=4:enemy_hp=2:agent=mcts_small,1,17,2,2,0,13,11,3,17,0.18,1,0.9512195121951219,0.1717171717171717,6,6,7,7.666666666666667,8
griddly,mcts_small,50,10,1.4142135623730951,medium,baseline,medium_plus,many,normal,medium_plus,many,default,4,2,wall_profile,normal,120,11,18,29,ofat_real,ofat:factor=wall_profile:value=normal:size=medium:map_type=baseline:enemy_profile=medium_plus:item_profile=many:wall_profile=normal:player_hp=4:enemy_hp=2:agent=mcts_small,0,22,4,0,2,13,11,3,22,0.18,1,0.948051948051948,0.2222222222222222,6,14,6,7.333333333333333,8
griddly,mcts_small,50,10,1.4142135623730951,medium,baseline,medium_plus,many,normal,medium_plus,many,default,4,2,wall_profile,normal,120,11,19,30,ofat_real,ofat:factor=wall_profile:value=normal:size=medium:map_type=baseline:enemy_profile=medium_plus:item_profile=many:wall_profile=normal:player_hp=4:enemy_hp=2:agent=mcts_small,1,15,2,2,0,13,11,3,16,0.18,1,0.963855421686747,0.16161616161616163,5,9,2,3.6666666666666665,7
griddly,mcts_small,50,10,1.4142135623730951,medium,baseline,medium_plus,many,normal,medium_plus,many,default,4,2,wall_profile,normal,120,11,20,31,ofat_real,ofat:factor=wall_profile:value=normal:size=medium:map_type=baseline:enemy_profile=medium_plus:item_profile=many:wall_profile=normal:player_hp=4:enemy_hp=2:agent=mcts_small,0,18,4,0,1,13,11,3,18,0.18,1,0.9259259259259259,0.18181818181818182,5,10,9,10.666666666666666,13
griddly,mcts_small,50,10,1.4142135623730951,medium,baseline,medium_plus,many,normal,medium_plus,many,default,4,2,wall_profile,normal,120,11,21,32,ofat_real,ofat:factor=wall_profile:value=normal:size=medium:map_type=baseline:enemy_profile=medium_plus:item_profile=many:wall_profile=normal:player_hp=4:enemy_hp=2:agent=mcts_small,1,16,2,2,0,13,11,3,18,0.18,1,0.9506172839506173,0.18181818181818182,7,8,4,8.0,12
griddly,mcts_small,50,10,1.4142135623730951,medium,baseline,medium_plus,many,normal,medium_plus,many,default,4,2,wall_profile,normal,120,11,22,33,ofat_real,ofat:factor=wall_profile:value=normal:size=medium:map_type=baseline:enemy_profile=medium_plus:item_profile=many:wall_profile=normal:player_hp=4:enemy_hp=2:agent=mcts_small,0,15,4,0,2,13,11,3,17,0.18,1,0.8536585365853658,0.1717171717171717,3,5,5,8.333333333333334,13
griddly,mcts_small,50,10,1.4142135623730951,medium,baseline,medium_plus,many,normal,medium_plus,many,default,4,2,wall_profile,normal,120,11,23,34,ofat_real,ofat:factor=wall_profile:value=normal:size=medium:map_type=baseline:enemy_profile=medium_plus:item_profile=many:wall_profile=normal:player_hp=4:enemy_hp=2:agent=mcts_small,1,23,3,1,0,13,11,3,22,0.18,1,0.948051948051948,0.2222222222222222,4,14,4,7.666666666666667,14
griddly,mcts_small,50,10,1.4142135623730951,medium,baseline,medium_plus,many,normal,medium_plus,many,default,4,2,wall_profile,normal,120,11,24,35,ofat_real,ofat:factor=wall_profile:value=normal:size=medium:map_type=baseline:enemy_profile=medium_plus:item_profile=many:wall_profile=normal:player_hp=4:enemy_hp=2:agent=mcts_small,1,10,3,1,0,13,11,3,14,0.18,1,0.9529411764705882,0.1414141414141414,3,5,2,3.3333333333333335,6
griddly,mcts_small,50,10,1.4142135623730951,medium,baseline,medium_plus,many,normal,medium_plus,many,default,4,2,wall_profile,normal,120,11,25,36,ofat_real,ofat:factor=wall_profile:value=normal:size=medium:map_type=baseline:enemy_profile=medium_plus:item_profile=many:wall_profile=normal:player_hp=4:enemy_hp=2:agent=mcts_small,1,22,3,1,0,13,11,3,27,0.18,1,0.8888888888888888,0.2727272727272727,6,11,5,7.0,10
griddly,mcts_small,50,10,1.4142135623730951,medium,baseline,medium_plus,many,normal,medium_plus,many,default,4,2,wall_profile,normal,120,11,26,37,ofat_real,ofat:factor=wall_profile:value=normal:size=medium:map_type=baseline:enemy_profile=medium_plus:item_profile=many:wall_profile=normal:player_hp=4:enemy_hp=2:agent=mcts_small,0,33,4,0,1,13,11,3,20,0.18,1,0.9367088607594937,0.20202020202020202,7,12,12,13.0,14
griddly,mcts_small,50,10,1.4142135623730951,medium,baseline,medium_plus,many,normal,medium_plus,many,default,4,2,wall_profile,normal,120,11,27,38,ofat_real,ofat:factor=wall_profile:value=normal:size=medium:map_type=baseline:enemy_profile=medium_plus:item_profile=many:wall_profile=normal:player_hp=4:enemy_hp=2:agent=mcts_small,1,19,2,2,0,13,11,3,15,0.18,1,0.9523809523809523,0.15151515151515152,5,14,5,5.333333333333333,6
griddly,mcts_small,50,10,1.4142135623730951,medium,baseline,medium_plus,many,normal,medium_plus,many,default,4,2,wall_profile,normal,120,11,28,39,ofat_real,ofat:factor=wall_profile:value=normal:size=medium:map_type=baseline:enemy_profile=medium_plus:item_profile=many:wall_profile=normal:player_hp=4:enemy_hp=2:agent=mcts_small,1,24,2,2,0,13,11,3,22,0.18,1,0.935064935064935,0.2222222222222222,4,10,2,5.0,7
griddly,mcts_small,50,10,1.4142135623730951,medium,baseline,medium_plus,many,normal,medium_plus,many,default,4,2,wall_profile,normal,120,11,29,40,ofat_real,ofat:factor=wall_profile:value=normal:size=medium:map_type=baseline:enemy_profile=medium_plus:item_profile=many:wall_profile=normal:player_hp=4:enemy_hp=2:agent=mcts_small,1,23,2,2,0,13,11,3,15,0.18,1,0.9523809523809523,0.15151515151515152,4,6,5,8.0,10
griddly,mcts_medium,200,30,1.4142135623730951,medium,baseline,medium_plus,many,normal,medium_plus,many,default,4,2,wall_profile,normal,120,11,0,11,ofat_real,ofat:factor=wall_profile:value=normal:size=medium:map_type=baseline:enemy_profile=medium_plus:item_profile=many:wall_profile=normal:player_hp=4:enemy_hp=2:agent=mcts_medium,1,22,2,2,0,13,11,3,25,0.18,1,0.9324324324324325,0.25252525252525254,10,21,4,5.0,6
griddly,mcts_medium,200,30,1.4142135623730951,medium,baseline,medium_plus,many,normal,medium_plus,many,default,4,2,wall_profile,normal,120,11,1,12,ofat_real,ofat:factor=wall_profile:value=normal:size=medium:map_type=baseline:enemy_profile=medium_plus:item_profile=many:wall_profile=normal:player_hp=4:enemy_hp=2:agent=mcts_medium,0,17,4,0,1,13,11,3,13,0.18,1,0.9651162790697675,0.13131313131313133,5,6,3,5.0,7
griddly,mcts_medium,200,30,1.4142135623730951,medium,baseline,medium_plus,many,normal,medium_plus,many,default,4,2,wall_profile,normal,120,11,2,13,ofat_real,ofat:factor=wall_profile:value=normal:size=medium:map_type=baseline:enemy_profile=medium_plus:item_profile=many:wall_profile=normal:player_hp=4:enemy_hp=2:agent=mcts_medium,1,17,2,2,0,13,11,3,17,0.18,1,0.9390243902439024,0.1717171717171717,5,10,2,7.333333333333333,15
griddly,mcts_medium,200,30,1.4142135623730951,medium,baseline,medium_plus,many,normal,medium_plus,many,default,4,2,wall_profile,normal,120,11,3,14,ofat_real,ofat:factor=wall_profile:value=normal:size=medium:map_type=baseline:enemy_profile=medium_plus:item_profile=many:wall_profile=normal:player_hp=4:enemy_hp=2:agent=mcts_medium,1,15,3,1,0,13,11,3,14,0.18,1,0.9294117647058824,0.1414141414141414,3,3,3,8.333333333333334,12
griddly,mcts_medium,200,30,1.4142135623730951,medium,baseline,medium_plus,many,normal,medium_plus,many,default,4,2,wall_profile,normal,120,11,4,15,ofat_real,ofat:factor=wall_profile:value=normal:size=medium:map_type=baseline:enemy_profile=medium_plus:item_profile=many:wall_profile=normal:player_hp=4:enemy_hp=2:agent=mcts_medium,0,23,4,0,1,13,11,3,18,0.18,1,0.9506172839506173,0.18181818181818182,7,11,3,5.666666666666667,9
griddly,mcts_medium,200,30,1.4142135623730951,medium,baseline,medium_plus,many,normal,medium_plus,many,default,4,2,wall_profile,normal,120,11,5,16,ofat_real,ofat:factor=wall_profile:value=normal:size=medium:map_type=baseline:enemy_profile=medium_plus:item_profile=many:wall_profile=normal:player_hp=4:enemy_hp=2:agent=mcts_medium,0,17,4,0,2,13,11,3,19,0.18,1,0.9625,0.1919191919191919,6,13,7,8.666666666666666,10
griddly,mcts_medium,200,30,1.4142135623730951,medium,baseline,medium_plus,many,normal,medium_plus,many,default,4,2,wall_profile,normal,120,11,6,17,ofat_real,ofat:factor=wall_profile:value=normal:size=medium:map_type=baseline:enemy_profile=medium_plus:item_profile=many:wall_profile=normal:player_hp=4:enemy_hp=2:agent=mcts_medium,1,17,3,1,0,13,11,3,13,0.18,1,0.9651162790697675,0.13131313131313133,5,9,6,10.0,13
griddly,mcts_medium,200,30,1.4142135623730951,medium,baseline,medium_plus,many,normal,medium_plus,many,default,4,2,wall_profile,normal,120,11,7,18,ofat_real,ofat:factor=wall_profile:value=normal:size=medium:map_type=baseline:enemy_profile=medium_plus:item_profile=many:wall_profile=normal:player_hp=4:enemy_hp=2:agent=mcts_medium,1,25,3,1,0,13,11,3,20,0.18,1,0.9620253164556962,0.20202020202020202,10,17,7,9.0,12
griddly,mcts_medium,200,30,1.4142135623730951,medium,baseline,medium_plus,many,normal,medium_plus,many,default,4,2,wall_profile,normal,120,11,8,19,ofat_real,ofat:factor=wall_profile:value=normal:size=medium:map_type=baseline:enemy_profile=medium_plus:item_profile=many:wall_profile=normal:player_hp=4:enemy_hp=2:agent=mcts_medium,0,15,4,0,2,13,11,3,21,0.18,1,0.9615384615384616,0.21212121212121213,6,11,4,8.333333333333334,14
griddly,mcts_medium,200,30,1.4142135623730951,medium,baseline,medium_plus,many,normal,medium_plus,many,default,4,2,wall_profile,normal,120,11,9,20,ofat_real,ofat:factor=wall_profile:value=normal:size=medium:map_type=baseline:enemy_profile=medium_plus:item_profile=many:wall_profile=normal:player_hp=4:enemy_hp=2:agent=mcts_medium,1,28,2,2,0,13,11,3,22,0.18,1,0.935064935064935,0.2222222222222222,7,14,6,8.333333333333334,11
griddly,mcts_medium,200,30,1.4142135623730951,medium,baseline,medium_plus,many,normal,medium_plus,many,default,4,2,wall_profile,normal,120,11,10,21,ofat_real,ofat:factor=wall_profile:value=normal:size=medium:map_type=baseline:enemy_profile=medium_plus:item_profile=many:wall_profile=normal:player_hp=4:enemy_hp=2:agent=mcts_medium,0,10,4,0,2,13,11,3,21,0.18,1,0.9230769230769231,0.21212121212121213,6,17,3,5.333333333333333,9
griddly,mcts_medium,200,30,1.4142135623730951,medium,baseline,medium_plus,many,normal,medium_plus,many,default,4,2,wall_profile,normal,120,11,11,22,ofat_real,ofat:factor=wall_profile:value=normal:size=medium:map_type=baseline:enemy_profile=medium_plus:item_profile=many:wall_profile=normal:player_hp=4:enemy_hp=2:agent=mcts_medium,1,11,2,2,0,13,11,3,24,0.18,1,0.9333333333333333,0.24242424242424243,8,16,2,4.333333333333333,9
griddly,mcts_medium,200,30,1.4142135623730951,medium,baseline,medium_plus,many,normal,medium_plus,many,default,4,2,wall_profile,normal,120,11,12,23,ofat_real,ofat:factor=wall_profile:value=normal:size=medium:map_type=baseline:enemy_profile=medium_plus:item_profile=many:wall_profile=normal:player_hp=4:enemy_hp=2:agent=mcts_medium,1,14,3,1,0,13,11,3,10,0.18,1,0.9662921348314607,0.10101010101010101,0,3,5,5.333333333333333,6
griddly,mcts_medium,200,30,1.4142135623730951,medium,baseline,medium_plus,many,normal,medium_plus,many,default,4,2,wall_profile,normal,120,11,13,24,ofat_real,ofat:factor=wall_profile:value=normal:size=medium:map_type=baseline:enemy_profile=medium_plus:item_profile=many:wall_profile=normal:player_hp=4:enemy_hp=2:agent=mcts_medium,0,16,4,0,2,13,11,3,18,0.18,1,0.9012345679012346,0.18181818181818182,6,16,5,5.666666666666667,6
griddly,mcts_medium,200,30,1.4142135623730951,medium,baseline,medium_plus,many,normal,medium_plus,many,default,4,2,wall_profile,normal,120,11,14,25,ofat_real,ofat:factor=wall_profile:value=normal:size=medium:map_type=baseline:enemy_profile=medium_plus:item_profile=many:wall_profile=normal:player_hp=4:enemy_hp=2:agent=mcts_medium,1,40,2,2,0,13,11,3,26,0.18,1,0.6027397260273972,0.26262626262626265,4,18,8,12.0,14
griddly,mcts_medium,200,30,1.4142135623730951,medium,baseline,medium_plus,many,normal,medium_plus,many,default,4,2,wall_profile,normal,120,11,15,26,ofat_real,ofat:factor=wall_profile:value=normal:size=medium:map_type=baseline:enemy_profile=medium_plus:item_profile=many:wall_profile=normal:player_hp=4:enemy_hp=2:agent=mcts_medium,1,12,2,2,0,13,11,3,20,0.18,1,0.8354430379746836,0.20202020202020202,8,9,2,3.3333333333333335,6
griddly,mcts_medium,200,30,1.4142135623730951,medium,baseline,medium_plus,many,normal,medium_plus,many,default,4,2,wall_profile,normal,120,11,16,27,ofat_real,ofat:factor=wall_profile:value=normal:size=medium:map_type=baseline:enemy_profile=medium_plus:item_profile=many:wall_profile=normal:player_hp=4:enemy_hp=2:agent=mcts_medium,1,18,3,1,0,13,11,3,18,0.18,1,0.9506172839506173,0.18181818181818182,6,13,3,6.0,9
griddly,mcts_medium,200,30,1.4142135623730951,medium,baseline,medium_plus,many,normal,medium_plus,many,default,4,2,wall_profile,normal,120,11,17,28,ofat_real,ofat:factor=wall_profile:value=normal:size=medium:map_type=baseline:enemy_profile=medium_plus:item_profile=many:wall_profile=normal:player_hp=4:enemy_hp=2:agent=mcts_medium,1,15,2,2,0,13,11,3,17,0.18,1,0.9512195121951219,0.1717171717171717,6,6,7,7.666666666666667,8
griddly,mcts_medium,200,30,1.4142135623730951,medium,baseline,medium_plus,many,normal,medium_plus,many,default,4,2,wall_profile,normal,120,11,18,29,ofat_real,ofat:factor=wall_profile:value=normal:size=medium:map_type=baseline:enemy_profile=medium_plus:item_profile=many:wall_profile=normal:player_hp=4:enemy_hp=2:agent=mcts_medium,0,23,4,0,1,13,11,3,22,0.18,1,0.948051948051948,0.2222222222222222,6,14,6,7.333333333333333,8
griddly,mcts_medium,200,30,1.4142135623730951,medium,baseline,medium_plus,many,normal,medium_plus,many,default,4,2,wall_profile,normal,120,11,19,30,ofat_real,ofat:factor=wall_profile:value=normal:size=medium:map_type=baseline:enemy_profile=medium_plus:item_profile=many:wall_profile=normal:player_hp=4:enemy_hp=2:agent=mcts_medium,1,11,2,2,0,13,11,3,16,0.18,1,0.963855421686747,0.16161616161616163,5,9,2,3.6666666666666665,7
griddly,mcts_medium,200,30,1.4142135623730951,medium,baseline,medium_plus,many,normal,medium_plus,many,default,4,2,wall_profile,normal,120,11,20,31,ofat_real,ofat:factor=wall_profile:value=normal:size=medium:map_type=baseline:enemy_profile=medium_plus:item_profile=many:wall_profile=normal:player_hp=4:enemy_hp=2:agent=mcts_medium,1,18,1,3,0,13,11,3,18,0.18,1,0.9259259259259259,0.18181818181818182,5,10,9,10.666666666666666,13
griddly,mcts_medium,200,30,1.4142135623730951,medium,baseline,medium_plus,many,normal,medium_plus,many,default,4,2,wall_profile,normal,120,11,21,32,ofat_real,ofat:factor=wall_profile:value=normal:size=medium:map_type=baseline:enemy_profile=medium_plus:item_profile=many:wall_profile=normal:player_hp=4:enemy_hp=2:agent=mcts_medium,1,14,3,1,0,13,11,3,18,0.18,1,0.9506172839506173,0.18181818181818182,7,8,4,8.0,12
griddly,mcts_medium,200,30,1.4142135623730951,medium,baseline,medium_plus,many,normal,medium_plus,many,default,4,2,wall_profile,normal,120,11,22,33,ofat_real,ofat:factor=wall_profile:value=normal:size=medium:map_type=baseline:enemy_profile=medium_plus:item_profile=many:wall_profile=normal:player_hp=4:enemy_hp=2:agent=mcts_medium,1,19,3,1,0,13,11,3,17,0.18,1,0.8536585365853658,0.1717171717171717,3,5,5,8.333333333333334,13
griddly,mcts_medium,200,30,1.4142135623730951,medium,baseline,medium_plus,many,normal,medium_plus,many,default,4,2,wall_profile,normal,120,11,23,34,ofat_real,ofat:factor=wall_profile:value=normal:size=medium:map_type=baseline:enemy_profile=medium_plus:item_profile=many:wall_profile=normal:player_hp=4:enemy_hp=2:agent=mcts_medium,1,18,3,1,0,13,11,3,22,0.18,1,0.948051948051948,0.2222222222222222,4,14,4,7.666666666666667,14
griddly,mcts_medium,200,30,1.4142135623730951,medium,baseline,medium_plus,many,normal,medium_plus,many,default,4,2,wall_profile,normal,120,11,24,35,ofat_real,ofat:factor=wall_profile:value=normal:size=medium:map_type=baseline:enemy_profile=medium_plus:item_profile=many:wall_profile=normal:player_hp=4:enemy_hp=2:agent=mcts_medium,1,10,2,2,0,13,11,3,14,0.18,1,0.9529411764705882,0.1414141414141414,3,5,2,3.3333333333333335,6
griddly,mcts_medium,200,30,1.4142135623730951,medium,baseline,medium_plus,many,normal,medium_plus,many,default,4,2,wall_profile,normal,120,11,25,36,ofat_real,ofat:factor=wall_profile:value=normal:size=medium:map_type=baseline:enemy_profile=medium_plus:item_profile=many:wall_profile=normal:player_hp=4:enemy_hp=2:agent=mcts_medium,1,23,3,1,0,13,11,3,27,0.18,1,0.8888888888888888,0.2727272727272727,6,11,5,7.0,10
griddly,mcts_medium,200,30,1.4142135623730951,medium,baseline,medium_plus,many,normal,medium_plus,many,default,4,2,wall_profile,normal,120,11,26,37,ofat_real,ofat:factor=wall_profile:value=normal:size=medium:map_type=baseline:enemy_profile=medium_plus:item_profile=many:wall_profile=normal:player_hp=4:enemy_hp=2:agent=mcts_medium,0,34,4,0,1,13,11,3,20,0.18,1,0.9367088607594937,0.20202020202020202,7,12,12,13.0,14
griddly,mcts_medium,200,30,1.4142135623730951,medium,baseline,medium_plus,many,normal,medium_plus,many,default,4,2,wall_profile,normal,120,11,27,38,ofat_real,ofat:factor=wall_profile:value=normal:size=medium:map_type=baseline:enemy_profile=medium_plus:item_profile=many:wall_profile=normal:player_hp=4:enemy_hp=2:agent=mcts_medium,0,21,4,0,1,13,11,3,15,0.18,1,0.9523809523809523,0.15151515151515152,5,14,5,5.333333333333333,6
griddly,mcts_medium,200,30,1.4142135623730951,medium,baseline,medium_plus,many,normal,medium_plus,many,default,4,2,wall_profile,normal,120,11,28,39,ofat_real,ofat:factor=wall_profile:value=normal:size=medium:map_type=baseline:enemy_profile=medium_plus:item_profile=many:wall_profile=normal:player_hp=4:enemy_hp=2:agent=mcts_medium,1,23,2,2,0,13,11,3,22,0.18,1,0.935064935064935,0.2222222222222222,4,10,2,5.0,7
griddly,mcts_medium,200,30,1.4142135623730951,medium,baseline,medium_plus,many,normal,medium_plus,many,default,4,2,wall_profile,normal,120,11,29,40,ofat_real,ofat:factor=wall_profile:value=normal:size=medium:map_type=baseline:enemy_profile=medium_plus:item_profile=many:wall_profile=normal:player_hp=4:enemy_hp=2:agent=mcts_medium,1,18,2,2,0,13,11,3,15,0.18,1,0.9523809523809523,0.15151515151515152,4,6,5,8.0,10
griddly,random,,,,medium,baseline,medium_plus,many,tight,medium_plus,many,high,4,2,wall_profile,tight,120,11,0,11,ofat_real,ofat:factor=wall_profile:value=tight:size=medium:map_type=baseline:enemy_profile=medium_plus:item_profile=many:wall_profile=tight:player_hp=4:enemy_hp=2:agent=random,0,28,4,0,2,13,11,3,23,0.27,1,0.9078947368421053,0.23232323232323232,5,13,7,7.0,7
griddly,random,,,,medium,baseline,medium_plus,many,tight,medium_plus,many,high,4,2,wall_profile,tight,120,11,1,12,ofat_real,ofat:factor=wall_profile:value=tight:size=medium:map_type=baseline:enemy_profile=medium_plus:item_profile=many:wall_profile=tight:player_hp=4:enemy_hp=2:agent=random,0,9,4,0,3,13,11,3,22,0.27,1,0.948051948051948,0.2222222222222222,8,10,3,5.0,7
griddly,random,,,,medium,baseline,medium_plus,many,tight,medium_plus,many,high,4,2,wall_profile,tight,120,11,2,13,ofat_real,ofat:factor=wall_profile:value=tight:size=medium:map_type=baseline:enemy_profile=medium_plus:item_profile=many:wall_profile=tight:player_hp=4:enemy_hp=2:agent=random,0,11,4,0,2,13,11,3,24,0.27,1,0.9333333333333333,0.24242424242424243,6,13,2,7.333333333333333,15
griddly,random,,,,medium,baseline,medium_plus,many,tight,medium_plus,many,high,4,2,wall_profile,tight,120,11,3,14,ofat_real,ofat:factor=wall_profile:value=tight:size=medium:map_type=baseline:enemy_profile=medium_plus:item_profile=many:wall_profile=tight:player_hp=4:enemy_hp=2:agent=random,0,25,4,0,2,13,11,3,30,0.27,1,0.9130434782608695,0.30303030303030304,8,27,5,9.666666666666666,12
griddly,random,,,,medium,baseline,medium_plus,many,tight,medium_plus,many,high,4,2,wall_profile,tight,120,11,4,15,ofat_real,ofat:factor=wall_profile:value=tight:size=medium:map_type=baseline:enemy_profile=medium_plus:item_profile=many:wall_profile=tight:player_hp=4:enemy_hp=2:agent=random,0,11,4,0,3,13,11,3,21,0.27,1,0.9102564102564102,0.21212121212121213,6,13,3,5.666666666666667,9
griddly,random,,,,medium,baseline,medium_plus,many,tight,medium_plus,many,high,4,2,wall_profile,tight,120,11,5,16,ofat_real,ofat:factor=wall_profile:value=tight:size=medium:map_type=baseline:enemy_profile=medium_plus:item_profile=many:wall_profile=tight:player_hp=4:enemy_hp=2:agent=random,0,22,4,0,2,13,11,3,29,0.27,1,0.8,0.29292929292929293,4,8,3,11.333333333333334,16
griddly,random,,,,medium,baseline,medium_plus,many,tight,medium_plus,many,high,4,2,wall_profile,tight,120,11,6,17,ofat_real,ofat:factor=wall_profile:value=tight:size=medium:map_type=baseline:enemy_profile=medium_plus:item_profile=many:wall_profile=tight:player_hp=4:enemy_hp=2:agent=random,0,12,4,0,3,13,11,3,27,0.27,1,0.9583333333333334,0.2727272727272727,7,16,5,10.333333333333334,14
griddly,random,,,,medium,baseline,medium_plus,many,tight,medium_plus,many,high,4,2,wall_profile,tight,120,11,7,18,ofat_real,ofat:factor=wall_profile:value=tight:size=medium:map_type=baseline:enemy_profile=medium_plus:item_profile=many:wall_profile=tight:player_hp=4:enemy_hp=2:agent=random,0,11,4,0,3,13,11,3,25,0.27,1,0.8783783783783784,0.25252525252525254,9,17,7,9.0,12
griddly,random,,,,medium,baseline,medium_plus,many,tight,medium_plus,many,high,4,2,wall_profile,tight,120,11,8,19,ofat_real,ofat:factor=wall_profile:value=tight:size=medium:map_type=baseline:enemy_profile=medium_plus:item_profile=many:wall_profile=tight:player_hp=4:enemy_hp=2:agent=random,0,10,4,0,2,13,11,3,28,0.27,1,0.9014084507042254,0.2828282828282828,5,9,4,8.333333333333334,14
griddly,random,,,,medium,baseline,medium_plus,many,tight,medium_plus,many,high,4,2,wall_profile,tight,120,11,9,20,ofat_real,ofat:factor=wall_profile:value=tight:size=medium:map_type=baseline:enemy_profile=medium_plus:item_profile=many:wall_profile=tight:player_hp=4:enemy_hp=2:agent=random,0,14,4,0,3,13,11,3,29,0.27,1,0.8571428571428571,0.29292929292929293,6,23,8,9.0,11
griddly,random,,,,medium,baseline,medium_plus,many,tight,medium_plus,many,high,4,2,wall_profile,tight,120,11,10,21,ofat_real,ofat:factor=wall_profile:value=tight:size=medium:map_type=baseline:enemy_profile=medium_plus:item_profile=many:wall_profile=tight:player_hp=4:enemy_hp=2:agent=random,0,16,4,0,3,13,11,3,24,0.27,1,0.96,0.24242424242424243,8,23,6,9.666666666666666,12
griddly,random,,,,medium,baseline,medium_plus,many,tight,medium_plus,many,high,4,2,wall_profile,tight,120,11,11,22,ofat_real,ofat:factor=wall_profile:value=tight:size=medium:map_type=baseline:enemy_profile=medium_plus:item_profile=many:wall_profile=tight:player_hp=4:enemy_hp=2:agent=random,0,7,4,0,3,13,11,3,27,0.27,1,0.9583333333333334,0.2727272727272727,8,19,3,4.333333333333333,6
griddly,random,,,,medium,baseline,medium_plus,many,tight,medium_plus,many,high,4,2,wall_profile,tight,120,11,12,23,ofat_real,ofat:factor=wall_profile:value=tight:size=medium:map_type=baseline:enemy_profile=medium_plus:item_profile=many:wall_profile=tight:player_hp=4:enemy_hp=2:agent=random,0,8,4,0,3,13,11,3,18,0.27,1,0.9012345679012346,0.18181818181818182,5,7,5,5.333333333333333,6
griddly,random,,,,medium,baseline,medium_plus,many,tight,medium_plus,many,high,4,2,wall_profile,tight,120,11,13,24,ofat_real,ofat:factor=wall_profile:value=tight:size=medium:map_type=baseline:enemy_profile=medium_plus:item_profile=many:wall_profile=tight:player_hp=4:enemy_hp=2:agent=random,0,10,4,0,3,13,11,3,24,0.27,1,0.7733333333333333,0.24242424242424243,7,13,5,7.0,8
griddly,random,,,,medium,baseline,medium_plus,many,tight,medium_plus,many,high,4,2,wall_profile,tight,120,11,14,25,ofat_real,ofat:factor=wall_profile:value=tight:size=medium:map_type=baseline:enemy_profile=medium_plus:item_profile=many:wall_profile=tight:player_hp=4:enemy_hp=2:agent=random,0,17,4,0,2,13,11,3,18,0.27,1,0.9629629629629629,0.18181818181818182,4,11,5,7.0,10
griddly,random,,,,medium,baseline,medium_plus,many,tight,medium_plus,many,high,4,2,wall_profile,tight,120,11,15,26,ofat_real,ofat:factor=wall_profile:value=tight:size=medium:map_type=baseline:enemy_profile=medium_plus:item_profile=many:wall_profile=tight:player_hp=4:enemy_hp=2:agent=random,0,8,4,0,3,13,11,3,29,0.27,1,0.8428571428571429,0.29292929292929293,8,13,2,3.3333333333333335,6
griddly,random,,,,medium,baseline,medium_plus,many,tight,medium_plus,many,high,4,2,wall_profile,tight,120,11,16,27,ofat_real,ofat:factor=wall_profile:value=tight:size=medium:map_type=baseline:enemy_profile=medium_plus:item_profile=many:wall_profile=tight:player_hp=4:enemy_hp=2:agent=random,0,9,4,0,3,13,11,3,32,0.27,1,0.7910447761194029,0.32323232323232326,3,3,3,6.0,9
griddly,random,,,,medium,baseline,medium_plus,many,tight,medium_plus,many,high,4,2,wall_profile,tight,120,11,17,28,ofat_real,ofat:factor=wall_profile:value=tight:size=medium:map_type=baseline:enemy_profile=medium_plus:item_profile=many:wall_profile=tight:player_hp=4:enemy_hp=2:agent=random,0,13,4,0,3,13,11,3,26,0.27,1,0.958904109589041,0.26262626262626265,7,15,7,8.333333333333334,10
griddly,random,,,,medium,baseline,medium_plus,many,tight,medium_plus,many,high,4,2,wall_profile,tight,120,11,18,29,ofat_real,ofat:factor=wall_profile:value=tight:size=medium:map_type=baseline:enemy_profile=medium_plus:item_profile=many:wall_profile=tight:player_hp=4:enemy_hp=2:agent=random,0,14,4,0,2,13,11,3,23,0.27,1,0.9210526315789473,0.23232323232323232,6,8,4,8.333333333333334,14
griddly,random,,,,medium,baseline,medium_plus,many,tight,medium_plus,many,high,4,2,wall_profile,tight,120,11,19,30,ofat_real,ofat:factor=wall_profile:value=tight:size=medium:map_type=baseline:enemy_profile=medium_plus:item_profile=many:wall_profile=tight:player_hp=4:enemy_hp=2:agent=random,0,18,4,0,2,13,11,3,19,0.27,1,0.9375,0.1919191919191919,4,7,2,3.6666666666666665,7
griddly,random,,,,medium,baseline,medium_plus,many,tight,medium_plus,many,high,4,2,wall_profile,tight,120,11,20,31,ofat_real,ofat:factor=wall_profile:value=tight:size=medium:map_type=baseline:enemy_profile=medium_plus:item_profile=many:wall_profile=tight:player_hp=4:enemy_hp=2:agent=random,0,13,4,0,3,13,11,3,29,0.27,1,0.8857142857142857,0.29292929292929293,4,10,9,10.666666666666666,13
griddly,random,,,,medium,baseline,medium_plus,many,tight,medium_plus,many,high,4,2,wall_profile,tight,120,11,21,32,ofat_real,ofat:factor=wall_profile:value=tight:size=medium:map_type=baseline:enemy_profile=medium_plus:item_profile=many:wall_profile=tight:player_hp=4:enemy_hp=2:agent=random,0,9,4,0,3,13,11,3,31,0.27,1,0.75,0.31313131313131315,5,16,2,6.0,9
griddly,random,,,,medium,baseline,medium_plus,many,tight,medium_plus,many,high,4,2,wall_profile,tight,120,11,22,33,ofat_real,ofat:factor=wall_profile:value=tight:size=medium:map_type=baseline:enemy_profile=medium_plus:item_profile=many:wall_profile=tight:player_hp=4:enemy_hp=2:agent=random,1,16,3,1,0,13,11,3,20,0.27,1,0.8607594936708861,0.20202020202020202,4,6,7,11.0,13
griddly,random,,,,medium,baseline,medium_plus,many,tight,medium_plus,many,high,4,2,wall_profile,tight,120,11,23,34,ofat_real,ofat:factor=wall_profile:value=tight:size=medium:map_type=baseline:enemy_profile=medium_plus:item_profile=many:wall_profile=tight:player_hp=4:enemy_hp=2:agent=random,0,9,4,0,3,13,11,3,27,0.27,1,0.9027777777777778,0.2727272727272727,5,16,4,7.666666666666667,14
griddly,random,,,,medium,baseline,medium_plus,many,tight,medium_plus,many,high,4,2,wall_profile,tight,120,11,24,35,ofat_real,ofat:factor=wall_profile:value=tight:size=medium:map_type=baseline:enemy_profile=medium_plus:item_profile=many:wall_profile=tight:player_hp=4:enemy_hp=2:agent=random,0,11,4,0,1,13,11,3,23,0.27,1,0.9078947368421053,0.23232323232323232,6,12,2,3.3333333333333335,6
griddly,random,,,,medium,baseline,medium_plus,many,tight,medium_plus,many,high,4,2,wall_profile,tight,120,11,25,36,ofat_real,ofat:factor=wall_profile:value=tight:size=medium:map_type=baseline:enemy_profile=medium_plus:item_profile=many:wall_profile=tight:player_hp=4:enemy_hp=2:agent=random,0,28,4,0,1,13,11,3,29,0.27,1,0.9571428571428572,0.29292929292929293,8,19,8,8.333333333333334,9
griddly,random,,,,medium,baseline,medium_plus,many,tight,medium_plus,many,high,4,2,wall_profile,tight,120,11,26,37,ofat_real,ofat:factor=wall_profile:value=tight:size=medium:map_type=baseline:enemy_profile=medium_plus:item_profile=many:wall_profile=tight:player_hp=4:enemy_hp=2:agent=random,0,22,4,0,2,13,11,3,27,0.27,1,0.9166666666666666,0.2727272727272727,11,27,12,13.0,14
griddly,random,,,,medium,baseline,medium_plus,many,tight,medium_plus,many,high,4,2,wall_profile,tight,120,11,27,38,ofat_real,ofat:factor=wall_profile:value=tight:size=medium:map_type=baseline:enemy_profile=medium_plus:item_profile=many:wall_profile=tight:player_hp=4:enemy_hp=2:agent=random,0,18,4,0,2,13,11,3,27,0.27,1,0.9027777777777778,0.2727272727272727,9,20,5,5.333333333333333,6
griddly,random,,,,medium,baseline,medium_plus,many,tight,medium_plus,many,high,4,2,wall_profile,tight,120,11,28,39,ofat_real,ofat:factor=wall_profile:value=tight:size=medium:map_type=baseline:enemy_profile=medium_plus:item_profile=many:wall_profile=tight:player_hp=4:enemy_hp=2:agent=random,0,7,4,0,3,13,11,3,30,0.27,1,0.7681159420289855,0.30303030303030304,2,9,2,5.666666666666667,9
griddly,random,,,,medium,baseline,medium_plus,many,tight,medium_plus,many,high,4,2,wall_profile,tight,120,11,29,40,ofat_real,ofat:factor=wall_profile:value=tight:size=medium:map_type=baseline:enemy_profile=medium_plus:item_profile=many:wall_profile=tight:player_hp=4:enemy_hp=2:agent=random,0,21,4,0,3,13,11,3,26,0.27,1,0.9452054794520548,0.26262626262626265,9,12,5,9.333333333333334,12
griddly,heuristic,,,,medium,baseline,medium_plus,many,tight,medium_plus,many,high,4,2,wall_profile,tight,120,11,0,11,ofat_real,ofat:factor=wall_profile:value=tight:size=medium:map_type=baseline:enemy_profile=medium_plus:item_profile=many:wall_profile=tight:player_hp=4:enemy_hp=2:agent=heuristic,1,12,3,1,0,13,11,3,23,0.27,1,0.9078947368421053,0.23232323232323232,5,13,7,7.0,7
griddly,heuristic,,,,medium,baseline,medium_plus,many,tight,medium_plus,many,high,4,2,wall_profile,tight,120,11,1,12,ofat_real,ofat:factor=wall_profile:value=tight:size=medium:map_type=baseline:enemy_profile=medium_plus:item_profile=many:wall_profile=tight:player_hp=4:enemy_hp=2:agent=heuristic,1,10,2,2,0,13,11,3,22,0.27,1,0.948051948051948,0.2222222222222222,8,10,3,5.0,7
griddly,heuristic,,,,medium,baseline,medium_plus,many,tight,medium_plus,many,high,4,2,wall_profile,tight,120,11,2,13,ofat_real,ofat:factor=wall_profile:value=tight:size=medium:map_type=baseline:enemy_profile=medium_plus:item_profile=many:wall_profile=tight:player_hp=4:enemy_hp=2:agent=heuristic,0,12,4,0,1,13,11,3,24,0.27,1,0.9333333333333333,0.24242424242424243,6,13,2,7.333333333333333,15
griddly,heuristic,,,,medium,baseline,medium_plus,many,tight,medium_plus,many,high,4,2,wall_profile,tight,120,11,3,14,ofat_real,ofat:factor=wall_profile:value=tight:size=medium:map_type=baseline:enemy_profile=medium_plus:item_profile=many:wall_profile=tight:player_hp=4:enemy_hp=2:agent=heuristic,1,12,3,1,0,13,11,3,30,0.27,1,0.9130434782608695,0.30303030303030304,8,27,5,9.666666666666666,12
griddly,heuristic,,,,medium,baseline,medium_plus,many,tight,medium_plus,many,high,4,2,wall_profile,tight,120,11,4,15,ofat_real,ofat:factor=wall_profile:value=tight:size=medium:map_type=baseline:enemy_profile=medium_plus:item_profile=many:wall_profile=tight:player_hp=4:enemy_hp=2:agent=heuristic,1,11,3,1,0,13,11,3,21,0.27,1,0.9102564102564102,0.21212121212121213,6,13,3,5.666666666666667,9
griddly,heuristic,,,,medium,baseline,medium_plus,many,tight,medium_plus,many,high,4,2,wall_profile,tight,120,11,5,16,ofat_real,ofat:factor=wall_profile:value=tight:size=medium:map_type=baseline:enemy_profile=medium_plus:item_profile=many:wall_profile=tight:player_hp=4:enemy_hp=2:agent=heuristic,0,13,4,0,2,13,11,3,29,0.27,1,0.8,0.29292929292929293,4,8,3,11.333333333333334,16
griddly,heuristic,,,,medium,baseline,medium_plus,many,tight,medium_plus,many,high,4,2,wall_profile,tight,120,11,6,17,ofat_real,ofat:factor=wall_profile:value=tight:size=medium:map_type=baseline:enemy_profile=medium_plus:item_profile=many:wall_profile=tight:player_hp=4:enemy_hp=2:agent=heuristic,0,11,4,0,1,13,11,3,27,0.27,1,0.9583333333333334,0.2727272727272727,7,16,5,10.333333333333334,14
griddly,heuristic,,,,medium,baseline,medium_plus,many,tight,medium_plus,many,high,4,2,wall_profile,tight,120,11,7,18,ofat_real,ofat:factor=wall_profile:value=tight:size=medium:map_type=baseline:enemy_profile=medium_plus:item_profile=many:wall_profile=tight:player_hp=4:enemy_hp=2:agent=heuristic,0,12,4,0,1,13,11,3,25,0.27,1,0.8783783783783784,0.25252525252525254,9,17,7,9.0,12
griddly,heuristic,,,,medium,baseline,medium_plus,many,tight,medium_plus,many,high,4,2,wall_profile,tight,120,11,8,19,ofat_real,ofat:factor=wall_profile:value=tight:size=medium:map_type=baseline:enemy_profile=medium_plus:item_profile=many:wall_profile=tight:player_hp=4:enemy_hp=2:agent=heuristic,0,11,4,0,1,13,11,3,28,0.27,1,0.9014084507042254,0.2828282828282828,5,9,4,8.333333333333334,14
griddly,heuristic,,,,medium,baseline,medium_plus,many,tight,medium_plus,many,high,4,2,wall_profile,tight,120,11,9,20,ofat_real,ofat:factor=wall_profile:value=tight:size=medium:map_type=baseline:enemy_profile=medium_plus:item_profile=many:wall_profile=tight:player_hp=4:enemy_hp=2:agent=heuristic,0,6,4,0,3,13,11,3,29,0.27,1,0.8571428571428571,0.29292929292929293,6,23,8,9.0,11
griddly,heuristic,,,,medium,baseline,medium_plus,many,tight,medium_plus,many,high,4,2,wall_profile,tight,120,11,10,21,ofat_real,ofat:factor=wall_profile:value=tight:size=medium:map_type=baseline:enemy_profile=medium_plus:item_profile=many:wall_profile=tight:player_hp=4:enemy_hp=2:agent=heuristic,0,9,4,0,1,13,11,3,24,0.27,1,0.96,0.24242424242424243,8,23,6,9.666666666666666,12
griddly,heuristic,,,,medium,baseline,medium_plus,many,tight,medium_plus,many,high,4,2,wall_profile,tight,120,11,11,22,ofat_real,ofat:factor=wall_profile:value=tight:size=medium:map_type=baseline:enemy_profile=medium_plus:item_profile=many:wall_profile=tight:player_hp=4:enemy_hp=2:agent=heuristic,0,10,4,0,1,13,11,3,27,0.27,1,0.9583333333333334,0.2727272727272727,8,19,3,4.333333333333333,6
griddly,heuristic,,,,medium,baseline,medium_plus,many,tight,medium_plus,many,high,4,2,wall_profile,tight,120,11,12,23,ofat_real,ofat:factor=wall_profile:value=tight:size=medium:map_type=baseline:enemy_profile=medium_plus:item_profile=many:wall_profile=tight:player_hp=4:enemy_hp=2:agent=heuristic,1,14,3,1,0,13,11,3,18,0.27,1,0.9012345679012346,0.18181818181818182,5,7,5,5.333333333333333,6
griddly,heuristic,,,,medium,baseline,medium_plus,many,tight,medium_plus,many,high,4,2,wall_profile,tight,120,11,13,24,ofat_real,ofat:factor=wall_profile:value=tight:size=medium:map_type=baseline:enemy_profile=medium_plus:item_profile=many:wall_profile=tight:player_hp=4:enemy_hp=2:agent=heuristic,0,11,4,0,1,13,11,3,24,0.27,1,0.7733333333333333,0.24242424242424243,7,13,5,7.0,8
griddly,heuristic,,,,medium,baseline,medium_plus,many,tight,medium_plus,many,high,4,2,wall_profile,tight,120,11,14,25,ofat_real,ofat:factor=wall_profile:value=tight:size=medium:map_type=baseline:enemy_profile=medium_plus:item_profile=many:wall_profile=tight:player_hp=4:enemy_hp=2:agent=heuristic,1,9,3,1,0,13,11,3,18,0.27,1,0.9629629629629629,0.18181818181818182,4,11,5,7.0,10
griddly,heuristic,,,,medium,baseline,medium_plus,many,tight,medium_plus,many,high,4,2,wall_profile,tight,120,11,15,26,ofat_real,ofat:factor=wall_profile:value=tight:size=medium:map_type=baseline:enemy_profile=medium_plus:item_profile=many:wall_profile=tight:player_hp=4:enemy_hp=2:agent=heuristic,0,8,4,0,1,13,11,3,29,0.27,1,0.8428571428571429,0.29292929292929293,8,13,2,3.3333333333333335,6
griddly,heuristic,,,,medium,baseline,medium_plus,many,tight,medium_plus,many,high,4,2,wall_profile,tight,120,11,16,27,ofat_real,ofat:factor=wall_profile:value=tight:size=medium:map_type=baseline:enemy_profile=medium_plus:item_profile=many:wall_profile=tight:player_hp=4:enemy_hp=2:agent=heuristic,1,11,3,1,0,13,11,3,32,0.27,1,0.7910447761194029,0.32323232323232326,3,3,3,6.0,9
griddly,heuristic,,,,medium,baseline,medium_plus,many,tight,medium_plus,many,high,4,2,wall_profile,tight,120,11,17,28,ofat_real,ofat:factor=wall_profile:value=tight:size=medium:map_type=baseline:enemy_profile=medium_plus:item_profile=many:wall_profile=tight:player_hp=4:enemy_hp=2:agent=heuristic,0,6,4,0,2,13,11,3,26,0.27,1,0.958904109589041,0.26262626262626265,7,15,7,8.333333333333334,10
griddly,heuristic,,,,medium,baseline,medium_plus,many,tight,medium_plus,many,high,4,2,wall_profile,tight,120,11,18,29,ofat_real,ofat:factor=wall_profile:value=tight:size=medium:map_type=baseline:enemy_profile=medium_plus:item_profile=many:wall_profile=tight:player_hp=4:enemy_hp=2:agent=heuristic,1,10,2,2,0,13,11,3,23,0.27,1,0.9210526315789473,0.23232323232323232,6,8,4,8.333333333333334,14
griddly,heuristic,,,,medium,baseline,medium_plus,many,tight,medium_plus,many,high,4,2,wall_profile,tight,120,11,19,30,ofat_real,ofat:factor=wall_profile:value=tight:size=medium:map_type=baseline:enemy_profile=medium_plus:item_profile=many:wall_profile=tight:player_hp=4:enemy_hp=2:agent=heuristic,0,4,4,0,3,13,11,3,19,0.27,1,0.9375,0.1919191919191919,4,7,2,3.6666666666666665,7
griddly,heuristic,,,,medium,baseline,medium_plus,many,tight,medium_plus,many,high,4,2,wall_profile,tight,120,11,20,31,ofat_real,ofat:factor=wall_profile:value=tight:size=medium:map_type=baseline:enemy_profile=medium_plus:item_profile=many:wall_profile=tight:player_hp=4:enemy_hp=2:agent=heuristic,1,11,1,3,0,13,11,3,29,0.27,1,0.8857142857142857,0.29292929292929293,4,10,9,10.666666666666666,13
griddly,heuristic,,,,medium,baseline,medium_plus,many,tight,medium_plus,many,high,4,2,wall_profile,tight,120,11,21,32,ofat_real,ofat:factor=wall_profile:value=tight:size=medium:map_type=baseline:enemy_profile=medium_plus:item_profile=many:wall_profile=tight:player_hp=4:enemy_hp=2:agent=heuristic,1,8,2,2,0,13,11,3,31,0.27,1,0.75,0.31313131313131315,5,16,2,6.0,9
griddly,heuristic,,,,medium,baseline,medium_plus,many,tight,medium_plus,many,high,4,2,wall_profile,tight,120,11,22,33,ofat_real,ofat:factor=wall_profile:value=tight:size=medium:map_type=baseline:enemy_profile=medium_plus:item_profile=many:wall_profile=tight:player_hp=4:enemy_hp=2:agent=heuristic,0,14,4,0,1,13,11,3,20,0.27,1,0.8607594936708861,0.20202020202020202,4,6,7,11.0,13
griddly,heuristic,,,,medium,baseline,medium_plus,many,tight,medium_plus,many,high,4,2,wall_profile,tight,120,11,23,34,ofat_real,ofat:factor=wall_profile:value=tight:size=medium:map_type=baseline:enemy_profile=medium_plus:item_profile=many:wall_profile=tight:player_hp=4:enemy_hp=2:agent=heuristic,0,11,4,0,1,13,11,3,27,0.27,1,0.9027777777777778,0.2727272727272727,5,16,4,7.666666666666667,14
griddly,heuristic,,,,medium,baseline,medium_plus,many,tight,medium_plus,many,high,4,2,wall_profile,tight,120,11,24,35,ofat_real,ofat:factor=wall_profile:value=tight:size=medium:map_type=baseline:enemy_profile=medium_plus:item_profile=many:wall_profile=tight:player_hp=4:enemy_hp=2:agent=heuristic,0,7,4,0,1,13,11,3,23,0.27,1,0.9078947368421053,0.23232323232323232,6,12,2,3.3333333333333335,6
griddly,heuristic,,,,medium,baseline,medium_plus,many,tight,medium_plus,many,high,4,2,wall_profile,tight,120,11,25,36,ofat_real,ofat:factor=wall_profile:value=tight:size=medium:map_type=baseline:enemy_profile=medium_plus:item_profile=many:wall_profile=tight:player_hp=4:enemy_hp=2:agent=heuristic,0,11,4,0,1,13,11,3,29,0.27,1,0.9571428571428572,0.29292929292929293,8,19,8,8.333333333333334,9
griddly,heuristic,,,,medium,baseline,medium_plus,many,tight,medium_plus,many,high,4,2,wall_profile,tight,120,11,26,37,ofat_real,ofat:factor=wall_profile:value=tight:size=medium:map_type=baseline:enemy_profile=medium_plus:item_profile=many:wall_profile=tight:player_hp=4:enemy_hp=2:agent=heuristic,0,14,4,0,1,13,11,3,27,0.27,1,0.9166666666666666,0.2727272727272727,11,27,12,13.0,14
griddly,heuristic,,,,medium,baseline,medium_plus,many,tight,medium_plus,many,high,4,2,wall_profile,tight,120,11,27,38,ofat_real,ofat:factor=wall_profile:value=tight:size=medium:map_type=baseline:enemy_profile=medium_plus:item_profile=many:wall_profile=tight:player_hp=4:enemy_hp=2:agent=heuristic,1,12,3,1,0,13,11,3,27,0.27,1,0.9027777777777778,0.2727272727272727,9,20,5,5.333333333333333,6
griddly,heuristic,,,,medium,baseline,medium_plus,many,tight,medium_plus,many,high,4,2,wall_profile,tight,120,11,28,39,ofat_real,ofat:factor=wall_profile:value=tight:size=medium:map_type=baseline:enemy_profile=medium_plus:item_profile=many:wall_profile=tight:player_hp=4:enemy_hp=2:agent=heuristic,0,9,4,0,1,13,11,3,30,0.27,1,0.7681159420289855,0.30303030303030304,2,9,2,5.666666666666667,9
griddly,heuristic,,,,medium,baseline,medium_plus,many,tight,medium_plus,many,high,4,2,wall_profile,tight,120,11,29,40,ofat_real,ofat:factor=wall_profile:value=tight:size=medium:map_type=baseline:enemy_profile=medium_plus:item_profile=many:wall_profile=tight:player_hp=4:enemy_hp=2:agent=heuristic,1,11,3,1,0,13,11,3,26,0.27,1,0.9452054794520548,0.26262626262626265,9,12,5,9.333333333333334,12
griddly,mcts_small,50,10,1.4142135623730951,medium,baseline,medium_plus,many,tight,medium_plus,many,high,4,2,wall_profile,tight,120,11,0,11,ofat_real,ofat:factor=wall_profile:value=tight:size=medium:map_type=baseline:enemy_profile=medium_plus:item_profile=many:wall_profile=tight:player_hp=4:enemy_hp=2:agent=mcts_small,0,22,4,0,2,13,11,3,23,0.27,1,0.9078947368421053,0.23232323232323232,5,13,7,7.0,7
griddly,mcts_small,50,10,1.4142135623730951,medium,baseline,medium_plus,many,tight,medium_plus,many,high,4,2,wall_profile,tight,120,11,1,12,ofat_real,ofat:factor=wall_profile:value=tight:size=medium:map_type=baseline:enemy_profile=medium_plus:item_profile=many:wall_profile=tight:player_hp=4:enemy_hp=2:agent=mcts_small,1,16,2,2,0,13,11,3,22,0.27,1,0.948051948051948,0.2222222222222222,8,10,3,5.0,7
griddly,mcts_small,50,10,1.4142135623730951,medium,baseline,medium_plus,many,tight,medium_plus,many,high,4,2,wall_profile,tight,120,11,2,13,ofat_real,ofat:factor=wall_profile:value=tight:size=medium:map_type=baseline:enemy_profile=medium_plus:item_profile=many:wall_profile=tight:player_hp=4:enemy_hp=2:agent=mcts_small,1,19,3,1,0,13,11,3,24,0.27,1,0.9333333333333333,0.24242424242424243,6,13,2,7.333333333333333,15
griddly,mcts_small,50,10,1.4142135623730951,medium,baseline,medium_plus,many,tight,medium_plus,many,high,4,2,wall_profile,tight,120,11,3,14,ofat_real,ofat:factor=wall_profile:value=tight:size=medium:map_type=baseline:enemy_profile=medium_plus:item_profile=many:wall_profile=tight:player_hp=4:enemy_hp=2:agent=mcts_small,1,21,3,1,0,13,11,3,30,0.27,1,0.9130434782608695,0.30303030303030304,8,27,5,9.666666666666666,12
griddly,mcts_small,50,10,1.4142135623730951,medium,baseline,medium_plus,many,tight,medium_plus,many,high,4,2,wall_profile,tight,120,11,4,15,ofat_real,ofat:factor=wall_profile:value=tight:size=medium:map_type=baseline:enemy_profile=medium_plus:item_profile=many:wall_profile=tight:player_hp=4:enemy_hp=2:agent=mcts_small,1,17,2,2,0,13,11,3,21,0.27,1,0.9102564102564102,0.21212121212121213,6,13,3,5.666666666666667,9
griddly,mcts_small,50,10,1.4142135623730951,medium,baseline,medium_plus,many,tight,medium_plus,many,high,4,2,wall_profile,tight,120,11,5,16,ofat_real,ofat:factor=wall_profile:value=tight:size=medium:map_type=baseline:enemy_profile=medium_plus:item_profile=many:wall_profile=tight:player_hp=4:enemy_hp=2:agent=mcts_small,0,12,4,0,3,13,11,3,29,0.27,1,0.8,0.29292929292929293,4,8,3,11.333333333333334,16
griddly,mcts_small,50,10,1.4142135623730951,medium,baseline,medium_plus,many,tight,medium_plus,many,high,4,2,wall_profile,tight,120,11,6,17,ofat_real,ofat:factor=wall_profile:value=tight:size=medium:map_type=baseline:enemy_profile=medium_plus:item_profile=many:wall_profile=tight:player_hp=4:enemy_hp=2:agent=mcts_small,0,9,4,0,3,13,11,3,27,0.27,1,0.9583333333333334,0.2727272727272727,7,16,5,10.333333333333334,14
griddly,mcts_small,50,10,1.4142135623730951,medium,baseline,medium_plus,many,tight,medium_plus,many,high,4,2,wall_profile,tight,120,11,7,18,ofat_real,ofat:factor=wall_profile:value=tight:size=medium:map_type=baseline:enemy_profile=medium_plus:item_profile=many:wall_profile=tight:player_hp=4:enemy_hp=2:agent=mcts_small,0,11,4,0,1,13,11,3,25,0.27,1,0.8783783783783784,0.25252525252525254,9,17,7,9.0,12
griddly,mcts_small,50,10,1.4142135623730951,medium,baseline,medium_plus,many,tight,medium_plus,many,high,4,2,wall_profile,tight,120,11,8,19,ofat_real,ofat:factor=wall_profile:value=tight:size=medium:map_type=baseline:enemy_profile=medium_plus:item_profile=many:wall_profile=tight:player_hp=4:enemy_hp=2:agent=mcts_small,1,17,3,1,0,13,11,3,28,0.27,1,0.9014084507042254,0.2828282828282828,5,9,4,8.333333333333334,14
griddly,mcts_small,50,10,1.4142135623730951,medium,baseline,medium_plus,many,tight,medium_plus,many,high,4,2,wall_profile,tight,120,11,9,20,ofat_real,ofat:factor=wall_profile:value=tight:size=medium:map_type=baseline:enemy_profile=medium_plus:item_profile=many:wall_profile=tight:player_hp=4:enemy_hp=2:agent=mcts_small,1,25,1,3,0,13,11,3,29,0.27,1,0.8571428571428571,0.29292929292929293,6,23,8,9.0,11
griddly,mcts_small,50,10,1.4142135623730951,medium,baseline,medium_plus,many,tight,medium_plus,many,high,4,2,wall_profile,tight,120,11,10,21,ofat_real,ofat:factor=wall_profile:value=tight:size=medium:map_type=baseline:enemy_profile=medium_plus:item_profile=many:wall_profile=tight:player_hp=4:enemy_hp=2:agent=mcts_small,1,24,3,1,0,13,11,3,24,0.27,1,0.96,0.24242424242424243,8,23,6,9.666666666666666,12
griddly,mcts_small,50,10,1.4142135623730951,medium,baseline,medium_plus,many,tight,medium_plus,many,high,4,2,wall_profile,tight,120,11,11,22,ofat_real,ofat:factor=wall_profile:value=tight:size=medium:map_type=baseline:enemy_profile=medium_plus:item_profile=many:wall_profile=tight:player_hp=4:enemy_hp=2:agent=mcts_small,1,19,2,2,0,13,11,3,27,0.27,1,0.9583333333333334,0.2727272727272727,8,19,3,4.333333333333333,6
griddly,mcts_small,50,10,1.4142135623730951,medium,baseline,medium_plus,many,tight,medium_plus,many,high,4,2,wall_profile,tight,120,11,12,23,ofat_real,ofat:factor=wall_profile:value=tight:size=medium:map_type=baseline:enemy_profile=medium_plus:item_profile=many:wall_profile=tight:player_hp=4:enemy_hp=2:agent=mcts_small,0,12,4,0,2,13,11,3,18,0.27,1,0.9012345679012346,0.18181818181818182,5,7,5,5.333333333333333,6
griddly,mcts_small,50,10,1.4142135623730951,medium,baseline,medium_plus,many,tight,medium_plus,many,high,4,2,wall_profile,tight,120,11,13,24,ofat_real,ofat:factor=wall_profile:value=tight:size=medium:map_type=baseline:enemy_profile=medium_plus:item_profile=many:wall_profile=tight:player_hp=4:enemy_hp=2:agent=mcts_small,1,20,3,1,0,13,11,3,24,0.27,1,0.7733333333333333,0.24242424242424243,7,13,5,7.0,8
griddly,mcts_small,50,10,1.4142135623730951,medium,baseline,medium_plus,many,tight,medium_plus,many,high,4,2,wall_profile,tight,120,11,14,25,ofat_real,ofat:factor=wall_profile:value=tight:size=medium:map_type=baseline:enemy_profile=medium_plus:item_profile=many:wall_profile=tight:player_hp=4:enemy_hp=2:agent=mcts_small,0,20,4,0,2,13,11,3,18,0.27,1,0.9629629629629629,0.18181818181818182,4,11,5,7.0,10
griddly,mcts_small,50,10,1.4142135623730951,medium,baseline,medium_plus,many,tight,medium_plus,many,high,4,2,wall_profile,tight,120,11,15,26,ofat_real,ofat:factor=wall_profile:value=tight:size=medium:map_type=baseline:enemy_profile=medium_plus:item_profile=many:wall_profile=tight:player_hp=4:enemy_hp=2:agent=mcts_small,0,10,4,0,2,13,11,3,29,0.27,1,0.8428571428571429,0.29292929292929293,8,13,2,3.3333333333333335,6
griddly,mcts_small,50,10,1.4142135623730951,medium,baseline,medium_plus,many,tight,medium_plus,many,high,4,2,wall_profile,tight,120,11,16,27,ofat_real,ofat:factor=wall_profile:value=tight:size=medium:map_type=baseline:enemy_profile=medium_plus:item_profile=many:wall_profile=tight:player_hp=4:enemy_hp=2:agent=mcts_small,0,19,4,0,1,13,11,3,32,0.27,1,0.7910447761194029,0.32323232323232326,3,3,3,6.0,9
griddly,mcts_small,50,10,1.4142135623730951,medium,baseline,medium_plus,many,tight,medium_plus,many,high,4,2,wall_profile,tight,120,11,17,28,ofat_real,ofat:factor=wall_profile:value=tight:size=medium:map_type=baseline:enemy_profile=medium_plus:item_profile=many:wall_profile=tight:player_hp=4:enemy_hp=2:agent=mcts_small,0,11,4,0,3,13,11,3,26,0.27,1,0.958904109589041,0.26262626262626265,7,15,7,8.333333333333334,10
griddly,mcts_small,50,10,1.4142135623730951,medium,baseline,medium_plus,many,tight,medium_plus,many,high,4,2,wall_profile,tight,120,11,18,29,ofat_real,ofat:factor=wall_profile:value=tight:size=medium:map_type=baseline:enemy_profile=medium_plus:item_profile=many:wall_profile=tight:player_hp=4:enemy_hp=2:agent=mcts_small,1,26,3,1,0,13,11,3,23,0.27,1,0.9210526315789473,0.23232323232323232,6,8,4,8.333333333333334,14
griddly,mcts_small,50,10,1.4142135623730951,medium,baseline,medium_plus,many,tight,medium_plus,many,high,4,2,wall_profile,tight,120,11,19,30,ofat_real,ofat:factor=wall_profile:value=tight:size=medium:map_type=baseline:enemy_profile=medium_plus:item_profile=many:wall_profile=tight:player_hp=4:enemy_hp=2:agent=mcts_small,1,15,3,1,0,13,11,3,19,0.27,1,0.9375,0.1919191919191919,4,7,2,3.6666666666666665,7
griddly,mcts_small,50,10,1.4142135623730951,medium,baseline,medium_plus,many,tight,medium_plus,many,high,4,2,wall_profile,tight,120,11,20,31,ofat_real,ofat:factor=wall_profile:value=tight:size=medium:map_type=baseline:enemy_profile=medium_plus:item_profile=many:wall_profile=tight:player_hp=4:enemy_hp=2:agent=mcts_small,1,17,2,2,0,13,11,3,29,0.27,1,0.8857142857142857,0.29292929292929293,4,10,9,10.666666666666666,13
griddly,mcts_small,50,10,1.4142135623730951,medium,baseline,medium_plus,many,tight,medium_plus,many,high,4,2,wall_profile,tight,120,11,21,32,ofat_real,ofat:factor=wall_profile:value=tight:size=medium:map_type=baseline:enemy_profile=medium_plus:item_profile=many:wall_profile=tight:player_hp=4:enemy_hp=2:agent=mcts_small,1,11,1,3,0,13,11,3,31,0.27,1,0.75,0.31313131313131315,5,16,2,6.0,9
griddly,mcts_small,50,10,1.4142135623730951,medium,baseline,medium_plus,many,tight,medium_plus,many,high,4,2,wall_profile,tight,120,11,22,33,ofat_real,ofat:factor=wall_profile:value=tight:size=medium:map_type=baseline:enemy_profile=medium_plus:item_profile=many:wall_profile=tight:player_hp=4:enemy_hp=2:agent=mcts_small,1,23,3,1,0,13,11,3,20,0.27,1,0.8607594936708861,0.20202020202020202,4,6,7,11.0,13
griddly,mcts_small,50,10,1.4142135623730951,medium,baseline,medium_plus,many,tight,medium_plus,many,high,4,2,wall_profile,tight,120,11,23,34,ofat_real,ofat:factor=wall_profile:value=tight:size=medium:map_type=baseline:enemy_profile=medium_plus:item_profile=many:wall_profile=tight:player_hp=4:enemy_hp=2:agent=mcts_small,1,29,2,2,0,13,11,3,27,0.27,1,0.9027777777777778,0.2727272727272727,5,16,4,7.666666666666667,14
griddly,mcts_small,50,10,1.4142135623730951,medium,baseline,medium_plus,many,tight,medium_plus,many,high,4,2,wall_profile,tight,120,11,24,35,ofat_real,ofat:factor=wall_profile:value=tight:size=medium:map_type=baseline:enemy_profile=medium_plus:item_profile=many:wall_profile=tight:player_hp=4:enemy_hp=2:agent=mcts_small,0,11,4,0,1,13,11,3,23,0.27,1,0.9078947368421053,0.23232323232323232,6,12,2,3.3333333333333335,6
griddly,mcts_small,50,10,1.4142135623730951,medium,baseline,medium_plus,many,tight,medium_plus,many,high,4,2,wall_profile,tight,120,11,25,36,ofat_real,ofat:factor=wall_profile:value=tight:size=medium:map_type=baseline:enemy_profile=medium_plus:item_profile=many:wall_profile=tight:player_hp=4:enemy_hp=2:agent=mcts_small,1,20,3,1,0,13,11,3,29,0.27,1,0.9571428571428572,0.29292929292929293,8,19,8,8.333333333333334,9
griddly,mcts_small,50,10,1.4142135623730951,medium,baseline,medium_plus,many,tight,medium_plus,many,high,4,2,wall_profile,tight,120,11,26,37,ofat_real,ofat:factor=wall_profile:value=tight:size=medium:map_type=baseline:enemy_profile=medium_plus:item_profile=many:wall_profile=tight:player_hp=4:enemy_hp=2:agent=mcts_small,1,22,2,2,0,13,11,3,27,0.27,1,0.9166666666666666,0.2727272727272727,11,27,12,13.0,14
griddly,mcts_small,50,10,1.4142135623730951,medium,baseline,medium_plus,many,tight,medium_plus,many,high,4,2,wall_profile,tight,120,11,27,38,ofat_real,ofat:factor=wall_profile:value=tight:size=medium:map_type=baseline:enemy_profile=medium_plus:item_profile=many:wall_profile=tight:player_hp=4:enemy_hp=2:agent=mcts_small,1,15,3,1,0,13,11,3,27,0.27,1,0.9027777777777778,0.2727272727272727,9,20,5,5.333333333333333,6
griddly,mcts_small,50,10,1.4142135623730951,medium,baseline,medium_plus,many,tight,medium_plus,many,high,4,2,wall_profile,tight,120,11,28,39,ofat_real,ofat:factor=wall_profile:value=tight:size=medium:map_type=baseline:enemy_profile=medium_plus:item_profile=many:wall_profile=tight:player_hp=4:enemy_hp=2:agent=mcts_small,0,6,4,0,3,13,11,3,30,0.27,1,0.7681159420289855,0.30303030303030304,2,9,2,5.666666666666667,9
griddly,mcts_small,50,10,1.4142135623730951,medium,baseline,medium_plus,many,tight,medium_plus,many,high,4,2,wall_profile,tight,120,11,29,40,ofat_real,ofat:factor=wall_profile:value=tight:size=medium:map_type=baseline:enemy_profile=medium_plus:item_profile=many:wall_profile=tight:player_hp=4:enemy_hp=2:agent=mcts_small,1,20,2,2,0,13,11,3,26,0.27,1,0.9452054794520548,0.26262626262626265,9,12,5,9.333333333333334,12
griddly,mcts_medium,200,30,1.4142135623730951,medium,baseline,medium_plus,many,tight,medium_plus,many,high,4,2,wall_profile,tight,120,11,0,11,ofat_real,ofat:factor=wall_profile:value=tight:size=medium:map_type=baseline:enemy_profile=medium_plus:item_profile=many:wall_profile=tight:player_hp=4:enemy_hp=2:agent=mcts_medium,1,15,3,1,0,13,11,3,23,0.27,1,0.9078947368421053,0.23232323232323232,5,13,7,7.0,7
griddly,mcts_medium,200,30,1.4142135623730951,medium,baseline,medium_plus,many,tight,medium_plus,many,high,4,2,wall_profile,tight,120,11,1,12,ofat_real,ofat:factor=wall_profile:value=tight:size=medium:map_type=baseline:enemy_profile=medium_plus:item_profile=many:wall_profile=tight:player_hp=4:enemy_hp=2:agent=mcts_medium,1,18,1,3,0,13,11,3,22,0.27,1,0.948051948051948,0.2222222222222222,8,10,3,5.0,7
griddly,mcts_medium,200,30,1.4142135623730951,medium,baseline,medium_plus,many,tight,medium_plus,many,high,4,2,wall_profile,tight,120,11,2,13,ofat_real,ofat:factor=wall_profile:value=tight:size=medium:map_type=baseline:enemy_profile=medium_plus:item_profile=many:wall_profile=tight:player_hp=4:enemy_hp=2:agent=mcts_medium,0,19,4,0,1,13,11,3,24,0.27,1,0.9333333333333333,0.24242424242424243,6,13,2,7.333333333333333,15
griddly,mcts_medium,200,30,1.4142135623730951,medium,baseline,medium_plus,many,tight,medium_plus,many,high,4,2,wall_profile,tight,120,11,3,14,ofat_real,ofat:factor=wall_profile:value=tight:size=medium:map_type=baseline:enemy_profile=medium_plus:item_profile=many:wall_profile=tight:player_hp=4:enemy_hp=2:agent=mcts_medium,1,20,3,1,0,13,11,3,30,0.27,1,0.9130434782608695,0.30303030303030304,8,27,5,9.666666666666666,12
griddly,mcts_medium,200,30,1.4142135623730951,medium,baseline,medium_plus,many,tight,medium_plus,many,high,4,2,wall_profile,tight,120,11,4,15,ofat_real,ofat:factor=wall_profile:value=tight:size=medium:map_type=baseline:enemy_profile=medium_plus:item_profile=many:wall_profile=tight:player_hp=4:enemy_hp=2:agent=mcts_medium,1,22,3,1,0,13,11,3,21,0.27,1,0.9102564102564102,0.21212121212121213,6,13,3,5.666666666666667,9
griddly,mcts_medium,200,30,1.4142135623730951,medium,baseline,medium_plus,many,tight,medium_plus,many,high,4,2,wall_profile,tight,120,11,5,16,ofat_real,ofat:factor=wall_profile:value=tight:size=medium:map_type=baseline:enemy_profile=medium_plus:item_profile=many:wall_profile=tight:player_hp=4:enemy_hp=2:agent=mcts_medium,1,18,0,4,0,13,11,3,29,0.27,1,0.8,0.29292929292929293,4,8,3,11.333333333333334,16
griddly,mcts_medium,200,30,1.4142135623730951,medium,baseline,medium_plus,many,tight,medium_plus,many,high,4,2,wall_profile,tight,120,11,6,17,ofat_real,ofat:factor=wall_profile:value=tight:size=medium:map_type=baseline:enemy_profile=medium_plus:item_profile=many:wall_profile=tight:player_hp=4:enemy_hp=2:agent=mcts_medium,1,24,3,1,0,13,11,3,27,0.27,1,0.9583333333333334,0.2727272727272727,7,16,5,10.333333333333334,14
griddly,mcts_medium,200,30,1.4142135623730951,medium,baseline,medium_plus,many,tight,medium_plus,many,high,4,2,wall_profile,tight,120,11,7,18,ofat_real,ofat:factor=wall_profile:value=tight:size=medium:map_type=baseline:enemy_profile=medium_plus:item_profile=many:wall_profile=tight:player_hp=4:enemy_hp=2:agent=mcts_medium,0,12,4,0,1,13,11,3,25,0.27,1,0.8783783783783784,0.25252525252525254,9,17,7,9.0,12
griddly,mcts_medium,200,30,1.4142135623730951,medium,baseline,medium_plus,many,tight,medium_plus,many,high,4,2,wall_profile,tight,120,11,8,19,ofat_real,ofat:factor=wall_profile:value=tight:size=medium:map_type=baseline:enemy_profile=medium_plus:item_profile=many:wall_profile=tight:player_hp=4:enemy_hp=2:agent=mcts_medium,0,11,4,0,3,13,11,3,28,0.27,1,0.9014084507042254,0.2828282828282828,5,9,4,8.333333333333334,14
griddly,mcts_medium,200,30,1.4142135623730951,medium,baseline,medium_plus,many,tight,medium_plus,many,high,4,2,wall_profile,tight,120,11,9,20,ofat_real,ofat:factor=wall_profile:value=tight:size=medium:map_type=baseline:enemy_profile=medium_plus:item_profile=many:wall_profile=tight:player_hp=4:enemy_hp=2:agent=mcts_medium,0,18,4,0,3,13,11,3,29,0.27,1,0.8571428571428571,0.29292929292929293,6,23,8,9.0,11
griddly,mcts_medium,200,30,1.4142135623730951,medium,baseline,medium_plus,many,tight,medium_plus,many,high,4,2,wall_profile,tight,120,11,10,21,ofat_real,ofat:factor=wall_profile:value=tight:size=medium:map_type=baseline:enemy_profile=medium_plus:item_profile=many:wall_profile=tight:player_hp=4:enemy_hp=2:agent=mcts_medium,1,24,3,1,0,13,11,3,24,0.27,1,0.96,0.24242424242424243,8,23,6,9.666666666666666,12
griddly,mcts_medium,200,30,1.4142135623730951,medium,baseline,medium_plus,many,tight,medium_plus,many,high,4,2,wall_profile,tight,120,11,11,22,ofat_real,ofat:factor=wall_profile:value=tight:size=medium:map_type=baseline:enemy_profile=medium_plus:item_profile=many:wall_profile=tight:player_hp=4:enemy_hp=2:agent=mcts_medium,1,16,2,2,0,13,11,3,27,0.27,1,0.9583333333333334,0.2727272727272727,8,19,3,4.333333333333333,6
griddly,mcts_medium,200,30,1.4142135623730951,medium,baseline,medium_plus,many,tight,medium_plus,many,high,4,2,wall_profile,tight,120,11,12,23,ofat_real,ofat:factor=wall_profile:value=tight:size=medium:map_type=baseline:enemy_profile=medium_plus:item_profile=many:wall_profile=tight:player_hp=4:enemy_hp=2:agent=mcts_medium,1,21,3,1,0,13,11,3,18,0.27,1,0.9012345679012346,0.18181818181818182,5,7,5,5.333333333333333,6
griddly,mcts_medium,200,30,1.4142135623730951,medium,baseline,medium_plus,many,tight,medium_plus,many,high,4,2,wall_profile,tight,120,11,13,24,ofat_real,ofat:factor=wall_profile:value=tight:size=medium:map_type=baseline:enemy_profile=medium_plus:item_profile=many:wall_profile=tight:player_hp=4:enemy_hp=2:agent=mcts_medium,0,28,4,0,1,13,11,3,24,0.27,1,0.7733333333333333,0.24242424242424243,7,13,5,7.0,8
griddly,mcts_medium,200,30,1.4142135623730951,medium,baseline,medium_plus,many,tight,medium_plus,many,high,4,2,wall_profile,tight,120,11,14,25,ofat_real,ofat:factor=wall_profile:value=tight:size=medium:map_type=baseline:enemy_profile=medium_plus:item_profile=many:wall_profile=tight:player_hp=4:enemy_hp=2:agent=mcts_medium,1,28,3,1,0,13,11,3,18,0.27,1,0.9629629629629629,0.18181818181818182,4,11,5,7.0,10
griddly,mcts_medium,200,30,1.4142135623730951,medium,baseline,medium_plus,many,tight,medium_plus,many,high,4,2,wall_profile,tight,120,11,15,26,ofat_real,ofat:factor=wall_profile:value=tight:size=medium:map_type=baseline:enemy_profile=medium_plus:item_profile=many:wall_profile=tight:player_hp=4:enemy_hp=2:agent=mcts_medium,0,15,4,0,1,13,11,3,29,0.27,1,0.8428571428571429,0.29292929292929293,8,13,2,3.3333333333333335,6
griddly,mcts_medium,200,30,1.4142135623730951,medium,baseline,medium_plus,many,tight,medium_plus,many,high,4,2,wall_profile,tight,120,11,16,27,ofat_real,ofat:factor=wall_profile:value=tight:size=medium:map_type=baseline:enemy_profile=medium_plus:item_profile=many:wall_profile=tight:player_hp=4:enemy_hp=2:agent=mcts_medium,0,20,4,0,1,13,11,3,32,0.27,1,0.7910447761194029,0.32323232323232326,3,3,3,6.0,9
griddly,mcts_medium,200,30,1.4142135623730951,medium,baseline,medium_plus,many,tight,medium_plus,many,high,4,2,wall_profile,tight,120,11,17,28,ofat_real,ofat:factor=wall_profile:value=tight:size=medium:map_type=baseline:enemy_profile=medium_plus:item_profile=many:wall_profile=tight:player_hp=4:enemy_hp=2:agent=mcts_medium,1,20,3,1,0,13,11,3,26,0.27,1,0.958904109589041,0.26262626262626265,7,15,7,8.333333333333334,10
griddly,mcts_medium,200,30,1.4142135623730951,medium,baseline,medium_plus,many,tight,medium_plus,many,high,4,2,wall_profile,tight,120,11,18,29,ofat_real,ofat:factor=wall_profile:value=tight:size=medium:map_type=baseline:enemy_profile=medium_plus:item_profile=many:wall_profile=tight:player_hp=4:enemy_hp=2:agent=mcts_medium,1,25,2,2,0,13,11,3,23,0.27,1,0.9210526315789473,0.23232323232323232,6,8,4,8.333333333333334,14
griddly,mcts_medium,200,30,1.4142135623730951,medium,baseline,medium_plus,many,tight,medium_plus,many,high,4,2,wall_profile,tight,120,11,19,30,ofat_real,ofat:factor=wall_profile:value=tight:size=medium:map_type=baseline:enemy_profile=medium_plus:item_profile=many:wall_profile=tight:player_hp=4:enemy_hp=2:agent=mcts_medium,1,15,3,1,0,13,11,3,19,0.27,1,0.9375,0.1919191919191919,4,7,2,3.6666666666666665,7
griddly,mcts_medium,200,30,1.4142135623730951,medium,baseline,medium_plus,many,tight,medium_plus,many,high,4,2,wall_profile,tight,120,11,20,31,ofat_real,ofat:factor=wall_profile:value=tight:size=medium:map_type=baseline:enemy_profile=medium_plus:item_profile=many:wall_profile=tight:player_hp=4:enemy_hp=2:agent=mcts_medium,0,19,4,0,1,13,11,3,29,0.27,1,0.8857142857142857,0.29292929292929293,4,10,9,10.666666666666666,13
griddly,mcts_medium,200,30,1.4142135623730951,medium,baseline,medium_plus,many,tight,medium_plus,many,high,4,2,wall_profile,tight,120,11,21,32,ofat_real,ofat:factor=wall_profile:value=tight:size=medium:map_type=baseline:enemy_profile=medium_plus:item_profile=many:wall_profile=tight:player_hp=4:enemy_hp=2:agent=mcts_medium,1,10,2,2,0,13,11,3,31,0.27,1,0.75,0.31313131313131315,5,16,2,6.0,9
griddly,mcts_medium,200,30,1.4142135623730951,medium,baseline,medium_plus,many,tight,medium_plus,many,high,4,2,wall_profile,tight,120,11,22,33,ofat_real,ofat:factor=wall_profile:value=tight:size=medium:map_type=baseline:enemy_profile=medium_plus:item_profile=many:wall_profile=tight:player_hp=4:enemy_hp=2:agent=mcts_medium,0,24,4,0,1,13,11,3,20,0.27,1,0.8607594936708861,0.20202020202020202,4,6,7,11.0,13
griddly,mcts_medium,200,30,1.4142135623730951,medium,baseline,medium_plus,many,tight,medium_plus,many,high,4,2,wall_profile,tight,120,11,23,34,ofat_real,ofat:factor=wall_profile:value=tight:size=medium:map_type=baseline:enemy_profile=medium_plus:item_profile=many:wall_profile=tight:player_hp=4:enemy_hp=2:agent=mcts_medium,1,18,2,2,0,13,11,3,27,0.27,1,0.9027777777777778,0.2727272727272727,5,16,4,7.666666666666667,14
griddly,mcts_medium,200,30,1.4142135623730951,medium,baseline,medium_plus,many,tight,medium_plus,many,high,4,2,wall_profile,tight,120,11,24,35,ofat_real,ofat:factor=wall_profile:value=tight:size=medium:map_type=baseline:enemy_profile=medium_plus:item_profile=many:wall_profile=tight:player_hp=4:enemy_hp=2:agent=mcts_medium,0,18,4,0,2,13,11,3,23,0.27,1,0.9078947368421053,0.23232323232323232,6,12,2,3.3333333333333335,6
griddly,mcts_medium,200,30,1.4142135623730951,medium,baseline,medium_plus,many,tight,medium_plus,many,high,4,2,wall_profile,tight,120,11,25,36,ofat_real,ofat:factor=wall_profile:value=tight:size=medium:map_type=baseline:enemy_profile=medium_plus:item_profile=many:wall_profile=tight:player_hp=4:enemy_hp=2:agent=mcts_medium,1,21,1,3,0,13,11,3,29,0.27,1,0.9571428571428572,0.29292929292929293,8,19,8,8.333333333333334,9
griddly,mcts_medium,200,30,1.4142135623730951,medium,baseline,medium_plus,many,tight,medium_plus,many,high,4,2,wall_profile,tight,120,11,26,37,ofat_real,ofat:factor=wall_profile:value=tight:size=medium:map_type=baseline:enemy_profile=medium_plus:item_profile=many:wall_profile=tight:player_hp=4:enemy_hp=2:agent=mcts_medium,0,32,4,0,1,13,11,3,27,0.27,1,0.9166666666666666,0.2727272727272727,11,27,12,13.0,14
griddly,mcts_medium,200,30,1.4142135623730951,medium,baseline,medium_plus,many,tight,medium_plus,many,high,4,2,wall_profile,tight,120,11,27,38,ofat_real,ofat:factor=wall_profile:value=tight:size=medium:map_type=baseline:enemy_profile=medium_plus:item_profile=many:wall_profile=tight:player_hp=4:enemy_hp=2:agent=mcts_medium,1,29,2,2,0,13,11,3,27,0.27,1,0.9027777777777778,0.2727272727272727,9,20,5,5.333333333333333,6
griddly,mcts_medium,200,30,1.4142135623730951,medium,baseline,medium_plus,many,tight,medium_plus,many,high,4,2,wall_profile,tight,120,11,28,39,ofat_real,ofat:factor=wall_profile:value=tight:size=medium:map_type=baseline:enemy_profile=medium_plus:item_profile=many:wall_profile=tight:player_hp=4:enemy_hp=2:agent=mcts_medium,1,29,3,1,0,13,11,3,30,0.27,1,0.7681159420289855,0.30303030303030304,2,9,2,5.666666666666667,9
griddly,mcts_medium,200,30,1.4142135623730951,medium,baseline,medium_plus,many,tight,medium_plus,many,high,4,2,wall_profile,tight,120,11,29,40,ofat_real,ofat:factor=wall_profile:value=tight:size=medium:map_type=baseline:enemy_profile=medium_plus:item_profile=many:wall_profile=tight:player_hp=4:enemy_hp=2:agent=mcts_medium,1,32,1,3,0,13,11,3,26,0.27,1,0.9452054794520548,0.26262626262626265,9,12,5,9.333333333333334,12
griddly,random,,,,medium,baseline,medium_plus,many,open,medium_plus,many,low,3,2,player_hp,3,120,11,0,11,ofat_real,ofat:factor=player_hp:value=3:size=medium:map_type=baseline:enemy_profile=medium_plus:item_profile=many:wall_profile=open:player_hp=3:enemy_hp=2:agent=random,0,11,3,0,3,13,11,3,16,0.09,1,0.963855421686747,0.16161616161616163,6,8,4,4.333333333333333,5
griddly,random,,,,medium,baseline,medium_plus,many,open,medium_plus,many,low,3,2,player_hp,3,120,11,1,12,ofat_real,ofat:factor=player_hp:value=3:size=medium:map_type=baseline:enemy_profile=medium_plus:item_profile=many:wall_profile=open:player_hp=3:enemy_hp=2:agent=random,0,7,3,0,2,13,11,3,7,0.09,1,0.967391304347826,0.0707070707070707,2,2,3,5.0,7
griddly,random,,,,medium,baseline,medium_plus,many,open,medium_plus,many,low,3,2,player_hp,3,120,11,2,13,ofat_real,ofat:factor=player_hp:value=3:size=medium:map_type=baseline:enemy_profile=medium_plus:item_profile=many:wall_profile=open:player_hp=3:enemy_hp=2:agent=random,0,9,3,0,3,13,11,3,8,0.09,1,0.967032967032967,0.08080808080808081,3,5,2,5.333333333333333,9
griddly,random,,,,medium,baseline,medium_plus,many,open,medium_plus,many,low,3,2,player_hp,3,120,11,3,14,ofat_real,ofat:factor=player_hp:value=3:size=medium:map_type=baseline:enemy_profile=medium_plus:item_profile=many:wall_profile=open:player_hp=3:enemy_hp=2:agent=random,0,12,3,0,3,13,11,3,6,0.09,1,0.967741935483871,0.06060606060606061,2,4,3,8.333333333333334,12
griddly,random,,,,medium,baseline,medium_plus,many,open,medium_plus,many,low,3,2,player_hp,3,120,11,4,15,ofat_real,ofat:factor=player_hp:value=3:size=medium:map_type=baseline:enemy_profile=medium_plus:item_profile=many:wall_profile=open:player_hp=3:enemy_hp=2:agent=random,0,10,3,0,3,13,11,3,8,0.09,1,0.967032967032967,0.08080808080808081,2,3,3,5.0,7
griddly,random,,,,medium,baseline,medium_plus,many,open,medium_plus,many,low,3,2,player_hp,3,120,11,5,16,ofat_real,ofat:factor=player_hp:value=3:size=medium:map_type=baseline:enemy_profile=medium_plus:item_profile=many:wall_profile=open:player_hp=3:enemy_hp=2:agent=random,0,22,3,0,2,13,11,3,10,0.09,1,0.9662921348314607,0.10101010101010101,5,10,7,8.666666666666666,10
griddly,random,,,,medium,baseline,medium_plus,many,open,medium_plus,many,low,3,2,player_hp,3,120,11,6,17,ofat_real,ofat:factor=player_hp:value=3:size=medium:map_type=baseline:enemy_profile=medium_plus:item_profile=many:wall_profile=open:player_hp=3:enemy_hp=2:agent=random,0,11,3,0,3,13,11,3,8,0.09,1,0.967032967032967,0.08080808080808081,2,4,6,10.0,13
griddly,random,,,,medium,baseline,medium_plus,many,open,medium_plus,many,low,3,2,player_hp,3,120,11,7,18,ofat_real,ofat:factor=player_hp:value=3:size=medium:map_type=baseline:enemy_profile=medium_plus:item_profile=many:wall_profile=open:player_hp=3:enemy_hp=2:agent=random,0,10,3,0,3,13,11,3,7,0.09,1,0.967391304347826,0.0707070707070707,1,1,7,7.666666666666667,8
griddly,random,,,,medium,baseline,medium_plus,many,open,medium_plus,many,low,3,2,player_hp,3,120,11,8,19,ofat_real,ofat:factor=player_hp:value=3:size=medium:map_type=baseline:enemy_profile=medium_plus:item_profile=many:wall_profile=open:player_hp=3:enemy_hp=2:agent=random,0,13,3,0,3,13,11,3,11,0.09,1,0.9659090909090909,0.1111111111111111,3,3,4,7.666666666666667,14
griddly,random,,,,medium,baseline,medium_plus,many,open,medium_plus,many,low,3,2,player_hp,3,120,11,9,20,ofat_real,ofat:factor=player_hp:value=3:size=medium:map_type=baseline:enemy_profile=medium_plus:item_profile=many:wall_profile=open:player_hp=3:enemy_hp=2:agent=random,0,11,3,0,3,13,11,3,11,0.09,1,0.9659090909090909,0.1111111111111111,2,3,6,8.333333333333334,11
griddly,random,,,,medium,baseline,medium_plus,many,open,medium_plus,many,low,3,2,player_hp,3,120,11,10,21,ofat_real,ofat:factor=player_hp:value=3:size=medium:map_type=baseline:enemy_profile=medium_plus:item_profile=many:wall_profile=open:player_hp=3:enemy_hp=2:agent=random,0,8,3,0,3,13,11,3,7,0.09,1,0.967391304347826,0.0707070707070707,2,2,3,5.333333333333333,9
griddly,random,,,,medium,baseline,medium_plus,many,open,medium_plus,many,low,3,2,player_hp,3,120,11,11,22,ofat_real,ofat:factor=player_hp:value=3:size=medium:map_type=baseline:enemy_profile=medium_plus:item_profile=many:wall_profile=open:player_hp=3:enemy_hp=2:agent=random,0,4,3,0,2,13,11,3,9,0.09,1,0.9666666666666667,0.09090909090909091,4,9,2,3.6666666666666665,7
griddly,random,,,,medium,baseline,medium_plus,many,open,medium_plus,many,low,3,2,player_hp,3,120,11,12,23,ofat_real,ofat:factor=player_hp:value=3:size=medium:map_type=baseline:enemy_profile=medium_plus:item_profile=many:wall_profile=open:player_hp=3:enemy_hp=2:agent=random,0,11,3,0,3,13,11,3,5,0.09,1,0.9680851063829787,0.050505050505050504,0,0,5,5.333333333333333,6
griddly,random,,,,medium,baseline,medium_plus,many,open,medium_plus,many,low,3,2,player_hp,3,120,11,13,24,ofat_real,ofat:factor=player_hp:value=3:size=medium:map_type=baseline:enemy_profile=medium_plus:item_profile=many:wall_profile=open:player_hp=3:enemy_hp=2:agent=random,0,13,3,0,3,13,11,3,8,0.09,1,0.967032967032967,0.08080808080808081,2,2,5,5.666666666666667,6
griddly,random,,,,medium,baseline,medium_plus,many,open,medium_plus,many,low,3,2,player_hp,3,120,11,14,25,ofat_real,ofat:factor=player_hp:value=3:size=medium:map_type=baseline:enemy_profile=medium_plus:item_profile=many:wall_profile=open:player_hp=3:enemy_hp=2:agent=random,0,16,3,0,2,13,11,3,14,0.09,1,0.9647058823529412,0.1414141414141414,2,3,6,7.333333333333333,8
griddly,random,,,,medium,baseline,medium_plus,many,open,medium_plus,many,low,3,2,player_hp,3,120,11,15,26,ofat_real,ofat:factor=player_hp:value=3:size=medium:map_type=baseline:enemy_profile=medium_plus:item_profile=many:wall_profile=open:player_hp=3:enemy_hp=2:agent=random,0,6,3,0,3,13,11,3,10,0.09,1,0.9662921348314607,0.10101010101010101,6,8,2,3.3333333333333335,6
griddly,random,,,,medium,baseline,medium_plus,many,open,medium_plus,many,low,3,2,player_hp,3,120,11,16,27,ofat_real,ofat:factor=player_hp:value=3:size=medium:map_type=baseline:enemy_profile=medium_plus:item_profile=many:wall_profile=open:player_hp=3:enemy_hp=2:agent=random,0,15,3,0,2,13,11,3,13,0.09,1,0.9534883720930233,0.13131313131313133,3,4,3,6.0,9
griddly,random,,,,medium,baseline,medium_plus,many,open,medium_plus,many,low,3,2,player_hp,3,120,11,17,28,ofat_real,ofat:factor=player_hp:value=3:size=medium:map_type=baseline:enemy_profile=medium_plus:item_profile=many:wall_profile=open:player_hp=3:enemy_hp=2:agent=random,0,14,3,0,2,13,11,3,12,0.09,1,0.9655172413793104,0.12121212121212122,5,5,6,7.0,8
griddly,random,,,,medium,baseline,medium_plus,many,open,medium_plus,many,low,3,2,player_hp,3,120,11,18,29,ofat_real,ofat:factor=player_hp:value=3:size=medium:map_type=baseline:enemy_profile=medium_plus:item_profile=many:wall_profile=open:player_hp=3:enemy_hp=2:agent=random,0,11,3,0,2,13,11,3,10,0.09,1,0.9662921348314607,0.10101010101010101,2,3,6,7.333333333333333,8
griddly,random,,,,medium,baseline,medium_plus,many,open,medium_plus,many,low,3,2,player_hp,3,120,11,19,30,ofat_real,ofat:factor=player_hp:value=3:size=medium:map_type=baseline:enemy_profile=medium_plus:item_profile=many:wall_profile=open:player_hp=3:enemy_hp=2:agent=random,0,8,3,0,3,13,11,3,7,0.09,1,0.967391304347826,0.0707070707070707,2,2,4,4.333333333333333,5
griddly,random,,,,medium,baseline,medium_plus,many,open,medium_plus,many,low,3,2,player_hp,3,120,11,20,31,ofat_real,ofat:factor=player_hp:value=3:size=medium:map_type=baseline:enemy_profile=medium_plus:item_profile=many:wall_profile=open:player_hp=3:enemy_hp=2:agent=random,0,11,3,0,3,13,11,3,6,0.09,1,0.967741935483871,0.06060606060606061,1,1,4,8.666666666666666,13
griddly,random,,,,medium,baseline,medium_plus,many,open,medium_plus,many,low,3,2,player_hp,3,120,11,21,32,ofat_real,ofat:factor=player_hp:value=3:size=medium:map_type=baseline:enemy_profile=medium_plus:item_profile=many:wall_profile=open:player_hp=3:enemy_hp=2:agent=random,0,12,3,0,2,13,11,3,12,0.09,1,0.9655172413793104,0.12121212121212122,3,3,4,7.333333333333333,10
griddly,random,,,,medium,baseline,medium_plus,many,open,medium_plus,many,low,3,2,player_hp,3,120,11,22,33,ofat_real,ofat:factor=player_hp:value=3:size=medium:map_type=baseline:enemy_profile=medium_plus:item_profile=many:wall_profile=open:player_hp=3:enemy_hp=2:agent=random,0,11,3,0,3,13,11,3,10,0.09,1,0.9662921348314607,0.10101010101010101,0,0,5,7.0,11
griddly,random,,,,medium,baseline,medium_plus,many,open,medium_plus,many,low,3,2,player_hp,3,120,11,23,34,ofat_real,ofat:factor=player_hp:value=3:size=medium:map_type=baseline:enemy_profile=medium_plus:item_profile=many:wall_profile=open:player_hp=3:enemy_hp=2:agent=random,0,9,3,0,3,13,11,3,7,0.09,1,0.967391304347826,0.0707070707070707,2,4,4,7.666666666666667,14
griddly,random,,,,medium,baseline,medium_plus,many,open,medium_plus,many,low,3,2,player_hp,3,120,11,24,35,ofat_real,ofat:factor=player_hp:value=3:size=medium:map_type=baseline:enemy_profile=medium_plus:item_profile=many:wall_profile=open:player_hp=3:enemy_hp=2:agent=random,0,9,3,0,3,13,11,3,8,0.09,1,0.9560439560439561,0.08080808080808081,2,3,2,3.3333333333333335,6
griddly,random,,,,medium,baseline,medium_plus,many,open,medium_plus,many,low,3,2,player_hp,3,120,11,25,36,ofat_real,ofat:factor=player_hp:value=3:size=medium:map_type=baseline:enemy_profile=medium_plus:item_profile=many:wall_profile=open:player_hp=3:enemy_hp=2:agent=random,0,11,3,0,3,13,11,3,12,0.09,1,0.9655172413793104,0.12121212121212122,1,1,4,6.333333333333333,10
griddly,random,,,,medium,baseline,medium_plus,many,open,medium_plus,many,low,3,2,player_hp,3,120,11,26,37,ofat_real,ofat:factor=player_hp:value=3:size=medium:map_type=baseline:enemy_profile=medium_plus:item_profile=many:wall_profile=open:player_hp=3:enemy_hp=2:agent=random,0,16,3,0,3,13,11,3,15,0.09,1,0.9523809523809523,0.15151515151515152,3,3,4,9.0,12
griddly,random,,,,medium,baseline,medium_plus,many,open,medium_plus,many,low,3,2,player_hp,3,120,11,27,38,ofat_real,ofat:factor=player_hp:value=3:size=medium:map_type=baseline:enemy_profile=medium_plus:item_profile=many:wall_profile=open:player_hp=3:enemy_hp=2:agent=random,0,10,3,0,2,13,11,3,5,0.09,1,0.9680851063829787,0.050505050505050504,1,1,5,5.333333333333333,6
griddly,random,,,,medium,baseline,medium_plus,many,open,medium_plus,many,low,3,2,player_hp,3,120,11,28,39,ofat_real,ofat:factor=player_hp:value=3:size=medium:map_type=baseline:enemy_profile=medium_plus:item_profile=many:wall_profile=open:player_hp=3:enemy_hp=2:agent=random,0,8,3,0,3,13,11,3,11,0.09,1,0.9659090909090909,0.1111111111111111,3,5,2,5.0,7
griddly,random,,,,medium,baseline,medium_plus,many,open,medium_plus,many,low,3,2,player_hp,3,120,11,29,40,ofat_real,ofat:factor=player_hp:value=3:size=medium:map_type=baseline:enemy_profile=medium_plus:item_profile=many:wall_profile=open:player_hp=3:enemy_hp=2:agent=random,0,13,3,0,1,13,11,3,9,0.09,1,0.9555555555555556,0.09090909090909091,1,2,5,8.0,10
griddly,heuristic,,,,medium,baseline,medium_plus,many,open,medium_plus,many,low,3,2,player_hp,3,120,11,0,11,ofat_real,ofat:factor=player_hp:value=3:size=medium:map_type=baseline:enemy_profile=medium_plus:item_profile=many:wall_profile=open:player_hp=3:enemy_hp=2:agent=heuristic,0,5,3,0,3,13,11,3,16,0.09,1,0.963855421686747,0.16161616161616163,6,8,4,4.333333333333333,5
griddly,heuristic,,,,medium,baseline,medium_plus,many,open,medium_plus,many,low,3,2,player_hp,3,120,11,1,12,ofat_real,ofat:factor=player_hp:value=3:size=medium:map_type=baseline:enemy_profile=medium_plus:item_profile=many:wall_profile=open:player_hp=3:enemy_hp=2:agent=heuristic,0,9,3,0,1,13,11,3,7,0.09,1,0.967391304347826,0.0707070707070707,2,2,3,5.0,7
griddly,heuristic,,,,medium,baseline,medium_plus,many,open,medium_plus,many,low,3,2,player_hp,3,120,11,2,13,ofat_real,ofat:factor=player_hp:value=3:size=medium:map_type=baseline:enemy_profile=medium_plus:item_profile=many:wall_profile=open:player_hp=3:enemy_hp=2:agent=heuristic,1,9,2,1,0,13,11,3,8,0.09,1,0.967032967032967,0.08080808080808081,3,5,2,5.333333333333333,9
griddly,heuristic,,,,medium,baseline,medium_plus,many,open,medium_plus,many,low,3,2,player_hp,3,120,11,3,14,ofat_real,ofat:factor=player_hp:value=3:size=medium:map_type=baseline:enemy_profile=medium_plus:item_profile=many:wall_profile=open:player_hp=3:enemy_hp=2:agent=heuristic,0,8,3,0,2,13,11,3,6,0.09,1,0.967741935483871,0.06060606060606061,2,4,3,8.333333333333334,12
griddly,heuristic,,,,medium,baseline,medium_plus,many,open,medium_plus,many,low,3,2,player_hp,3,120,11,4,15,ofat_real,ofat:factor=player_hp:value=3:size=medium:map_type=baseline:enemy_profile=medium_plus:item_profile=many:wall_profile=open:player_hp=3:enemy_hp=2:agent=heuristic,0,9,3,0,1,13,11,3,8,0.09,1,0.967032967032967,0.08080808080808081,2,3,3,5.0,7
griddly,heuristic,,,,medium,baseline,medium_plus,many,open,medium_plus,many,low,3,2,player_hp,3,120,11,5,16,ofat_real,ofat:factor=player_hp:value=3:size=medium:map_type=baseline:enemy_profile=medium_plus:item_profile=many:wall_profile=open:player_hp=3:enemy_hp=2:agent=heuristic,1,14,2,1,0,13,11,3,10,0.09,1,0.9662921348314607,0.10101010101010101,5,10,7,8.666666666666666,10
griddly,heuristic,,,,medium,baseline,medium_plus,many,open,medium_plus,many,low,3,2,player_hp,3,120,11,6,17,ofat_real,ofat:factor=player_hp:value=3:size=medium:map_type=baseline:enemy_profile=medium_plus:item_profile=many:wall_profile=open:player_hp=3:enemy_hp=2:agent=heuristic,0,8,3,0,2,13,11,3,8,0.09,1,0.967032967032967,0.08080808080808081,2,4,6,10.0,13
griddly,heuristic,,,,medium,baseline,medium_plus,many,open,medium_plus,many,low,3,2,player_hp,3,120,11,7,18,ofat_real,ofat:factor=player_hp:value=3:size=medium:map_type=baseline:enemy_profile=medium_plus:item_profile=many:wall_profile=open:player_hp=3:enemy_hp=2:agent=heuristic,0,11,3,0,1,13,11,3,7,0.09,1,0.967391304347826,0.0707070707070707,1,1,7,7.666666666666667,8
griddly,heuristic,,,,medium,baseline,medium_plus,many,open,medium_plus,many,low,3,2,player_hp,3,120,11,8,19,ofat_real,ofat:factor=player_hp:value=3:size=medium:map_type=baseline:enemy_profile=medium_plus:item_profile=many:wall_profile=open:player_hp=3:enemy_hp=2:agent=heuristic,0,4,3,0,3,13,11,3,11,0.09,1,0.9659090909090909,0.1111111111111111,3,3,4,7.666666666666667,14
griddly,heuristic,,,,medium,baseline,medium_plus,many,open,medium_plus,many,low,3,2,player_hp,3,120,11,9,20,ofat_real,ofat:factor=player_hp:value=3:size=medium:map_type=baseline:enemy_profile=medium_plus:item_profile=many:wall_profile=open:player_hp=3:enemy_hp=2:agent=heuristic,0,11,3,0,1,13,11,3,11,0.09,1,0.9659090909090909,0.1111111111111111,2,3,6,8.333333333333334,11
griddly,heuristic,,,,medium,baseline,medium_plus,many,open,medium_plus,many,low,3,2,player_hp,3,120,11,10,21,ofat_real,ofat:factor=player_hp:value=3:size=medium:map_type=baseline:enemy_profile=medium_plus:item_profile=many:wall_profile=open:player_hp=3:enemy_hp=2:agent=heuristic,1,8,2,1,0,13,11,3,7,0.09,1,0.967391304347826,0.0707070707070707,2,2,3,5.333333333333333,9
griddly,heuristic,,,,medium,baseline,medium_plus,many,open,medium_plus,many,low,3,2,player_hp,3,120,11,11,22,ofat_real,ofat:factor=player_hp:value=3:size=medium:map_type=baseline:enemy_profile=medium_plus:item_profile=many:wall_profile=open:player_hp=3:enemy_hp=2:agent=heuristic,0,9,3,0,1,13,11,3,9,0.09,1,0.9666666666666667,0.09090909090909091,4,9,2,3.6666666666666665,7
griddly,heuristic,,,,medium,baseline,medium_plus,many,open,medium_plus,many,low,3,2,player_hp,3,120,11,12,23,ofat_real,ofat:factor=player_hp:value=3:size=medium:map_type=baseline:enemy_profile=medium_plus:item_profile=many:wall_profile=open:player_hp=3:enemy_hp=2:agent=heuristic,0,9,3,0,1,13,11,3,5,0.09,1,0.9680851063829787,0.050505050505050504,0,0,5,5.333333333333333,6
griddly,heuristic,,,,medium,baseline,medium_plus,many,open,medium_plus,many,low,3,2,player_hp,3,120,11,13,24,ofat_real,ofat:factor=player_hp:value=3:size=medium:map_type=baseline:enemy_profile=medium_plus:item_profile=many:wall_profile=open:player_hp=3:enemy_hp=2:agent=heuristic,0,6,3,0,2,13,11,3,8,0.09,1,0.967032967032967,0.08080808080808081,2,2,5,5.666666666666667,6
griddly,heuristic,,,,medium,baseline,medium_plus,many,open,medium_plus,many,low,3,2,player_hp,3,120,11,14,25,ofat_real,ofat:factor=player_hp:value=3:size=medium:map_type=baseline:enemy_profile=medium_plus:item_profile=many:wall_profile=open:player_hp=3:enemy_hp=2:agent=heuristic,0,11,3,0,1,13,11,3,14,0.09,1,0.9647058823529412,0.1414141414141414,2,3,6,7.333333333333333,8
griddly,heuristic,,,,medium,baseline,medium_plus,many,open,medium_plus,many,low,3,2,player_hp,3,120,11,15,26,ofat_real,ofat:factor=player_hp:value=3:size=medium:map_type=baseline:enemy_profile=medium_plus:item_profile=many:wall_profile=open:player_hp=3:enemy_hp=2:agent=heuristic,0,5,3,0,2,13,11,3,10,0.09,1,0.9662921348314607,0.10101010101010101,6,8,2,3.3333333333333335,6
griddly,heuristic,,,,medium,baseline,medium_plus,many,open,medium_plus,many,low,3,2,player_hp,3,120,11,16,27,ofat_real,ofat:factor=player_hp:value=3:size=medium:map_type=baseline:enemy_profile=medium_plus:item_profile=many:wall_profile=open:player_hp=3:enemy_hp=2:agent=heuristic,0,8,3,0,2,13,11,3,13,0.09,1,0.9534883720930233,0.13131313131313133,3,4,3,6.0,9
griddly,heuristic,,,,medium,baseline,medium_plus,many,open,medium_plus,many,low,3,2,player_hp,3,120,11,17,28,ofat_real,ofat:factor=player_hp:value=3:size=medium:map_type=baseline:enemy_profile=medium_plus:item_profile=many:wall_profile=open:player_hp=3:enemy_hp=2:agent=heuristic,0,8,3,0,1,13,11,3,12,0.09,1,0.9655172413793104,0.12121212121212122,5,5,6,7.0,8
griddly,heuristic,,,,medium,baseline,medium_plus,many,open,medium_plus,many,low,3,2,player_hp,3,120,11,18,29,ofat_real,ofat:factor=player_hp:value=3:size=medium:map_type=baseline:enemy_profile=medium_plus:item_profile=many:wall_profile=open:player_hp=3:enemy_hp=2:agent=heuristic,0,7,3,0,2,13,11,3,10,0.09,1,0.9662921348314607,0.10101010101010101,2,3,6,7.333333333333333,8
griddly,heuristic,,,,medium,baseline,medium_plus,many,open,medium_plus,many,low,3,2,player_hp,3,120,11,19,30,ofat_real,ofat:factor=player_hp:value=3:size=medium:map_type=baseline:enemy_profile=medium_plus:item_profile=many:wall_profile=open:player_hp=3:enemy_hp=2:agent=heuristic,0,4,3,0,3,13,11,3,7,0.09,1,0.967391304347826,0.0707070707070707,2,2,4,4.333333333333333,5
griddly,heuristic,,,,medium,baseline,medium_plus,many,open,medium_plus,many,low,3,2,player_hp,3,120,11,20,31,ofat_real,ofat:factor=player_hp:value=3:size=medium:map_type=baseline:enemy_profile=medium_plus:item_profile=many:wall_profile=open:player_hp=3:enemy_hp=2:agent=heuristic,0,7,3,0,2,13,11,3,6,0.09,1,0.967741935483871,0.06060606060606061,1,1,4,8.666666666666666,13
griddly,heuristic,,,,medium,baseline,medium_plus,many,open,medium_plus,many,low,3,2,player_hp,3,120,11,21,32,ofat_real,ofat:factor=player_hp:value=3:size=medium:map_type=baseline:enemy_profile=medium_plus:item_profile=many:wall_profile=open:player_hp=3:enemy_hp=2:agent=heuristic,0,7,3,0,2,13,11,3,12,0.09,1,0.9655172413793104,0.12121212121212122,3,3,4,7.333333333333333,10
griddly,heuristic,,,,medium,baseline,medium_plus,many,open,medium_plus,many,low,3,2,player_hp,3,120,11,22,33,ofat_real,ofat:factor=player_hp:value=3:size=medium:map_type=baseline:enemy_profile=medium_plus:item_profile=many:wall_profile=open:player_hp=3:enemy_hp=2:agent=heuristic,0,9,3,0,1,13,11,3,10,0.09,1,0.9662921348314607,0.10101010101010101,0,0,5,7.0,11
griddly,heuristic,,,,medium,baseline,medium_plus,many,open,medium_plus,many,low,3,2,player_hp,3,120,11,23,34,ofat_real,ofat:factor=player_hp:value=3:size=medium:map_type=baseline:enemy_profile=medium_plus:item_profile=many:wall_profile=open:player_hp=3:enemy_hp=2:agent=heuristic,0,8,3,0,2,13,11,3,7,0.09,1,0.967391304347826,0.0707070707070707,2,4,4,7.666666666666667,14
griddly,heuristic,,,,medium,baseline,medium_plus,many,open,medium_plus,many,low,3,2,player_hp,3,120,11,24,35,ofat_real,ofat:factor=player_hp:value=3:size=medium:map_type=baseline:enemy_profile=medium_plus:item_profile=many:wall_profile=open:player_hp=3:enemy_hp=2:agent=heuristic,0,5,3,0,2,13,11,3,8,0.09,1,0.9560439560439561,0.08080808080808081,2,3,2,3.3333333333333335,6
griddly,heuristic,,,,medium,baseline,medium_plus,many,open,medium_plus,many,low,3,2,player_hp,3,120,11,25,36,ofat_real,ofat:factor=player_hp:value=3:size=medium:map_type=baseline:enemy_profile=medium_plus:item_profile=many:wall_profile=open:player_hp=3:enemy_hp=2:agent=heuristic,0,11,3,0,1,13,11,3,12,0.09,1,0.9655172413793104,0.12121212121212122,1,1,4,6.333333333333333,10
griddly,heuristic,,,,medium,baseline,medium_plus,many,open,medium_plus,many,low,3,2,player_hp,3,120,11,26,37,ofat_real,ofat:factor=player_hp:value=3:size=medium:map_type=baseline:enemy_profile=medium_plus:item_profile=many:wall_profile=open:player_hp=3:enemy_hp=2:agent=heuristic,0,8,3,0,2,13,11,3,15,0.09,1,0.9523809523809523,0.15151515151515152,3,3,4,9.0,12
griddly,heuristic,,,,medium,baseline,medium_plus,many,open,medium_plus,many,low,3,2,player_hp,3,120,11,27,38,ofat_real,ofat:factor=player_hp:value=3:size=medium:map_type=baseline:enemy_profile=medium_plus:item_profile=many:wall_profile=open:player_hp=3:enemy_hp=2:agent=heuristic,0,9,3,0,1,13,11,3,5,0.09,1,0.9680851063829787,0.050505050505050504,1,1,5,5.333333333333333,6
griddly,heuristic,,,,medium,baseline,medium_plus,many,open,medium_plus,many,low,3,2,player_hp,3,120,11,28,39,ofat_real,ofat:factor=player_hp:value=3:size=medium:map_type=baseline:enemy_profile=medium_plus:item_profile=many:wall_profile=open:player_hp=3:enemy_hp=2:agent=heuristic,0,6,3,0,2,13,11,3,11,0.09,1,0.9659090909090909,0.1111111111111111,3,5,2,5.0,7
griddly,heuristic,,,,medium,baseline,medium_plus,many,open,medium_plus,many,low,3,2,player_hp,3,120,11,29,40,ofat_real,ofat:factor=player_hp:value=3:size=medium:map_type=baseline:enemy_profile=medium_plus:item_profile=many:wall_profile=open:player_hp=3:enemy_hp=2:agent=heuristic,0,10,3,0,1,13,11,3,9,0.09,1,0.9555555555555556,0.09090909090909091,1,2,5,8.0,10
griddly,mcts_small,50,10,1.4142135623730951,medium,baseline,medium_plus,many,open,medium_plus,many,low,3,2,player_hp,3,120,11,0,11,ofat_real,ofat:factor=player_hp:value=3:size=medium:map_type=baseline:enemy_profile=medium_plus:item_profile=many:wall_profile=open:player_hp=3:enemy_hp=2:agent=mcts_small,0,7,3,0,2,13,11,3,16,0.09,1,0.963855421686747,0.16161616161616163,6,8,4,4.333333333333333,5
griddly,mcts_small,50,10,1.4142135623730951,medium,baseline,medium_plus,many,open,medium_plus,many,low,3,2,player_hp,3,120,11,1,12,ofat_real,ofat:factor=player_hp:value=3:size=medium:map_type=baseline:enemy_profile=medium_plus:item_profile=many:wall_profile=open:player_hp=3:enemy_hp=2:agent=mcts_small,1,17,2,1,0,13,11,3,7,0.09,1,0.967391304347826,0.0707070707070707,2,2,3,5.0,7
griddly,mcts_small,50,10,1.4142135623730951,medium,baseline,medium_plus,many,open,medium_plus,many,low,3,2,player_hp,3,120,11,2,13,ofat_real,ofat:factor=player_hp:value=3:size=medium:map_type=baseline:enemy_profile=medium_plus:item_profile=many:wall_profile=open:player_hp=3:enemy_hp=2:agent=mcts_small,1,14,1,2,0,13,11,3,8,0.09,1,0.967032967032967,0.08080808080808081,3,5,2,5.333333333333333,9
griddly,mcts_small,50,10,1.4142135623730951,medium,baseline,medium_plus,many,open,medium_plus,many,low,3,2,player_hp,3,120,11,3,14,ofat_real,ofat:factor=player_hp:value=3:size=medium:map_type=baseline:enemy_profile=medium_plus:item_profile=many:wall_profile=open:player_hp=3:enemy_hp=2:agent=mcts_small,0,16,3,0,2,13,11,3,6,0.09,1,0.967741935483871,0.06060606060606061,2,4,3,8.333333333333334,12
griddly,mcts_small,50,10,1.4142135623730951,medium,baseline,medium_plus,many,open,medium_plus,many,low,3,2,player_hp,3,120,11,4,15,ofat_real,ofat:factor=player_hp:value=3:size=medium:map_type=baseline:enemy_profile=medium_plus:item_profile=many:wall_profile=open:player_hp=3:enemy_hp=2:agent=mcts_small,1,9,0,3,0,13,11,3,8,0.09,1,0.967032967032967,0.08080808080808081,2,3,3,5.0,7
griddly,mcts_small,50,10,1.4142135623730951,medium,baseline,medium_plus,many,open,medium_plus,many,low,3,2,player_hp,3,120,11,5,16,ofat_real,ofat:factor=player_hp:value=3:size=medium:map_type=baseline:enemy_profile=medium_plus:item_profile=many:wall_profile=open:player_hp=3:enemy_hp=2:agent=mcts_small,1,16,2,1,0,13,11,3,10,0.09,1,0.9662921348314607,0.10101010101010101,5,10,7,8.666666666666666,10
griddly,mcts_small,50,10,1.4142135623730951,medium,baseline,medium_plus,many,open,medium_plus,many,low,3,2,player_hp,3,120,11,6,17,ofat_real,ofat:factor=player_hp:value=3:size=medium:map_type=baseline:enemy_profile=medium_plus:item_profile=many:wall_profile=open:player_hp=3:enemy_hp=2:agent=mcts_small,0,12,3,0,2,13,11,3,8,0.09,1,0.967032967032967,0.08080808080808081,2,4,6,10.0,13
griddly,mcts_small,50,10,1.4142135623730951,medium,baseline,medium_plus,many,open,medium_plus,many,low,3,2,player_hp,3,120,11,7,18,ofat_real,ofat:factor=player_hp:value=3:size=medium:map_type=baseline:enemy_profile=medium_plus:item_profile=many:wall_profile=open:player_hp=3:enemy_hp=2:agent=mcts_small,0,10,3,0,3,13,11,3,7,0.09,1,0.967391304347826,0.0707070707070707,1,1,7,7.666666666666667,8
griddly,mcts_small,50,10,1.4142135623730951,medium,baseline,medium_plus,many,open,medium_plus,many,low,3,2,player_hp,3,120,11,8,19,ofat_real,ofat:factor=player_hp:value=3:size=medium:map_type=baseline:enemy_profile=medium_plus:item_profile=many:wall_profile=open:player_hp=3:enemy_hp=2:agent=mcts_small,0,8,3,0,2,13,11,3,11,0.09,1,0.9659090909090909,0.1111111111111111,3,3,4,7.666666666666667,14
griddly,mcts_small,50,10,1.4142135623730951,medium,baseline,medium_plus,many,open,medium_plus,many,low,3,2,player_hp,3,120,11,9,20,ofat_real,ofat:factor=player_hp:value=3:size=medium:map_type=baseline:enemy_profile=medium_plus:item_profile=many:wall_profile=open:player_hp=3:enemy_hp=2:agent=mcts_small,0,13,3,0,1,13,11,3,11,0.09,1,0.9659090909090909,0.1111111111111111,2,3,6,8.333333333333334,11
griddly,mcts_small,50,10,1.4142135623730951,medium,baseline,medium_plus,many,open,medium_plus,many,low,3,2,player_hp,3,120,11,10,21,ofat_real,ofat:factor=player_hp:value=3:size=medium:map_type=baseline:enemy_profile=medium_plus:item_profile=many:wall_profile=open:player_hp=3:enemy_hp=2:agent=mcts_small,0,18,3,0,1,13,11,3,7,0.09,1,0.967391304347826,0.0707070707070707,2,2,3,5.333333333333333,9
griddly,mcts_small,50,10,1.4142135623730951,medium,baseline,medium_plus,many,open,medium_plus,many,low,3,2,player_hp,3,120,11,11,22,ofat_real,ofat:factor=player_hp:value=3:size=medium:map_type=baseline:enemy_profile=medium_plus:item_profile=many:wall_profile=open:player_hp=3:enemy_hp=2:agent=mcts_small,0,5,3,0,3,13,11,3,9,0.09,1,0.9666666666666667,0.09090909090909091,4,9,2,3.6666666666666665,7
griddly,mcts_small,50,10,1.4142135623730951,medium,baseline,medium_plus,many,open,medium_plus,many,low,3,2,player_hp,3,120,11,12,23,ofat_real,ofat:factor=player_hp:value=3:size=medium:map_type=baseline:enemy_profile=medium_plus:item_profile=many:wall_profile=open:player_hp=3:enemy_hp=2:agent=mcts_small,0,18,3,0,1,13,11,3,5,0.09,1,0.9680851063829787,0.050505050505050504,0,0,5,5.333333333333333,6
griddly,mcts_small,50,10,1.4142135623730951,medium,baseline,medium_plus,many,open,medium_plus,many,low,3,2,player_hp,3,120,11,13,24,ofat_real,ofat:factor=player_hp:value=3:size=medium:map_type=baseline:enemy_profile=medium_plus:item_profile=many:wall_profile=open:player_hp=3:enemy_hp=2:agent=mcts_small,0,7,3,0,3,13,11,3,8,0.09,1,0.967032967032967,0.08080808080808081,2,2,5,5.666666666666667,6
griddly,mcts_small,50,10,1.4142135623730951,medium,baseline,medium_plus,many,open,medium_plus,many,low,3,2,player_hp,3,120,11,14,25,ofat_real,ofat:factor=player_hp:value=3:size=medium:map_type=baseline:enemy_profile=medium_plus:item_profile=many:wall_profile=open:player_hp=3:enemy_hp=2:agent=mcts_small,0,21,3,0,1,13,11,3,14,0.09,1,0.9647058823529412,0.1414141414141414,2,3,6,7.333333333333333,8
griddly,mcts_small,50,10,1.4142135623730951,medium,baseline,medium_plus,many,open,medium_plus,many,low,3,2,player_hp,3,120,11,15,26,ofat_real,ofat:factor=player_hp:value=3:size=medium:map_type=baseline:enemy_profile=medium_plus:item_profile=many:wall_profile=open:player_hp=3:enemy_hp=2:agent=mcts_small,1,17,2,1,0,13,11,3,10,0.09,1,0.9662921348314607,0.10101010101010101,6,8,2,3.3333333333333335,6
griddly,mcts_small,50,10,1.4142135623730951,medium,baseline,medium_plus,many,open,medium_plus,many,low,3,2,player_hp,3,120,11,16,27,ofat_real,ofat:factor=player_hp:value=3:size=medium:map_type=baseline:enemy_profile=medium_plus:item_profile=many:wall_profile=open:player_hp=3:enemy_hp=2:agent=mcts_small,1,11,1,2,0,13,11,3,13,0.09,1,0.9534883720930233,0.13131313131313133,3,4,3,6.0,9
griddly,mcts_small,50,10,1.4142135623730951,medium,baseline,medium_plus,many,open,medium_plus,many,low,3,2,player_hp,3,120,11,17,28,ofat_real,ofat:factor=player_hp:value=3:size=medium:map_type=baseline:enemy_profile=medium_plus:item_profile=many:wall_profile=open:player_hp=3:enemy_hp=2:agent=mcts_small,0,12,3,0,3,13,11,3,12,0.09,1,0.9655172413793104,0.12121212121212122,5,5,6,7.0,8
griddly,mcts_small,50,10,1.4142135623730951,medium,baseline,medium_plus,many,open,medium_plus,many,low,3,2,player_hp,3,120,11,18,29,ofat_real,ofat:factor=player_hp:value=3:size=medium:map_type=baseline:enemy_profile=medium_plus:item_profile=many:wall_profile=open:player_hp=3:enemy_hp=2:agent=mcts_small,0,10,3,0,2,13,11,3,10,0.09,1,0.9662921348314607,0.10101010101010101,2,3,6,7.333333333333333,8
griddly,mcts_small,50,10,1.4142135623730951,medium,baseline,medium_plus,many,open,medium_plus,many,low,3,2,player_hp,3,120,11,19,30,ofat_real,ofat:factor=player_hp:value=3:size=medium:map_type=baseline:enemy_profile=medium_plus:item_profile=many:wall_profile=open:player_hp=3:enemy_hp=2:agent=mcts_small,1,12,2,1,0,13,11,3,7,0.09,1,0.967391304347826,0.0707070707070707,2,2,4,4.333333333333333,5
griddly,mcts_small,50,10,1.4142135623730951,medium,baseline,medium_plus,many,open,medium_plus,many,low,3,2,player_hp,3,120,11,20,31,ofat_real,ofat:factor=player_hp:value=3:size=medium:map_type=baseline:enemy_profile=medium_plus:item_profile=many:wall_profile=open:player_hp=3:enemy_hp=2:agent=mcts_small,1,14,1,2,0,13,11,3,6,0.09,1,0.967741935483871,0.06060606060606061,1,1,4,8.666666666666666,13
griddly,mcts_small,50,10,1.4142135623730951,medium,baseline,medium_plus,many,open,medium_plus,many,low,3,2,player_hp,3,120,11,21,32,ofat_real,ofat:factor=player_hp:value=3:size=medium:map_type=baseline:enemy_profile=medium_plus:item_profile=many:wall_profile=open:player_hp=3:enemy_hp=2:agent=mcts_small,1,19,1,2,0,13,11,3,12,0.09,1,0.9655172413793104,0.12121212121212122,3,3,4,7.333333333333333,10
griddly,mcts_small,50,10,1.4142135623730951,medium,baseline,medium_plus,many,open,medium_plus,many,low,3,2,player_hp,3,120,11,22,33,ofat_real,ofat:factor=player_hp:value=3:size=medium:map_type=baseline:enemy_profile=medium_plus:item_profile=many:wall_profile=open:player_hp=3:enemy_hp=2:agent=mcts_small,1,17,1,2,0,13,11,3,10,0.09,1,0.9662921348314607,0.10101010101010101,0,0,5,7.0,11
griddly,mcts_small,50,10,1.4142135623730951,medium,baseline,medium_plus,many,open,medium_plus,many,low,3,2,player_hp,3,120,11,23,34,ofat_real,ofat:factor=player_hp:value=3:size=medium:map_type=baseline:enemy_profile=medium_plus:item_profile=many:wall_profile=open:player_hp=3:enemy_hp=2:agent=mcts_small,1,15,2,1,0,13,11,3,7,0.09,1,0.967391304347826,0.0707070707070707,2,4,4,7.666666666666667,14
griddly,mcts_small,50,10,1.4142135623730951,medium,baseline,medium_plus,many,open,medium_plus,many,low,3,2,player_hp,3,120,11,24,35,ofat_real,ofat:factor=player_hp:value=3:size=medium:map_type=baseline:enemy_profile=medium_plus:item_profile=many:wall_profile=open:player_hp=3:enemy_hp=2:agent=mcts_small,0,5,3,0,2,13,11,3,8,0.09,1,0.9560439560439561,0.08080808080808081,2,3,2,3.3333333333333335,6
griddly,mcts_small,50,10,1.4142135623730951,medium,baseline,medium_plus,many,open,medium_plus,many,low,3,2,player_hp,3,120,11,25,36,ofat_real,ofat:factor=player_hp:value=3:size=medium:map_type=baseline:enemy_profile=medium_plus:item_profile=many:wall_profile=open:player_hp=3:enemy_hp=2:agent=mcts_small,1,10,1,2,0,13,11,3,12,0.09,1,0.9655172413793104,0.12121212121212122,1,1,4,6.333333333333333,10
griddly,mcts_small,50,10,1.4142135623730951,medium,baseline,medium_plus,many,open,medium_plus,many,low,3,2,player_hp,3,120,11,26,37,ofat_real,ofat:factor=player_hp:value=3:size=medium:map_type=baseline:enemy_profile=medium_plus:item_profile=many:wall_profile=open:player_hp=3:enemy_hp=2:agent=mcts_small,0,8,3,0,3,13,11,3,15,0.09,1,0.9523809523809523,0.15151515151515152,3,3,4,9.0,12
griddly,mcts_small,50,10,1.4142135623730951,medium,baseline,medium_plus,many,open,medium_plus,many,low,3,2,player_hp,3,120,11,27,38,ofat_real,ofat:factor=player_hp:value=3:size=medium:map_type=baseline:enemy_profile=medium_plus:item_profile=many:wall_profile=open:player_hp=3:enemy_hp=2:agent=mcts_small,0,9,3,0,3,13,11,3,5,0.09,1,0.9680851063829787,0.050505050505050504,1,1,5,5.333333333333333,6
griddly,mcts_small,50,10,1.4142135623730951,medium,baseline,medium_plus,many,open,medium_plus,many,low,3,2,player_hp,3,120,11,28,39,ofat_real,ofat:factor=player_hp:value=3:size=medium:map_type=baseline:enemy_profile=medium_plus:item_profile=many:wall_profile=open:player_hp=3:enemy_hp=2:agent=mcts_small,1,15,2,1,0,13,11,3,11,0.09,1,0.9659090909090909,0.1111111111111111,3,5,2,5.0,7
griddly,mcts_small,50,10,1.4142135623730951,medium,baseline,medium_plus,many,open,medium_plus,many,low,3,2,player_hp,3,120,11,29,40,ofat_real,ofat:factor=player_hp:value=3:size=medium:map_type=baseline:enemy_profile=medium_plus:item_profile=many:wall_profile=open:player_hp=3:enemy_hp=2:agent=mcts_small,1,23,1,2,0,13,11,3,9,0.09,1,0.9555555555555556,0.09090909090909091,1,2,5,8.0,10
griddly,mcts_medium,200,30,1.4142135623730951,medium,baseline,medium_plus,many,open,medium_plus,many,low,3,2,player_hp,3,120,11,0,11,ofat_real,ofat:factor=player_hp:value=3:size=medium:map_type=baseline:enemy_profile=medium_plus:item_profile=many:wall_profile=open:player_hp=3:enemy_hp=2:agent=mcts_medium,0,7,3,0,2,13,11,3,16,0.09,1,0.963855421686747,0.16161616161616163,6,8,4,4.333333333333333,5
griddly,mcts_medium,200,30,1.4142135623730951,medium,baseline,medium_plus,many,open,medium_plus,many,low,3,2,player_hp,3,120,11,1,12,ofat_real,ofat:factor=player_hp:value=3:size=medium:map_type=baseline:enemy_profile=medium_plus:item_profile=many:wall_profile=open:player_hp=3:enemy_hp=2:agent=mcts_medium,1,17,2,1,0,13,11,3,7,0.09,1,0.967391304347826,0.0707070707070707,2,2,3,5.0,7
griddly,mcts_medium,200,30,1.4142135623730951,medium,baseline,medium_plus,many,open,medium_plus,many,low,3,2,player_hp,3,120,11,2,13,ofat_real,ofat:factor=player_hp:value=3:size=medium:map_type=baseline:enemy_profile=medium_plus:item_profile=many:wall_profile=open:player_hp=3:enemy_hp=2:agent=mcts_medium,1,11,1,2,0,13,11,3,8,0.09,1,0.967032967032967,0.08080808080808081,3,5,2,5.333333333333333,9
griddly,mcts_medium,200,30,1.4142135623730951,medium,baseline,medium_plus,many,open,medium_plus,many,low,3,2,player_hp,3,120,11,3,14,ofat_real,ofat:factor=player_hp:value=3:size=medium:map_type=baseline:enemy_profile=medium_plus:item_profile=many:wall_profile=open:player_hp=3:enemy_hp=2:agent=mcts_medium,0,15,3,0,2,13,11,3,6,0.09,1,0.967741935483871,0.06060606060606061,2,4,3,8.333333333333334,12
griddly,mcts_medium,200,30,1.4142135623730951,medium,baseline,medium_plus,many,open,medium_plus,many,low,3,2,player_hp,3,120,11,4,15,ofat_real,ofat:factor=player_hp:value=3:size=medium:map_type=baseline:enemy_profile=medium_plus:item_profile=many:wall_profile=open:player_hp=3:enemy_hp=2:agent=mcts_medium,1,12,1,2,0,13,11,3,8,0.09,1,0.967032967032967,0.08080808080808081,2,3,3,5.0,7
griddly,mcts_medium,200,30,1.4142135623730951,medium,baseline,medium_plus,many,open,medium_plus,many,low,3,2,player_hp,3,120,11,5,16,ofat_real,ofat:factor=player_hp:value=3:size=medium:map_type=baseline:enemy_profile=medium_plus:item_profile=many:wall_profile=open:player_hp=3:enemy_hp=2:agent=mcts_medium,1,15,2,1,0,13,11,3,10,0.09,1,0.9662921348314607,0.10101010101010101,5,10,7,8.666666666666666,10
griddly,mcts_medium,200,30,1.4142135623730951,medium,baseline,medium_plus,many,open,medium_plus,many,low,3,2,player_hp,3,120,11,6,17,ofat_real,ofat:factor=player_hp:value=3:size=medium:map_type=baseline:enemy_profile=medium_plus:item_profile=many:wall_profile=open:player_hp=3:enemy_hp=2:agent=mcts_medium,1,15,2,1,0,13,11,3,8,0.09,1,0.967032967032967,0.08080808080808081,2,4,6,10.0,13
griddly,mcts_medium,200,30,1.4142135623730951,medium,baseline,medium_plus,many,open,medium_plus,many,low,3,2,player_hp,3,120,11,7,18,ofat_real,ofat:factor=player_hp:value=3:size=medium:map_type=baseline:enemy_profile=medium_plus:item_profile=many:wall_profile=open:player_hp=3:enemy_hp=2:agent=mcts_medium,0,10,3,0,3,13,11,3,7,0.09,1,0.967391304347826,0.0707070707070707,1,1,7,7.666666666666667,8
griddly,mcts_medium,200,30,1.4142135623730951,medium,baseline,medium_plus,many,open,medium_plus,many,low,3,2,player_hp,3,120,11,8,19,ofat_real,ofat:factor=player_hp:value=3:size=medium:map_type=baseline:enemy_profile=medium_plus:item_profile=many:wall_profile=open:player_hp=3:enemy_hp=2:agent=mcts_medium,0,17,3,0,1,13,11,3,11,0.09,1,0.9659090909090909,0.1111111111111111,3,3,4,7.666666666666667,14
griddly,mcts_medium,200,30,1.4142135623730951,medium,baseline,medium_plus,many,open,medium_plus,many,low,3,2,player_hp,3,120,11,9,20,ofat_real,ofat:factor=player_hp:value=3:size=medium:map_type=baseline:enemy_profile=medium_plus:item_profile=many:wall_profile=open:player_hp=3:enemy_hp=2:agent=mcts_medium,0,15,3,0,1,13,11,3,11,0.09,1,0.9659090909090909,0.1111111111111111,2,3,6,8.333333333333334,11
griddly,mcts_medium,200,30,1.4142135623730951,medium,baseline,medium_plus,many,open,medium_plus,many,low,3,2,player_hp,3,120,11,10,21,ofat_real,ofat:factor=player_hp:value=3:size=medium:map_type=baseline:enemy_profile=medium_plus:item_profile=many:wall_profile=open:player_hp=3:enemy_hp=2:agent=mcts_medium,1,15,2,1,0,13,11,3,7,0.09,1,0.967391304347826,0.0707070707070707,2,2,3,5.333333333333333,9
griddly,mcts_medium,200,30,1.4142135623730951,medium,baseline,medium_plus,many,open,medium_plus,many,low,3,2,player_hp,3,120,11,11,22,ofat_real,ofat:factor=player_hp:value=3:size=medium:map_type=baseline:enemy_profile=medium_plus:item_profile=many:wall_profile=open:player_hp=3:enemy_hp=2:agent=mcts_medium,0,11,3,0,1,13,11,3,9,0.09,1,0.9666666666666667,0.09090909090909091,4,9,2,3.6666666666666665,7
griddly,mcts_medium,200,30,1.4142135623730951,medium,baseline,medium_plus,many,open,medium_plus,many,low,3,2,player_hp,3,120,11,12,23,ofat_real,ofat:factor=player_hp:value=3:size=medium:map_type=baseline:enemy_profile=medium_plus:item_profile=many:wall_profile=open:player_hp=3:enemy_hp=2:agent=mcts_medium,0,11,3,0,2,13,11,3,5,0.09,1,0.9680851063829787,0.050505050505050504,0,0,5,5.333333333333333,6
griddly,mcts_medium,200,30,1.4142135623730951,medium,baseline,medium_plus,many,open,medium_plus,many,low,3,2,player_hp,3,120,11,13,24,ofat_real,ofat:factor=player_hp:value=3:size=medium:map_type=baseline:enemy_profile=medium_plus:item_profile=many:wall_profile=open:player_hp=3:enemy_hp=2:agent=mcts_medium,0,7,3,0,2,13,11,3,8,0.09,1,0.967032967032967,0.08080808080808081,2,2,5,5.666666666666667,6
griddly,mcts_medium,200,30,1.4142135623730951,medium,baseline,medium_plus,many,open,medium_plus,many,low,3,2,player_hp,3,120,11,14,25,ofat_real,ofat:factor=player_hp:value=3:size=medium:map_type=baseline:enemy_profile=medium_plus:item_profile=many:wall_profile=open:player_hp=3:enemy_hp=2:agent=mcts_medium,1,22,1,2,0,13,11,3,14,0.09,1,0.9647058823529412,0.1414141414141414,2,3,6,7.333333333333333,8
griddly,mcts_medium,200,30,1.4142135623730951,medium,baseline,medium_plus,many,open,medium_plus,many,low,3,2,player_hp,3,120,11,15,26,ofat_real,ofat:factor=player_hp:value=3:size=medium:map_type=baseline:enemy_profile=medium_plus:item_profile=many:wall_profile=open:player_hp=3:enemy_hp=2:agent=mcts_medium,1,13,1,2,0,13,11,3,10,0.09,1,0.9662921348314607,0.10101010101010101,6,8,2,3.3333333333333335,6
griddly,mcts_medium,200,30,1.4142135623730951,medium,baseline,medium_plus,many,open,medium_plus,many,low,3,2,player_hp,3,120,11,16,27,ofat_real,ofat:factor=player_hp:value=3:size=medium:map_type=baseline:enemy_profile=medium_plus:item_profile=many:wall_profile=open:player_hp=3:enemy_hp=2:agent=mcts_medium,0,15,3,0,1,13,11,3,13,0.09,1,0.9534883720930233,0.13131313131313133,3,4,3,6.0,9
griddly,mcts_medium,200,30,1.4142135623730951,medium,baseline,medium_plus,many,open,medium_plus,many,low,3,2,player_hp,3,120,11,17,28,ofat_real,ofat:factor=player_hp:value=3:size=medium:map_type=baseline:enemy_profile=medium_plus:item_profile=many:wall_profile=open:player_hp=3:enemy_hp=2:agent=mcts_medium,0,20,3,0,2,13,11,3,12,0.09,1,0.9655172413793104,0.12121212121212122,5,5,6,7.0,8
griddly,mcts_medium,200,30,1.4142135623730951,medium,baseline,medium_plus,many,open,medium_plus,many,low,3,2,player_hp,3,120,11,18,29,ofat_real,ofat:factor=player_hp:value=3:size=medium:map_type=baseline:enemy_profile=medium_plus:item_profile=many:wall_profile=open:player_hp=3:enemy_hp=2:agent=mcts_medium,1,18,0,3,0,13,11,3,10,0.09,1,0.9662921348314607,0.10101010101010101,2,3,6,7.333333333333333,8
griddly,mcts_medium,200,30,1.4142135623730951,medium,baseline,medium_plus,many,open,medium_plus,many,low,3,2,player_hp,3,120,11,19,30,ofat_real,ofat:factor=player_hp:value=3:size=medium:map_type=baseline:enemy_profile=medium_plus:item_profile=many:wall_profile=open:player_hp=3:enemy_hp=2:agent=mcts_medium,1,14,1,2,0,13,11,3,7,0.09,1,0.967391304347826,0.0707070707070707,2,2,4,4.333333333333333,5
griddly,mcts_medium,200,30,1.4142135623730951,medium,baseline,medium_plus,many,open,medium_plus,many,low,3,2,player_hp,3,120,11,20,31,ofat_real,ofat:factor=player_hp:value=3:size=medium:map_type=baseline:enemy_profile=medium_plus:item_profile=many:wall_profile=open:player_hp=3:enemy_hp=2:agent=mcts_medium,1,15,1,2,0,13,11,3,6,0.09,1,0.967741935483871,0.06060606060606061,1,1,4,8.666666666666666,13
griddly,mcts_medium,200,30,1.4142135623730951,medium,baseline,medium_plus,many,open,medium_plus,many,low,3,2,player_hp,3,120,11,21,32,ofat_real,ofat:factor=player_hp:value=3:size=medium:map_type=baseline:enemy_profile=medium_plus:item_profile=many:wall_profile=open:player_hp=3:enemy_hp=2:agent=mcts_medium,0,25,3,0,1,13,11,3,12,0.09,1,0.9655172413793104,0.12121212121212122,3,3,4,7.333333333333333,10
griddly,mcts_medium,200,30,1.4142135623730951,medium,baseline,medium_plus,many,open,medium_plus,many,low,3,2,player_hp,3,120,11,22,33,ofat_real,ofat:factor=player_hp:value=3:size=medium:map_type=baseline:enemy_profile=medium_plus:item_profile=many:wall_profile=open:player_hp=3:enemy_hp=2:agent=mcts_medium,1,15,0,3,0,13,11,3,10,0.09,1,0.9662921348314607,0.10101010101010101,0,0,5,7.0,11
griddly,mcts_medium,200,30,1.4142135623730951,medium,baseline,medium_plus,many,open,medium_plus,many,low,3,2,player_hp,3,120,11,23,34,ofat_real,ofat:factor=player_hp:value=3:size=medium:map_type=baseline:enemy_profile=medium_plus:item_profile=many:wall_profile=open:player_hp=3:enemy_hp=2:agent=mcts_medium,1,20,1,2,0,13,11,3,7,0.09,1,0.967391304347826,0.0707070707070707,2,4,4,7.666666666666667,14
griddly,mcts_medium,200,30,1.4142135623730951,medium,baseline,medium_plus,many,open,medium_plus,many,low,3,2,player_hp,3,120,11,24,35,ofat_real,ofat:factor=player_hp:value=3:size=medium:map_type=baseline:enemy_profile=medium_plus:item_profile=many:wall_profile=open:player_hp=3:enemy_hp=2:agent=mcts_medium,0,7,3,0,2,13,11,3,8,0.09,1,0.9560439560439561,0.08080808080808081,2,3,2,3.3333333333333335,6
griddly,mcts_medium,200,30,1.4142135623730951,medium,baseline,medium_plus,many,open,medium_plus,many,low,3,2,player_hp,3,120,11,25,36,ofat_real,ofat:factor=player_hp:value=3:size=medium:map_type=baseline:enemy_profile=medium_plus:item_profile=many:wall_profile=open:player_hp=3:enemy_hp=2:agent=mcts_medium,1,23,1,2,0,13,11,3,12,0.09,1,0.9655172413793104,0.12121212121212122,1,1,4,6.333333333333333,10
griddly,mcts_medium,200,30,1.4142135623730951,medium,baseline,medium_plus,many,open,medium_plus,many,low,3,2,player_hp,3,120,11,26,37,ofat_real,ofat:factor=player_hp:value=3:size=medium:map_type=baseline:enemy_profile=medium_plus:item_profile=many:wall_profile=open:player_hp=3:enemy_hp=2:agent=mcts_medium,0,7,3,0,3,13,11,3,15,0.09,1,0.9523809523809523,0.15151515151515152,3,3,4,9.0,12
griddly,mcts_medium,200,30,1.4142135623730951,medium,baseline,medium_plus,many,open,medium_plus,many,low,3,2,player_hp,3,120,11,27,38,ofat_real,ofat:factor=player_hp:value=3:size=medium:map_type=baseline:enemy_profile=medium_plus:item_profile=many:wall_profile=open:player_hp=3:enemy_hp=2:agent=mcts_medium,1,22,1,2,0,13,11,3,5,0.09,1,0.9680851063829787,0.050505050505050504,1,1,5,5.333333333333333,6
griddly,mcts_medium,200,30,1.4142135623730951,medium,baseline,medium_plus,many,open,medium_plus,many,low,3,2,player_hp,3,120,11,28,39,ofat_real,ofat:factor=player_hp:value=3:size=medium:map_type=baseline:enemy_profile=medium_plus:item_profile=many:wall_profile=open:player_hp=3:enemy_hp=2:agent=mcts_medium,1,20,1,2,0,13,11,3,11,0.09,1,0.9659090909090909,0.1111111111111111,3,5,2,5.0,7
griddly,mcts_medium,200,30,1.4142135623730951,medium,baseline,medium_plus,many,open,medium_plus,many,low,3,2,player_hp,3,120,11,29,40,ofat_real,ofat:factor=player_hp:value=3:size=medium:map_type=baseline:enemy_profile=medium_plus:item_profile=many:wall_profile=open:player_hp=3:enemy_hp=2:agent=mcts_medium,1,25,1,2,0,13,11,3,9,0.09,1,0.9555555555555556,0.09090909090909091,1,2,5,8.0,10
griddly,random,,,,medium,baseline,medium_plus,many,open,medium_plus,many,low,5,2,player_hp,5,120,11,0,11,ofat_real,ofat:factor=player_hp:value=5:size=medium:map_type=baseline:enemy_profile=medium_plus:item_profile=many:wall_profile=open:player_hp=5:enemy_hp=2:agent=random,0,12,5,0,3,13,11,3,16,0.09,1,0.963855421686747,0.16161616161616163,6,8,4,4.333333333333333,5
griddly,random,,,,medium,baseline,medium_plus,many,open,medium_plus,many,low,5,2,player_hp,5,120,11,1,12,ofat_real,ofat:factor=player_hp:value=5:size=medium:map_type=baseline:enemy_profile=medium_plus:item_profile=many:wall_profile=open:player_hp=5:enemy_hp=2:agent=random,0,10,5,0,2,13,11,3,7,0.09,1,0.967391304347826,0.0707070707070707,2,2,3,5.0,7
griddly,random,,,,medium,baseline,medium_plus,many,open,medium_plus,many,low,5,2,player_hp,5,120,11,2,13,ofat_real,ofat:factor=player_hp:value=5:size=medium:map_type=baseline:enemy_profile=medium_plus:item_profile=many:wall_profile=open:player_hp=5:enemy_hp=2:agent=random,0,22,5,0,1,13,11,3,8,0.09,1,0.967032967032967,0.08080808080808081,3,5,2,5.333333333333333,9
griddly,random,,,,medium,baseline,medium_plus,many,open,medium_plus,many,low,5,2,player_hp,5,120,11,3,14,ofat_real,ofat:factor=player_hp:value=5:size=medium:map_type=baseline:enemy_profile=medium_plus:item_profile=many:wall_profile=open:player_hp=5:enemy_hp=2:agent=random,0,14,5,0,3,13,11,3,6,0.09,1,0.967741935483871,0.06060606060606061,2,4,3,8.333333333333334,12
griddly,random,,,,medium,baseline,medium_plus,many,open,medium_plus,many,low,5,2,player_hp,5,120,11,4,15,ofat_real,ofat:factor=player_hp:value=5:size=medium:map_type=baseline:enemy_profile=medium_plus:item_profile=many:wall_profile=open:player_hp=5:enemy_hp=2:agent=random,1,26,4,1,0,13,11,3,8,0.09,1,0.967032967032967,0.08080808080808081,2,3,3,5.0,7
griddly,random,,,,medium,baseline,medium_plus,many,open,medium_plus,many,low,5,2,player_hp,5,120,11,5,16,ofat_real,ofat:factor=player_hp:value=5:size=medium:map_type=baseline:enemy_profile=medium_plus:item_profile=many:wall_profile=open:player_hp=5:enemy_hp=2:agent=random,0,27,5,0,1,13,11,3,10,0.09,1,0.9662921348314607,0.10101010101010101,5,10,7,8.666666666666666,10
griddly,random,,,,medium,baseline,medium_plus,many,open,medium_plus,many,low,5,2,player_hp,5,120,11,6,17,ofat_real,ofat:factor=player_hp:value=5:size=medium:map_type=baseline:enemy_profile=medium_plus:item_profile=many:wall_profile=open:player_hp=5:enemy_hp=2:agent=random,0,15,5,0,3,13,11,3,8,0.09,1,0.967032967032967,0.08080808080808081,2,4,6,10.0,13
griddly,random,,,,medium,baseline,medium_plus,many,open,medium_plus,many,low,5,2,player_hp,5,120,11,7,18,ofat_real,ofat:factor=player_hp:value=5:size=medium:map_type=baseline:enemy_profile=medium_plus:item_profile=many:wall_profile=open:player_hp=5:enemy_hp=2:agent=random,0,11,5,0,3,13,11,3,7,0.09,1,0.967391304347826,0.0707070707070707,1,1,7,7.666666666666667,8
griddly,random,,,,medium,baseline,medium_plus,many,open,medium_plus,many,low,5,2,player_hp,5,120,11,8,19,ofat_real,ofat:factor=player_hp:value=5:size=medium:map_type=baseline:enemy_profile=medium_plus:item_profile=many:wall_profile=open:player_hp=5:enemy_hp=2:agent=random,0,14,5,0,3,13,11,3,11,0.09,1,0.9659090909090909,0.1111111111111111,3,3,4,7.666666666666667,14
griddly,random,,,,medium,baseline,medium_plus,many,open,medium_plus,many,low,5,2,player_hp,5,120,11,9,20,ofat_real,ofat:factor=player_hp:value=5:size=medium:map_type=baseline:enemy_profile=medium_plus:item_profile=many:wall_profile=open:player_hp=5:enemy_hp=2:agent=random,0,14,5,0,2,13,11,3,11,0.09,1,0.9659090909090909,0.1111111111111111,2,3,6,8.333333333333334,11
griddly,random,,,,medium,baseline,medium_plus,many,open,medium_plus,many,low,5,2,player_hp,5,120,11,10,21,ofat_real,ofat:factor=player_hp:value=5:size=medium:map_type=baseline:enemy_profile=medium_plus:item_profile=many:wall_profile=open:player_hp=5:enemy_hp=2:agent=random,0,9,5,0,3,13,11,3,7,0.09,1,0.967391304347826,0.0707070707070707,2,2,3,5.333333333333333,9
griddly,random,,,,medium,baseline,medium_plus,many,open,medium_plus,many,low,5,2,player_hp,5,120,11,11,22,ofat_real,ofat:factor=player_hp:value=5:size=medium:map_type=baseline:enemy_profile=medium_plus:item_profile=many:wall_profile=open:player_hp=5:enemy_hp=2:agent=random,0,10,5,0,2,13,11,3,9,0.09,1,0.9666666666666667,0.09090909090909091,4,9,2,3.6666666666666665,7
griddly,random,,,,medium,baseline,medium_plus,many,open,medium_plus,many,low,5,2,player_hp,5,120,11,12,23,ofat_real,ofat:factor=player_hp:value=5:size=medium:map_type=baseline:enemy_profile=medium_plus:item_profile=many:wall_profile=open:player_hp=5:enemy_hp=2:agent=random,0,12,5,0,3,13,11,3,5,0.09,1,0.9680851063829787,0.050505050505050504,0,0,5,5.333333333333333,6
griddly,random,,,,medium,baseline,medium_plus,many,open,medium_plus,many,low,5,2,player_hp,5,120,11,13,24,ofat_real,ofat:factor=player_hp:value=5:size=medium:map_type=baseline:enemy_profile=medium_plus:item_profile=many:wall_profile=open:player_hp=5:enemy_hp=2:agent=random,0,14,5,0,3,13,11,3,8,0.09,1,0.967032967032967,0.08080808080808081,2,2,5,5.666666666666667,6
griddly,random,,,,medium,baseline,medium_plus,many,open,medium_plus,many,low,5,2,player_hp,5,120,11,14,25,ofat_real,ofat:factor=player_hp:value=5:size=medium:map_type=baseline:enemy_profile=medium_plus:item_profile=many:wall_profile=open:player_hp=5:enemy_hp=2:agent=random,0,27,5,0,1,13,11,3,14,0.09,1,0.9647058823529412,0.1414141414141414,2,3,6,7.333333333333333,8
griddly,random,,,,medium,baseline,medium_plus,many,open,medium_plus,many,low,5,2,player_hp,5,120,11,15,26,ofat_real,ofat:factor=player_hp:value=5:size=medium:map_type=baseline:enemy_profile=medium_plus:item_profile=many:wall_profile=open:player_hp=5:enemy_hp=2:agent=random,0,8,5,0,3,13,11,3,10,0.09,1,0.9662921348314607,0.10101010101010101,6,8,2,3.3333333333333335,6
griddly,random,,,,medium,baseline,medium_plus,many,open,medium_plus,many,low,5,2,player_hp,5,120,11,16,27,ofat_real,ofat:factor=player_hp:value=5:size=medium:map_type=baseline:enemy_profile=medium_plus:item_profile=many:wall_profile=open:player_hp=5:enemy_hp=2:agent=random,0,19,5,0,2,13,11,3,13,0.09,1,0.9534883720930233,0.13131313131313133,3,4,3,6.0,9
griddly,random,,,,medium,baseline,medium_plus,many,open,medium_plus,many,low,5,2,player_hp,5,120,11,17,28,ofat_real,ofat:factor=player_hp:value=5:size=medium:map_type=baseline:enemy_profile=medium_plus:item_profile=many:wall_profile=open:player_hp=5:enemy_hp=2:agent=random,0,16,5,0,2,13,11,3,12,0.09,1,0.9655172413793104,0.12121212121212122,5,5,6,7.0,8
griddly,random,,,,medium,baseline,medium_plus,many,open,medium_plus,many,low,5,2,player_hp,5,120,11,18,29,ofat_real,ofat:factor=player_hp:value=5:size=medium:map_type=baseline:enemy_profile=medium_plus:item_profile=many:wall_profile=open:player_hp=5:enemy_hp=2:agent=random,0,18,5,0,2,13,11,3,10,0.09,1,0.9662921348314607,0.10101010101010101,2,3,6,7.333333333333333,8
griddly,random,,,,medium,baseline,medium_plus,many,open,medium_plus,many,low,5,2,player_hp,5,120,11,19,30,ofat_real,ofat:factor=player_hp:value=5:size=medium:map_type=baseline:enemy_profile=medium_plus:item_profile=many:wall_profile=open:player_hp=5:enemy_hp=2:agent=random,0,9,5,0,3,13,11,3,7,0.09,1,0.967391304347826,0.0707070707070707,2,2,4,4.333333333333333,5
griddly,random,,,,medium,baseline,medium_plus,many,open,medium_plus,many,low,5,2,player_hp,5,120,11,20,31,ofat_real,ofat:factor=player_hp:value=5:size=medium:map_type=baseline:enemy_profile=medium_plus:item_profile=many:wall_profile=open:player_hp=5:enemy_hp=2:agent=random,0,13,5,0,3,13,11,3,6,0.09,1,0.967741935483871,0.06060606060606061,1,1,4,8.666666666666666,13
griddly,random,,,,medium,baseline,medium_plus,many,open,medium_plus,many,low,5,2,player_hp,5,120,11,21,32,ofat_real,ofat:factor=player_hp:value=5:size=medium:map_type=baseline:enemy_profile=medium_plus:item_profile=many:wall_profile=open:player_hp=5:enemy_hp=2:agent=random,0,19,5,0,1,13,11,3,12,0.09,1,0.9655172413793104,0.12121212121212122,3,3,4,7.333333333333333,10
griddly,random,,,,medium,baseline,medium_plus,many,open,medium_plus,many,low,5,2,player_hp,5,120,11,22,33,ofat_real,ofat:factor=player_hp:value=5:size=medium:map_type=baseline:enemy_profile=medium_plus:item_profile=many:wall_profile=open:player_hp=5:enemy_hp=2:agent=random,0,14,5,0,3,13,11,3,10,0.09,1,0.9662921348314607,0.10101010101010101,0,0,5,7.0,11
griddly,random,,,,medium,baseline,medium_plus,many,open,medium_plus,many,low,5,2,player_hp,5,120,11,23,34,ofat_real,ofat:factor=player_hp:value=5:size=medium:map_type=baseline:enemy_profile=medium_plus:item_profile=many:wall_profile=open:player_hp=5:enemy_hp=2:agent=random,0,10,5,0,3,13,11,3,7,0.09,1,0.967391304347826,0.0707070707070707,2,4,4,7.666666666666667,14
griddly,random,,,,medium,baseline,medium_plus,many,open,medium_plus,many,low,5,2,player_hp,5,120,11,24,35,ofat_real,ofat:factor=player_hp:value=5:size=medium:map_type=baseline:enemy_profile=medium_plus:item_profile=many:wall_profile=open:player_hp=5:enemy_hp=2:agent=random,0,12,5,0,3,13,11,3,8,0.09,1,0.9560439560439561,0.08080808080808081,2,3,2,3.3333333333333335,6
griddly,random,,,,medium,baseline,medium_plus,many,open,medium_plus,many,low,5,2,player_hp,5,120,11,25,36,ofat_real,ofat:factor=player_hp:value=5:size=medium:map_type=baseline:enemy_profile=medium_plus:item_profile=many:wall_profile=open:player_hp=5:enemy_hp=2:agent=random,0,11,5,0,3,13,11,3,12,0.09,1,0.9655172413793104,0.12121212121212122,1,1,4,6.333333333333333,10
griddly,random,,,,medium,baseline,medium_plus,many,open,medium_plus,many,low,5,2,player_hp,5,120,11,26,37,ofat_real,ofat:factor=player_hp:value=5:size=medium:map_type=baseline:enemy_profile=medium_plus:item_profile=many:wall_profile=open:player_hp=5:enemy_hp=2:agent=random,0,21,5,0,2,13,11,3,15,0.09,1,0.9523809523809523,0.15151515151515152,3,3,4,9.0,12
griddly,random,,,,medium,baseline,medium_plus,many,open,medium_plus,many,low,5,2,player_hp,5,120,11,27,38,ofat_real,ofat:factor=player_hp:value=5:size=medium:map_type=baseline:enemy_profile=medium_plus:item_profile=many:wall_profile=open:player_hp=5:enemy_hp=2:agent=random,0,13,5,0,2,13,11,3,5,0.09,1,0.9680851063829787,0.050505050505050504,1,1,5,5.333333333333333,6
griddly,random,,,,medium,baseline,medium_plus,many,open,medium_plus,many,low,5,2,player_hp,5,120,11,28,39,ofat_real,ofat:factor=player_hp:value=5:size=medium:map_type=baseline:enemy_profile=medium_plus:item_profile=many:wall_profile=open:player_hp=5:enemy_hp=2:agent=random,0,10,5,0,3,13,11,3,11,0.09,1,0.9659090909090909,0.1111111111111111,3,5,2,5.0,7
griddly,random,,,,medium,baseline,medium_plus,many,open,medium_plus,many,low,5,2,player_hp,5,120,11,29,40,ofat_real,ofat:factor=player_hp:value=5:size=medium:map_type=baseline:enemy_profile=medium_plus:item_profile=many:wall_profile=open:player_hp=5:enemy_hp=2:agent=random,0,21,5,0,1,13,11,3,9,0.09,1,0.9555555555555556,0.09090909090909091,1,2,5,8.0,10
griddly,heuristic,,,,medium,baseline,medium_plus,many,open,medium_plus,many,low,5,2,player_hp,5,120,11,0,11,ofat_real,ofat:factor=player_hp:value=5:size=medium:map_type=baseline:enemy_profile=medium_plus:item_profile=many:wall_profile=open:player_hp=5:enemy_hp=2:agent=heuristic,0,5,5,0,3,13,11,3,16,0.09,1,0.963855421686747,0.16161616161616163,6,8,4,4.333333333333333,5
griddly,heuristic,,,,medium,baseline,medium_plus,many,open,medium_plus,many,low,5,2,player_hp,5,120,11,1,12,ofat_real,ofat:factor=player_hp:value=5:size=medium:map_type=baseline:enemy_profile=medium_plus:item_profile=many:wall_profile=open:player_hp=5:enemy_hp=2:agent=heuristic,1,10,3,2,0,13,11,3,7,0.09,1,0.967391304347826,0.0707070707070707,2,2,3,5.0,7
griddly,heuristic,,,,medium,baseline,medium_plus,many,open,medium_plus,many,low,5,2,player_hp,5,120,11,2,13,ofat_real,ofat:factor=player_hp:value=5:size=medium:map_type=baseline:enemy_profile=medium_plus:item_profile=many:wall_profile=open:player_hp=5:enemy_hp=2:agent=heuristic,1,9,2,3,0,13,11,3,8,0.09,1,0.967032967032967,0.08080808080808081,3,5,2,5.333333333333333,9
griddly,heuristic,,,,medium,baseline,medium_plus,many,open,medium_plus,many,low,5,2,player_hp,5,120,11,3,14,ofat_real,ofat:factor=player_hp:value=5:size=medium:map_type=baseline:enemy_profile=medium_plus:item_profile=many:wall_profile=open:player_hp=5:enemy_hp=2:agent=heuristic,0,10,5,0,1,13,11,3,6,0.09,1,0.967741935483871,0.06060606060606061,2,4,3,8.333333333333334,12
griddly,heuristic,,,,medium,baseline,medium_plus,many,open,medium_plus,many,low,5,2,player_hp,5,120,11,4,15,ofat_real,ofat:factor=player_hp:value=5:size=medium:map_type=baseline:enemy_profile=medium_plus:item_profile=many:wall_profile=open:player_hp=5:enemy_hp=2:agent=heuristic,1,10,3,2,0,13,11,3,8,0.09,1,0.967032967032967,0.08080808080808081,2,3,3,5.0,7
griddly,heuristic,,,,medium,baseline,medium_plus,many,open,medium_plus,many,low,5,2,player_hp,5,120,11,5,16,ofat_real,ofat:factor=player_hp:value=5:size=medium:map_type=baseline:enemy_profile=medium_plus:item_profile=many:wall_profile=open:player_hp=5:enemy_hp=2:agent=heuristic,1,14,2,3,0,13,11,3,10,0.09,1,0.9662921348314607,0.10101010101010101,5,10,7,8.666666666666666,10
griddly,heuristic,,,,medium,baseline,medium_plus,many,open,medium_plus,many,low,5,2,player_hp,5,120,11,6,17,ofat_real,ofat:factor=player_hp:value=5:size=medium:map_type=baseline:enemy_profile=medium_plus:item_profile=many:wall_profile=open:player_hp=5:enemy_hp=2:agent=heuristic,1,12,4,1,0,13,11,3,8,0.09,1,0.967032967032967,0.08080808080808081,2,4,6,10.0,13
griddly,heuristic,,,,medium,baseline,medium_plus,many,open,medium_plus,many,low,5,2,player_hp,5,120,11,7,18,ofat_real,ofat:factor=player_hp:value=5:size=medium:map_type=baseline:enemy_profile=medium_plus:item_profile=many:wall_profile=open:player_hp=5:enemy_hp=2:agent=heuristic,1,12,3,2,0,13,11,3,7,0.09,1,0.967391304347826,0.0707070707070707,1,1,7,7.666666666666667,8
griddly,heuristic,,,,medium,baseline,medium_plus,many,open,medium_plus,many,low,5,2,player_hp,5,120,11,8,19,ofat_real,ofat:factor=player_hp:value=5:size=medium:map_type=baseline:enemy_profile=medium_plus:item_profile=many:wall_profile=open:player_hp=5:enemy_hp=2:agent=heuristic,0,6,5,0,2,13,11,3,11,0.09,1,0.9659090909090909,0.1111111111111111,3,3,4,7.666666666666667,14
griddly,heuristic,,,,medium,baseline,medium_plus,many,open,medium_plus,many,low,5,2,player_hp,5,120,11,9,20,ofat_real,ofat:factor=player_hp:value=5:size=medium:map_type=baseline:enemy_profile=medium_plus:item_profile=many:wall_profile=open:player_hp=5:enemy_hp=2:agent=heuristic,1,13,4,1,0,13,11,3,11,0.09,1,0.9659090909090909,0.1111111111111111,2,3,6,8.333333333333334,11
griddly,heuristic,,,,medium,baseline,medium_plus,many,open,medium_plus,many,low,5,2,player_hp,5,120,11,10,21,ofat_real,ofat:factor=player_hp:value=5:size=medium:map_type=baseline:enemy_profile=medium_plus:item_profile=many:wall_profile=open:player_hp=5:enemy_hp=2:agent=heuristic,1,8,2,3,0,13,11,3,7,0.09,1,0.967391304347826,0.0707070707070707,2,2,3,5.333333333333333,9
griddly,heuristic,,,,medium,baseline,medium_plus,many,open,medium_plus,many,low,5,2,player_hp,5,120,11,11,22,ofat_real,ofat:factor=player_hp:value=5:size=medium:map_type=baseline:enemy_profile=medium_plus:item_profile=many:wall_profile=open:player_hp=5:enemy_hp=2:agent=heuristic,1,10,3,2,0,13,11,3,9,0.09,1,0.9666666666666667,0.09090909090909091,4,9,2,3.6666666666666665,7
griddly,heuristic,,,,medium,baseline,medium_plus,many,open,medium_plus,many,low,5,2,player_hp,5,120,11,12,23,ofat_real,ofat:factor=player_hp:value=5:size=medium:map_type=baseline:enemy_profile=medium_plus:item_profile=many:wall_profile=open:player_hp=5:enemy_hp=2:agent=heuristic,1,11,4,1,0,13,11,3,5,0.09,1,0.9680851063829787,0.050505050505050504,0,0,5,5.333333333333333,6
griddly,heuristic,,,,medium,baseline,medium_plus,many,open,medium_plus,many,low,5,2,player_hp,5,120,11,13,24,ofat_real,ofat:factor=player_hp:value=5:size=medium:map_type=baseline:enemy_profile=medium_plus:item_profile=many:wall_profile=open:player_hp=5:enemy_hp=2:agent=heuristic,1,10,4,1,0,13,11,3,8,0.09,1,0.967032967032967,0.08080808080808081,2,2,5,5.666666666666667,6
griddly,heuristic,,,,medium,baseline,medium_plus,many,open,medium_plus,many,low,5,2,player_hp,5,120,11,14,25,ofat_real,ofat:factor=player_hp:value=5:size=medium:map_type=baseline:enemy_profile=medium_plus:item_profile=many:wall_profile=open:player_hp=5:enemy_hp=2:agent=heuristic,1,12,3,2,0,13,11,3,14,0.09,1,0.9647058823529412,0.1414141414141414,2,3,6,7.333333333333333,8
griddly,heuristic,,,,medium,baseline,medium_plus,many,open,medium_plus,many,low,5,2,player_hp,5,120,11,15,26,ofat_real,ofat:factor=player_hp:value=5:size=medium:map_type=baseline:enemy_profile=medium_plus:item_profile=many:wall_profile=open:player_hp=5:enemy_hp=2:agent=heuristic,1,9,4,1,0,13,11,3,10,0.09,1,0.9662921348314607,0.10101010101010101,6,8,2,3.3333333333333335,6
griddly,heuristic,,,,medium,baseline,medium_plus,many,open,medium_plus,many,low,5,2,player_hp,5,120,11,16,27,ofat_real,ofat:factor=player_hp:value=5:size=medium:map_type=baseline:enemy_profile=medium_plus:item_profile=many:wall_profile=open:player_hp=5:enemy_hp=2:agent=heuristic,1,12,4,1,0,13,11,3,13,0.09,1,0.9534883720930233,0.13131313131313133,3,4,3,6.0,9
griddly,heuristic,,,,medium,baseline,medium_plus,many,open,medium_plus,many,low,5,2,player_hp,5,120,11,17,28,ofat_real,ofat:factor=player_hp:value=5:size=medium:map_type=baseline:enemy_profile=medium_plus:item_profile=many:wall_profile=open:player_hp=5:enemy_hp=2:agent=heuristic,1,9,3,2,0,13,11,3,12,0.09,1,0.9655172413793104,0.12121212121212122,5,5,6,7.0,8
griddly,heuristic,,,,medium,baseline,medium_plus,many,open,medium_plus,many,low,5,2,player_hp,5,120,11,18,29,ofat_real,ofat:factor=player_hp:value=5:size=medium:map_type=baseline:enemy_profile=medium_plus:item_profile=many:wall_profile=open:player_hp=5:enemy_hp=2:agent=heuristic,1,10,4,1,0,13,11,3,10,0.09,1,0.9662921348314607,0.10101010101010101,2,3,6,7.333333333333333,8
griddly,heuristic,,,,medium,baseline,medium_plus,many,open,medium_plus,many,low,5,2,player_hp,5,120,11,19,30,ofat_real,ofat:factor=player_hp:value=5:size=medium:map_type=baseline:enemy_profile=medium_plus:item_profile=many:wall_profile=open:player_hp=5:enemy_hp=2:agent=heuristic,0,6,5,0,2,13,11,3,7,0.09,1,0.967391304347826,0.0707070707070707,2,2,4,4.333333333333333,5
griddly,heuristic,,,,medium,baseline,medium_plus,many,open,medium_plus,many,low,5,2,player_hp,5,120,11,20,31,ofat_real,ofat:factor=player_hp:value=5:size=medium:map_type=baseline:enemy_profile=medium_plus:item_profile=many:wall_profile=open:player_hp=5:enemy_hp=2:agent=heuristic,1,11,3,2,0,13,11,3,6,0.09,1,0.967741935483871,0.06060606060606061,1,1,4,8.666666666666666,13
griddly,heuristic,,,,medium,baseline,medium_plus,many,open,medium_plus,many,low,5,2,player_hp,5,120,11,21,32,ofat_real,ofat:factor=player_hp:value=5:size=medium:map_type=baseline:enemy_profile=medium_plus:item_profile=many:wall_profile=open:player_hp=5:enemy_hp=2:agent=heuristic,1,10,4,1,0,13,11,3,12,0.09,1,0.9655172413793104,0.12121212121212122,3,3,4,7.333333333333333,10
griddly,heuristic,,,,medium,baseline,medium_plus,many,open,medium_plus,many,low,5,2,player_hp,5,120,11,22,33,ofat_real,ofat:factor=player_hp:value=5:size=medium:map_type=baseline:enemy_profile=medium_plus:item_profile=many:wall_profile=open:player_hp=5:enemy_hp=2:agent=heuristic,1,10,3,2,0,13,11,3,10,0.09,1,0.9662921348314607,0.10101010101010101,0,0,5,7.0,11
griddly,heuristic,,,,medium,baseline,medium_plus,many,open,medium_plus,many,low,5,2,player_hp,5,120,11,23,34,ofat_real,ofat:factor=player_hp:value=5:size=medium:map_type=baseline:enemy_profile=medium_plus:item_profile=many:wall_profile=open:player_hp=5:enemy_hp=2:agent=heuristic,1,13,4,1,0,13,11,3,7,0.09,1,0.967391304347826,0.0707070707070707,2,4,4,7.666666666666667,14
griddly,heuristic,,,,medium,baseline,medium_plus,many,open,medium_plus,many,low,5,2,player_hp,5,120,11,24,35,ofat_real,ofat:factor=player_hp:value=5:size=medium:map_type=baseline:enemy_profile=medium_plus:item_profile=many:wall_profile=open:player_hp=5:enemy_hp=2:agent=heuristic,1,8,4,1,0,13,11,3,8,0.09,1,0.9560439560439561,0.08080808080808081,2,3,2,3.3333333333333335,6
griddly,heuristic,,,,medium,baseline,medium_plus,many,open,medium_plus,many,low,5,2,player_hp,5,120,11,25,36,ofat_real,ofat:factor=player_hp:value=5:size=medium:map_type=baseline:enemy_profile=medium_plus:item_profile=many:wall_profile=open:player_hp=5:enemy_hp=2:agent=heuristic,1,12,3,2,0,13,11,3,12,0.09,1,0.9655172413793104,0.12121212121212122,1,1,4,6.333333333333333,10
griddly,heuristic,,,,medium,baseline,medium_plus,many,open,medium_plus,many,low,5,2,player_hp,5,120,11,26,37,ofat_real,ofat:factor=player_hp:value=5:size=medium:map_type=baseline:enemy_profile=medium_plus:item_profile=many:wall_profile=open:player_hp=5:enemy_hp=2:agent=heuristic,1,12,4,1,0,13,11,3,15,0.09,1,0.9523809523809523,0.15151515151515152,3,3,4,9.0,12
griddly,heuristic,,,,medium,baseline,medium_plus,many,open,medium_plus,many,low,5,2,player_hp,5,120,11,27,38,ofat_real,ofat:factor=player_hp:value=5:size=medium:map_type=baseline:enemy_profile=medium_plus:item_profile=many:wall_profile=open:player_hp=5:enemy_hp=2:agent=heuristic,1,10,3,2,0,13,11,3,5,0.09,1,0.9680851063829787,0.050505050505050504,1,1,5,5.333333333333333,6
griddly,heuristic,,,,medium,baseline,medium_plus,many,open,medium_plus,many,low,5,2,player_hp,5,120,11,28,39,ofat_real,ofat:factor=player_hp:value=5:size=medium:map_type=baseline:enemy_profile=medium_plus:item_profile=many:wall_profile=open:player_hp=5:enemy_hp=2:agent=heuristic,0,8,5,0,1,13,11,3,11,0.09,1,0.9659090909090909,0.1111111111111111,3,5,2,5.0,7
griddly,heuristic,,,,medium,baseline,medium_plus,many,open,medium_plus,many,low,5,2,player_hp,5,120,11,29,40,ofat_real,ofat:factor=player_hp:value=5:size=medium:map_type=baseline:enemy_profile=medium_plus:item_profile=many:wall_profile=open:player_hp=5:enemy_hp=2:agent=heuristic,1,11,3,2,0,13,11,3,9,0.09,1,0.9555555555555556,0.09090909090909091,1,2,5,8.0,10
griddly,mcts_small,50,10,1.4142135623730951,medium,baseline,medium_plus,many,open,medium_plus,many,low,5,2,player_hp,5,120,11,0,11,ofat_real,ofat:factor=player_hp:value=5:size=medium:map_type=baseline:enemy_profile=medium_plus:item_profile=many:wall_profile=open:player_hp=5:enemy_hp=2:agent=mcts_small,1,17,2,3,0,13,11,3,16,0.09,1,0.963855421686747,0.16161616161616163,6,8,4,4.333333333333333,5
griddly,mcts_small,50,10,1.4142135623730951,medium,baseline,medium_plus,many,open,medium_plus,many,low,5,2,player_hp,5,120,11,1,12,ofat_real,ofat:factor=player_hp:value=5:size=medium:map_type=baseline:enemy_profile=medium_plus:item_profile=many:wall_profile=open:player_hp=5:enemy_hp=2:agent=mcts_small,1,19,2,3,0,13,11,3,7,0.09,1,0.967391304347826,0.0707070707070707,2,2,3,5.0,7
griddly,mcts_small,50,10,1.4142135623730951,medium,baseline,medium_plus,many,open,medium_plus,many,low,5,2,player_hp,5,120,11,2,13,ofat_real,ofat:factor=player_hp:value=5:size=medium:map_type=baseline:enemy_profile=medium_plus:item_profile=many:wall_profile=open:player_hp=5:enemy_hp=2:agent=mcts_small,1,22,3,2,0,13,11,3,8,0.09,1,0.967032967032967,0.08080808080808081,3,5,2,5.333333333333333,9
griddly,mcts_small,50,10,1.4142135623730951,medium,baseline,medium_plus,many,open,medium_plus,many,low,5,2,player_hp,5,120,11,3,14,ofat_real,ofat:factor=player_hp:value=5:size=medium:map_type=baseline:enemy_profile=medium_plus:item_profile=many:wall_profile=open:player_hp=5:enemy_hp=2:agent=mcts_small,0,16,5,0,2,13,11,3,6,0.09,1,0.967741935483871,0.06060606060606061,2,4,3,8.333333333333334,12
griddly,mcts_small,50,10,1.4142135623730951,medium,baseline,medium_plus,many,open,medium_plus,many,low,5,2,player_hp,5,120,11,4,15,ofat_real,ofat:factor=player_hp:value=5:size=medium:map_type=baseline:enemy_profile=medium_plus:item_profile=many:wall_profile=open:player_hp=5:enemy_hp=2:agent=mcts_small,1,13,3,2,0,13,11,3,8,0.09,1,0.967032967032967,0.08080808080808081,2,3,3,5.0,7
griddly,mcts_small,50,10,1.4142135623730951,medium,baseline,medium_plus,many,open,medium_plus,many,low,5,2,player_hp,5,120,11,5,16,ofat_real,ofat:factor=player_hp:value=5:size=medium:map_type=baseline:enemy_profile=medium_plus:item_profile=many:wall_profile=open:player_hp=5:enemy_hp=2:agent=mcts_small,1,25,2,3,0,13,11,3,10,0.09,1,0.9662921348314607,0.10101010101010101,5,10,7,8.666666666666666,10
griddly,mcts_small,50,10,1.4142135623730951,medium,baseline,medium_plus,many,open,medium_plus,many,low,5,2,player_hp,5,120,11,6,17,ofat_real,ofat:factor=player_hp:value=5:size=medium:map_type=baseline:enemy_profile=medium_plus:item_profile=many:wall_profile=open:player_hp=5:enemy_hp=2:agent=mcts_small,1,18,4,1,0,13,11,3,8,0.09,1,0.967032967032967,0.08080808080808081,2,4,6,10.0,13
griddly,mcts_small,50,10,1.4142135623730951,medium,baseline,medium_plus,many,open,medium_plus,many,low,5,2,player_hp,5,120,11,7,18,ofat_real,ofat:factor=player_hp:value=5:size=medium:map_type=baseline:enemy_profile=medium_plus:item_profile=many:wall_profile=open:player_hp=5:enemy_hp=2:agent=mcts_small,1,19,4,1,0,13,11,3,7,0.09,1,0.967391304347826,0.0707070707070707,1,1,7,7.666666666666667,8
griddly,mcts_small,50,10,1.4142135623730951,medium,baseline,medium_plus,many,open,medium_plus,many,low,5,2,player_hp,5,120,11,8,19,ofat_real,ofat:factor=player_hp:value=5:size=medium:map_type=baseline:enemy_profile=medium_plus:item_profile=many:wall_profile=open:player_hp=5:enemy_hp=2:agent=mcts_small,1,18,4,1,0,13,11,3,11,0.09,1,0.9659090909090909,0.1111111111111111,3,3,4,7.666666666666667,14
griddly,mcts_small,50,10,1.4142135623730951,medium,baseline,medium_plus,many,open,medium_plus,many,low,5,2,player_hp,5,120,11,9,20,ofat_real,ofat:factor=player_hp:value=5:size=medium:map_type=baseline:enemy_profile=medium_plus:item_profile=many:wall_profile=open:player_hp=5:enemy_hp=2:agent=mcts_small,1,18,3,2,0,13,11,3,11,0.09,1,0.9659090909090909,0.1111111111111111,2,3,6,8.333333333333334,11
griddly,mcts_small,50,10,1.4142135623730951,medium,baseline,medium_plus,many,open,medium_plus,many,low,5,2,player_hp,5,120,11,10,21,ofat_real,ofat:factor=player_hp:value=5:size=medium:map_type=baseline:enemy_profile=medium_plus:item_profile=many:wall_profile=open:player_hp=5:enemy_hp=2:agent=mcts_small,1,16,3,2,0,13,11,3,7,0.09,1,0.967391304347826,0.0707070707070707,2,2,3,5.333333333333333,9
griddly,mcts_small,50,10,1.4142135623730951,medium,baseline,medium_plus,many,open,medium_plus,many,low,5,2,player_hp,5,120,11,11,22,ofat_real,ofat:factor=player_hp:value=5:size=medium:map_type=baseline:enemy_profile=medium_plus:item_profile=many:wall_profile=open:player_hp=5:enemy_hp=2:agent=mcts_small,1,22,3,2,0,13,11,3,9,0.09,1,0.9666666666666667,0.09090909090909091,4,9,2,3.6666666666666665,7
griddly,mcts_small,50,10,1.4142135623730951,medium,baseline,medium_plus,many,open,medium_plus,many,low,5,2,player_hp,5,120,11,12,23,ofat_real,ofat:factor=player_hp:value=5:size=medium:map_type=baseline:enemy_profile=medium_plus:item_profile=many:wall_profile=open:player_hp=5:enemy_hp=2:agent=mcts_small,1,17,4,1,0,13,11,3,5,0.09,1,0.9680851063829787,0.050505050505050504,0,0,5,5.333333333333333,6
griddly,mcts_small,50,10,1.4142135623730951,medium,baseline,medium_plus,many,open,medium_plus,many,low,5,2,player_hp,5,120,11,13,24,ofat_real,ofat:factor=player_hp:value=5:size=medium:map_type=baseline:enemy_profile=medium_plus:item_profile=many:wall_profile=open:player_hp=5:enemy_hp=2:agent=mcts_small,1,20,3,2,0,13,11,3,8,0.09,1,0.967032967032967,0.08080808080808081,2,2,5,5.666666666666667,6
griddly,mcts_small,50,10,1.4142135623730951,medium,baseline,medium_plus,many,open,medium_plus,many,low,5,2,player_hp,5,120,11,14,25,ofat_real,ofat:factor=player_hp:value=5:size=medium:map_type=baseline:enemy_profile=medium_plus:item_profile=many:wall_profile=open:player_hp=5:enemy_hp=2:agent=mcts_small,1,20,3,2,0,13,11,3,14,0.09,1,0.9647058823529412,0.1414141414141414,2,3,6,7.333333333333333,8
griddly,mcts_small,50,10,1.4142135623730951,medium,baseline,medium_plus,many,open,medium_plus,many,low,5,2,player_hp,5,120,11,15,26,ofat_real,ofat:factor=player_hp:value=5:size=medium:map_type=baseline:enemy_profile=medium_plus:item_profile=many:wall_profile=open:player_hp=5:enemy_hp=2:agent=mcts_small,1,12,3,2,0,13,11,3,10,0.09,1,0.9662921348314607,0.10101010101010101,6,8,2,3.3333333333333335,6
griddly,mcts_small,50,10,1.4142135623730951,medium,baseline,medium_plus,many,open,medium_plus,many,low,5,2,player_hp,5,120,11,16,27,ofat_real,ofat:factor=player_hp:value=5:size=medium:map_type=baseline:enemy_profile=medium_plus:item_profile=many:wall_profile=open:player_hp=5:enemy_hp=2:agent=mcts_small,1,13,4,1,0,13,11,3,13,0.09,1,0.9534883720930233,0.13131313131313133,3,4,3,6.0,9
griddly,mcts_small,50,10,1.4142135623730951,medium,baseline,medium_plus,many,open,medium_plus,many,low,5,2,player_hp,5,120,11,17,28,ofat_real,ofat:factor=player_hp:value=5:size=medium:map_type=baseline:enemy_profile=medium_plus:item_profile=many:wall_profile=open:player_hp=5:enemy_hp=2:agent=mcts_small,1,30,4,1,0,13,11,3,12,0.09,1,0.9655172413793104,0.12121212121212122,5,5,6,7.0,8
griddly,mcts_small,50,10,1.4142135623730951,medium,baseline,medium_plus,many,open,medium_plus,many,low,5,2,player_hp,5,120,11,18,29,ofat_real,ofat:factor=player_hp:value=5:size=medium:map_type=baseline:enemy_profile=medium_plus:item_profile=many:wall_profile=open:player_hp=5:enemy_hp=2:agent=mcts_small,1,24,4,1,0,13,11,3,10,0.09,1,0.9662921348314607,0.10101010101010101,2,3,6,7.333333333333333,8
griddly,mcts_small,50,10,1.4142135623730951,medium,baseline,medium_plus,many,open,medium_plus,many,low,5,2,player_hp,5,120,11,19,30,ofat_real,ofat:factor=player_hp:value=5:size=medium:map_type=baseline:enemy_profile=medium_plus:item_profile=many:wall_profile=open:player_hp=5:enemy_hp=2:agent=mcts_small,1,15,3,2,0,13,11,3,7,0.09,1,0.967391304347826,0.0707070707070707,2,2,4,4.333333333333333,5
griddly,mcts_small,50,10,1.4142135623730951,medium,baseline,medium_plus,many,open,medium_plus,many,low,5,2,player_hp,5,120,11,20,31,ofat_real,ofat:factor=player_hp:value=5:size=medium:map_type=baseline:enemy_profile=medium_plus:item_profile=many:wall_profile=open:player_hp=5:enemy_hp=2:agent=mcts_small,0,15,5,0,2,13,11,3,6,0.09,1,0.967741935483871,0.06060606060606061,1,1,4,8.666666666666666,13
griddly,mcts_small,50,10,1.4142135623730951,medium,baseline,medium_plus,many,open,medium_plus,many,low,5,2,player_hp,5,120,11,21,32,ofat_real,ofat:factor=player_hp:value=5:size=medium:map_type=baseline:enemy_profile=medium_plus:item_profile=many:wall_profile=open:player_hp=5:enemy_hp=2:agent=mcts_small,1,16,3,2,0,13,11,3,12,0.09,1,0.9655172413793104,0.12121212121212122,3,3,4,7.333333333333333,10
griddly,mcts_small,50,10,1.4142135623730951,medium,baseline,medium_plus,many,open,medium_plus,many,low,5,2,player_hp,5,120,11,22,33,ofat_real,ofat:factor=player_hp:value=5:size=medium:map_type=baseline:enemy_profile=medium_plus:item_profile=many:wall_profile=open:player_hp=5:enemy_hp=2:agent=mcts_small,1,22,3,2,0,13,11,3,10,0.09,1,0.9662921348314607,0.10101010101010101,0,0,5,7.0,11
griddly,mcts_small,50,10,1.4142135623730951,medium,baseline,medium_plus,many,open,medium_plus,many,low,5,2,player_hp,5,120,11,23,34,ofat_real,ofat:factor=player_hp:value=5:size=medium:map_type=baseline:enemy_profile=medium_plus:item_profile=many:wall_profile=open:player_hp=5:enemy_hp=2:agent=mcts_small,1,21,2,3,0,13,11,3,7,0.09,1,0.967391304347826,0.0707070707070707,2,4,4,7.666666666666667,14
griddly,mcts_small,50,10,1.4142135623730951,medium,baseline,medium_plus,many,open,medium_plus,many,low,5,2,player_hp,5,120,11,24,35,ofat_real,ofat:factor=player_hp:value=5:size=medium:map_type=baseline:enemy_profile=medium_plus:item_profile=many:wall_profile=open:player_hp=5:enemy_hp=2:agent=mcts_small,1,11,4,1,0,13,11,3,8,0.09,1,0.9560439560439561,0.08080808080808081,2,3,2,3.3333333333333335,6
griddly,mcts_small,50,10,1.4142135623730951,medium,baseline,medium_plus,many,open,medium_plus,many,low,5,2,player_hp,5,120,11,25,36,ofat_real,ofat:factor=player_hp:value=5:size=medium:map_type=baseline:enemy_profile=medium_plus:item_profile=many:wall_profile=open:player_hp=5:enemy_hp=2:agent=mcts_small,1,18,1,4,0,13,11,3,12,0.09,1,0.9655172413793104,0.12121212121212122,1,1,4,6.333333333333333,10
griddly,mcts_small,50,10,1.4142135623730951,medium,baseline,medium_plus,many,open,medium_plus,many,low,5,2,player_hp,5,120,11,26,37,ofat_real,ofat:factor=player_hp:value=5:size=medium:map_type=baseline:enemy_profile=medium_plus:item_profile=many:wall_profile=open:player_hp=5:enemy_hp=2:agent=mcts_small,1,21,3,2,0,13,11,3,15,0.09,1,0.9523809523809523,0.15151515151515152,3,3,4,9.0,12
griddly,mcts_small,50,10,1.4142135623730951,medium,baseline,medium_plus,many,open,medium_plus,many,low,5,2,player_hp,5,120,11,27,38,ofat_real,ofat:factor=player_hp:value=5:size=medium:map_type=baseline:enemy_profile=medium_plus:item_profile=many:wall_profile=open:player_hp=5:enemy_hp=2:agent=mcts_small,1,21,4,1,0,13,11,3,5,0.09,1,0.9680851063829787,0.050505050505050504,1,1,5,5.333333333333333,6
griddly,mcts_small,50,10,1.4142135623730951,medium,baseline,medium_plus,many,open,medium_plus,many,low,5,2,player_hp,5,120,11,28,39,ofat_real,ofat:factor=player_hp:value=5:size=medium:map_type=baseline:enemy_profile=medium_plus:item_profile=many:wall_profile=open:player_hp=5:enemy_hp=2:agent=mcts_small,1,19,3,2,0,13,11,3,11,0.09,1,0.9659090909090909,0.1111111111111111,3,5,2,5.0,7
griddly,mcts_small,50,10,1.4142135623730951,medium,baseline,medium_plus,many,open,medium_plus,many,low,5,2,player_hp,5,120,11,29,40,ofat_real,ofat:factor=player_hp:value=5:size=medium:map_type=baseline:enemy_profile=medium_plus:item_profile=many:wall_profile=open:player_hp=5:enemy_hp=2:agent=mcts_small,1,21,4,1,0,13,11,3,9,0.09,1,0.9555555555555556,0.09090909090909091,1,2,5,8.0,10
griddly,mcts_medium,200,30,1.4142135623730951,medium,baseline,medium_plus,many,open,medium_plus,many,low,5,2,player_hp,5,120,11,0,11,ofat_real,ofat:factor=player_hp:value=5:size=medium:map_type=baseline:enemy_profile=medium_plus:item_profile=many:wall_profile=open:player_hp=5:enemy_hp=2:agent=mcts_medium,1,15,1,4,0,13,11,3,16,0.09,1,0.963855421686747,0.16161616161616163,6,8,4,4.333333333333333,5
griddly,mcts_medium,200,30,1.4142135623730951,medium,baseline,medium_plus,many,open,medium_plus,many,low,5,2,player_hp,5,120,11,1,12,ofat_real,ofat:factor=player_hp:value=5:size=medium:map_type=baseline:enemy_profile=medium_plus:item_profile=many:wall_profile=open:player_hp=5:enemy_hp=2:agent=mcts_medium,1,14,4,1,0,13,11,3,7,0.09,1,0.967391304347826,0.0707070707070707,2,2,3,5.0,7
griddly,mcts_medium,200,30,1.4142135623730951,medium,baseline,medium_plus,many,open,medium_plus,many,low,5,2,player_hp,5,120,11,2,13,ofat_real,ofat:factor=player_hp:value=5:size=medium:map_type=baseline:enemy_profile=medium_plus:item_profile=many:wall_profile=open:player_hp=5:enemy_hp=2:agent=mcts_medium,1,12,2,3,0,13,11,3,8,0.09,1,0.967032967032967,0.08080808080808081,3,5,2,5.333333333333333,9
griddly,mcts_medium,200,30,1.4142135623730951,medium,baseline,medium_plus,many,open,medium_plus,many,low,5,2,player_hp,5,120,11,3,14,ofat_real,ofat:factor=player_hp:value=5:size=medium:map_type=baseline:enemy_profile=medium_plus:item_profile=many:wall_profile=open:player_hp=5:enemy_hp=2:agent=mcts_medium,1,17,3,2,0,13,11,3,6,0.09,1,0.967741935483871,0.06060606060606061,2,4,3,8.333333333333334,12
griddly,mcts_medium,200,30,1.4142135623730951,medium,baseline,medium_plus,many,open,medium_plus,many,low,5,2,player_hp,5,120,11,4,15,ofat_real,ofat:factor=player_hp:value=5:size=medium:map_type=baseline:enemy_profile=medium_plus:item_profile=many:wall_profile=open:player_hp=5:enemy_hp=2:agent=mcts_medium,1,14,2,3,0,13,11,3,8,0.09,1,0.967032967032967,0.08080808080808081,2,3,3,5.0,7
griddly,mcts_medium,200,30,1.4142135623730951,medium,baseline,medium_plus,many,open,medium_plus,many,low,5,2,player_hp,5,120,11,5,16,ofat_real,ofat:factor=player_hp:value=5:size=medium:map_type=baseline:enemy_profile=medium_plus:item_profile=many:wall_profile=open:player_hp=5:enemy_hp=2:agent=mcts_medium,1,21,2,3,0,13,11,3,10,0.09,1,0.9662921348314607,0.10101010101010101,5,10,7,8.666666666666666,10
griddly,mcts_medium,200,30,1.4142135623730951,medium,baseline,medium_plus,many,open,medium_plus,many,low,5,2,player_hp,5,120,11,6,17,ofat_real,ofat:factor=player_hp:value=5:size=medium:map_type=baseline:enemy_profile=medium_plus:item_profile=many:wall_profile=open:player_hp=5:enemy_hp=2:agent=mcts_medium,1,22,3,2,0,13,11,3,8,0.09,1,0.967032967032967,0.08080808080808081,2,4,6,10.0,13
griddly,mcts_medium,200,30,1.4142135623730951,medium,baseline,medium_plus,many,open,medium_plus,many,low,5,2,player_hp,5,120,11,7,18,ofat_real,ofat:factor=player_hp:value=5:size=medium:map_type=baseline:enemy_profile=medium_plus:item_profile=many:wall_profile=open:player_hp=5:enemy_hp=2:agent=mcts_medium,1,16,2,3,0,13,11,3,7,0.09,1,0.967391304347826,0.0707070707070707,1,1,7,7.666666666666667,8
griddly,mcts_medium,200,30,1.4142135623730951,medium,baseline,medium_plus,many,open,medium_plus,many,low,5,2,player_hp,5,120,11,8,19,ofat_real,ofat:factor=player_hp:value=5:size=medium:map_type=baseline:enemy_profile=medium_plus:item_profile=many:wall_profile=open:player_hp=5:enemy_hp=2:agent=mcts_medium,1,17,3,2,0,13,11,3,11,0.09,1,0.9659090909090909,0.1111111111111111,3,3,4,7.666666666666667,14
griddly,mcts_medium,200,30,1.4142135623730951,medium,baseline,medium_plus,many,open,medium_plus,many,low,5,2,player_hp,5,120,11,9,20,ofat_real,ofat:factor=player_hp:value=5:size=medium:map_type=baseline:enemy_profile=medium_plus:item_profile=many:wall_profile=open:player_hp=5:enemy_hp=2:agent=mcts_medium,1,32,4,1,0,13,11,3,11,0.09,1,0.9659090909090909,0.1111111111111111,2,3,6,8.333333333333334,11
griddly,mcts_medium,200,30,1.4142135623730951,medium,baseline,medium_plus,many,open,medium_plus,many,low,5,2,player_hp,5,120,11,10,21,ofat_real,ofat:factor=player_hp:value=5:size=medium:map_type=baseline:enemy_profile=medium_plus:item_profile=many:wall_profile=open:player_hp=5:enemy_hp=2:agent=mcts_medium,1,13,3,2,0,13,11,3,7,0.09,1,0.967391304347826,0.0707070707070707,2,2,3,5.333333333333333,9
griddly,mcts_medium,200,30,1.4142135623730951,medium,baseline,medium_plus,many,open,medium_plus,many,low,5,2,player_hp,5,120,11,11,22,ofat_real,ofat:factor=player_hp:value=5:size=medium:map_type=baseline:enemy_profile=medium_plus:item_profile=many:wall_profile=open:player_hp=5:enemy_hp=2:agent=mcts_medium,1,13,4,1,0,13,11,3,9,0.09,1,0.9666666666666667,0.09090909090909091,4,9,2,3.6666666666666665,7
griddly,mcts_medium,200,30,1.4142135623730951,medium,baseline,medium_plus,many,open,medium_plus,many,low,5,2,player_hp,5,120,11,12,23,ofat_real,ofat:factor=player_hp:value=5:size=medium:map_type=baseline:enemy_profile=medium_plus:item_profile=many:wall_profile=open:player_hp=5:enemy_hp=2:agent=mcts_medium,1,19,3,2,0,13,11,3,5,0.09,1,0.9680851063829787,0.050505050505050504,0,0,5,5.333333333333333,6
griddly,mcts_medium,200,30,1.4142135623730951,medium,baseline,medium_plus,many,open,medium_plus,many,low,5,2,player_hp,5,120,11,13,24,ofat_real,ofat:factor=player_hp:value=5:size=medium:map_type=baseline:enemy_profile=medium_plus:item_profile=many:wall_profile=open:player_hp=5:enemy_hp=2:agent=mcts_medium,1,11,3,2,0,13,11,3,8,0.09,1,0.967032967032967,0.08080808080808081,2,2,5,5.666666666666667,6
griddly,mcts_medium,200,30,1.4142135623730951,medium,baseline,medium_plus,many,open,medium_plus,many,low,5,2,player_hp,5,120,11,14,25,ofat_real,ofat:factor=player_hp:value=5:size=medium:map_type=baseline:enemy_profile=medium_plus:item_profile=many:wall_profile=open:player_hp=5:enemy_hp=2:agent=mcts_medium,1,30,2,3,0,13,11,3,14,0.09,1,0.9647058823529412,0.1414141414141414,2,3,6,7.333333333333333,8
griddly,mcts_medium,200,30,1.4142135623730951,medium,baseline,medium_plus,many,open,medium_plus,many,low,5,2,player_hp,5,120,11,15,26,ofat_real,ofat:factor=player_hp:value=5:size=medium:map_type=baseline:enemy_profile=medium_plus:item_profile=many:wall_profile=open:player_hp=5:enemy_hp=2:agent=mcts_medium,1,10,3,2,0,13,11,3,10,0.09,1,0.9662921348314607,0.10101010101010101,6,8,2,3.3333333333333335,6
griddly,mcts_medium,200,30,1.4142135623730951,medium,baseline,medium_plus,many,open,medium_plus,many,low,5,2,player_hp,5,120,11,16,27,ofat_real,ofat:factor=player_hp:value=5:size=medium:map_type=baseline:enemy_profile=medium_plus:item_profile=many:wall_profile=open:player_hp=5:enemy_hp=2:agent=mcts_medium,1,17,2,3,0,13,11,3,13,0.09,1,0.9534883720930233,0.13131313131313133,3,4,3,6.0,9
griddly,mcts_medium,200,30,1.4142135623730951,medium,baseline,medium_plus,many,open,medium_plus,many,low,5,2,player_hp,5,120,11,17,28,ofat_real,ofat:factor=player_hp:value=5:size=medium:map_type=baseline:enemy_profile=medium_plus:item_profile=many:wall_profile=open:player_hp=5:enemy_hp=2:agent=mcts_medium,1,27,2,3,0,13,11,3,12,0.09,1,0.9655172413793104,0.12121212121212122,5,5,6,7.0,8
griddly,mcts_medium,200,30,1.4142135623730951,medium,baseline,medium_plus,many,open,medium_plus,many,low,5,2,player_hp,5,120,11,18,29,ofat_real,ofat:factor=player_hp:value=5:size=medium:map_type=baseline:enemy_profile=medium_plus:item_profile=many:wall_profile=open:player_hp=5:enemy_hp=2:agent=mcts_medium,1,17,4,1,0,13,11,3,10,0.09,1,0.9662921348314607,0.10101010101010101,2,3,6,7.333333333333333,8
griddly,mcts_medium,200,30,1.4142135623730951,medium,baseline,medium_plus,many,open,medium_plus,many,low,5,2,player_hp,5,120,11,19,30,ofat_real,ofat:factor=player_hp:value=5:size=medium:map_type=baseline:enemy_profile=medium_plus:item_profile=many:wall_profile=open:player_hp=5:enemy_hp=2:agent=mcts_medium,1,13,3,2,0,13,11,3,7,0.09,1,0.967391304347826,0.0707070707070707,2,2,4,4.333333333333333,5
griddly,mcts_medium,200,30,1.4142135623730951,medium,baseline,medium_plus,many,open,medium_plus,many,low,5,2,player_hp,5,120,11,20,31,ofat_real,ofat:factor=player_hp:value=5:size=medium:map_type=baseline:enemy_profile=medium_plus:item_profile=many:wall_profile=open:player_hp=5:enemy_hp=2:agent=mcts_medium,1,22,2,3,0,13,11,3,6,0.09,1,0.967741935483871,0.06060606060606061,1,1,4,8.666666666666666,13
griddly,mcts_medium,200,30,1.4142135623730951,medium,baseline,medium_plus,many,open,medium_plus,many,low,5,2,player_hp,5,120,11,21,32,ofat_real,ofat:factor=player_hp:value=5:size=medium:map_type=baseline:enemy_profile=medium_plus:item_profile=many:wall_profile=open:player_hp=5:enemy_hp=2:agent=mcts_medium,1,15,1,4,0,13,11,3,12,0.09,1,0.9655172413793104,0.12121212121212122,3,3,4,7.333333333333333,10
griddly,mcts_medium,200,30,1.4142135623730951,medium,baseline,medium_plus,many,open,medium_plus,many,low,5,2,player_hp,5,120,11,22,33,ofat_real,ofat:factor=player_hp:value=5:size=medium:map_type=baseline:enemy_profile=medium_plus:item_profile=many:wall_profile=open:player_hp=5:enemy_hp=2:agent=mcts_medium,1,18,3,2,0,13,11,3,10,0.09,1,0.9662921348314607,0.10101010101010101,0,0,5,7.0,11
griddly,mcts_medium,200,30,1.4142135623730951,medium,baseline,medium_plus,many,open,medium_plus,many,low,5,2,player_hp,5,120,11,23,34,ofat_real,ofat:factor=player_hp:value=5:size=medium:map_type=baseline:enemy_profile=medium_plus:item_profile=many:wall_profile=open:player_hp=5:enemy_hp=2:agent=mcts_medium,1,16,4,1,0,13,11,3,7,0.09,1,0.967391304347826,0.0707070707070707,2,4,4,7.666666666666667,14
griddly,mcts_medium,200,30,1.4142135623730951,medium,baseline,medium_plus,many,open,medium_plus,many,low,5,2,player_hp,5,120,11,24,35,ofat_real,ofat:factor=player_hp:value=5:size=medium:map_type=baseline:enemy_profile=medium_plus:item_profile=many:wall_profile=open:player_hp=5:enemy_hp=2:agent=mcts_medium,1,10,4,1,0,13,11,3,8,0.09,1,0.9560439560439561,0.08080808080808081,2,3,2,3.3333333333333335,6
griddly,mcts_medium,200,30,1.4142135623730951,medium,baseline,medium_plus,many,open,medium_plus,many,low,5,2,player_hp,5,120,11,25,36,ofat_real,ofat:factor=player_hp:value=5:size=medium:map_type=baseline:enemy_profile=medium_plus:item_profile=many:wall_profile=open:player_hp=5:enemy_hp=2:agent=mcts_medium,1,20,2,3,0,13,11,3,12,0.09,1,0.9655172413793104,0.12121212121212122,1,1,4,6.333333333333333,10
griddly,mcts_medium,200,30,1.4142135623730951,medium,baseline,medium_plus,many,open,medium_plus,many,low,5,2,player_hp,5,120,11,26,37,ofat_real,ofat:factor=player_hp:value=5:size=medium:map_type=baseline:enemy_profile=medium_plus:item_profile=many:wall_profile=open:player_hp=5:enemy_hp=2:agent=mcts_medium,1,31,2,3,0,13,11,3,15,0.09,1,0.9523809523809523,0.15151515151515152,3,3,4,9.0,12
griddly,mcts_medium,200,30,1.4142135623730951,medium,baseline,medium_plus,many,open,medium_plus,many,low,5,2,player_hp,5,120,11,27,38,ofat_real,ofat:factor=player_hp:value=5:size=medium:map_type=baseline:enemy_profile=medium_plus:item_profile=many:wall_profile=open:player_hp=5:enemy_hp=2:agent=mcts_medium,1,21,2,3,0,13,11,3,5,0.09,1,0.9680851063829787,0.050505050505050504,1,1,5,5.333333333333333,6
griddly,mcts_medium,200,30,1.4142135623730951,medium,baseline,medium_plus,many,open,medium_plus,many,low,5,2,player_hp,5,120,11,28,39,ofat_real,ofat:factor=player_hp:value=5:size=medium:map_type=baseline:enemy_profile=medium_plus:item_profile=many:wall_profile=open:player_hp=5:enemy_hp=2:agent=mcts_medium,1,14,3,2,0,13,11,3,11,0.09,1,0.9659090909090909,0.1111111111111111,3,5,2,5.0,7
griddly,mcts_medium,200,30,1.4142135623730951,medium,baseline,medium_plus,many,open,medium_plus,many,low,5,2,player_hp,5,120,11,29,40,ofat_real,ofat:factor=player_hp:value=5:size=medium:map_type=baseline:enemy_profile=medium_plus:item_profile=many:wall_profile=open:player_hp=5:enemy_hp=2:agent=mcts_medium,1,26,2,3,0,13,11,3,9,0.09,1,0.9555555555555556,0.09090909090909091,1,2,5,8.0,10
griddly,random,,,,medium,baseline,medium_plus,many,open,medium_plus,many,low,6,2,player_hp,6,120,11,0,11,ofat_real,ofat:factor=player_hp:value=6:size=medium:map_type=baseline:enemy_profile=medium_plus:item_profile=many:wall_profile=open:player_hp=6:enemy_hp=2:agent=random,0,12,6,0,3,13,11,3,16,0.09,1,0.963855421686747,0.16161616161616163,6,8,4,4.333333333333333,5
griddly,random,,,,medium,baseline,medium_plus,many,open,medium_plus,many,low,6,2,player_hp,6,120,11,1,12,ofat_real,ofat:factor=player_hp:value=6:size=medium:map_type=baseline:enemy_profile=medium_plus:item_profile=many:wall_profile=open:player_hp=6:enemy_hp=2:agent=random,0,12,6,0,1,13,11,3,7,0.09,1,0.967391304347826,0.0707070707070707,2,2,3,5.0,7
griddly,random,,,,medium,baseline,medium_plus,many,open,medium_plus,many,low,6,2,player_hp,6,120,11,2,13,ofat_real,ofat:factor=player_hp:value=6:size=medium:map_type=baseline:enemy_profile=medium_plus:item_profile=many:wall_profile=open:player_hp=6:enemy_hp=2:agent=random,0,32,6,0,1,13,11,3,8,0.09,1,0.967032967032967,0.08080808080808081,3,5,2,5.333333333333333,9
griddly,random,,,,medium,baseline,medium_plus,many,open,medium_plus,many,low,6,2,player_hp,6,120,11,3,14,ofat_real,ofat:factor=player_hp:value=6:size=medium:map_type=baseline:enemy_profile=medium_plus:item_profile=many:wall_profile=open:player_hp=6:enemy_hp=2:agent=random,0,15,6,0,3,13,11,3,6,0.09,1,0.967741935483871,0.06060606060606061,2,4,3,8.333333333333334,12
griddly,random,,,,medium,baseline,medium_plus,many,open,medium_plus,many,low,6,2,player_hp,6,120,11,4,15,ofat_real,ofat:factor=player_hp:value=6:size=medium:map_type=baseline:enemy_profile=medium_plus:item_profile=many:wall_profile=open:player_hp=6:enemy_hp=2:agent=random,1,26,4,2,0,13,11,3,8,0.09,1,0.967032967032967,0.08080808080808081,2,3,3,5.0,7
griddly,random,,,,medium,baseline,medium_plus,many,open,medium_plus,many,low,6,2,player_hp,6,120,11,5,16,ofat_real,ofat:factor=player_hp:value=6:size=medium:map_type=baseline:enemy_profile=medium_plus:item_profile=many:wall_profile=open:player_hp=6:enemy_hp=2:agent=random,1,29,5,1,0,13,11,3,10,0.09,1,0.9662921348314607,0.10101010101010101,5,10,7,8.666666666666666,10
griddly,random,,,,medium,baseline,medium_plus,many,open,medium_plus,many,low,6,2,player_hp,6,120,11,6,17,ofat_real,ofat:factor=player_hp:value=6:size=medium:map_type=baseline:enemy_profile=medium_plus:item_profile=many:wall_profile=open:player_hp=6:enemy_hp=2:agent=random,0,17,6,0,3,13,11,3,8,0.09,1,0.967032967032967,0.08080808080808081,2,4,6,10.0,13
griddly,random,,,,medium,baseline,medium_plus,many,open,medium_plus,many,low,6,2,player_hp,6,120,11,7,18,ofat_real,ofat:factor=player_hp:value=6:size=medium:map_type=baseline:enemy_profile=medium_plus:item_profile=many:wall_profile=open:player_hp=6:enemy_hp=2:agent=random,0,11,6,0,3,13,11,3,7,0.09,1,0.967391304347826,0.0707070707070707,1,1,7,7.666666666666667,8
griddly,random,,,,medium,baseline,medium_plus,many,open,medium_plus,many,low,6,2,player_hp,6,120,11,8,19,ofat_real,ofat:factor=player_hp:value=6:size=medium:map_type=baseline:enemy_profile=medium_plus:item_profile=many:wall_profile=open:player_hp=6:enemy_hp=2:agent=random,0,14,6,0,3,13,11,3,11,0.09,1,0.9659090909090909,0.1111111111111111,3,3,4,7.666666666666667,14
griddly,random,,,,medium,baseline,medium_plus,many,open,medium_plus,many,low,6,2,player_hp,6,120,11,9,20,ofat_real,ofat:factor=player_hp:value=6:size=medium:map_type=baseline:enemy_profile=medium_plus:item_profile=many:wall_profile=open:player_hp=6:enemy_hp=2:agent=random,0,16,6,0,2,13,11,3,11,0.09,1,0.9659090909090909,0.1111111111111111,2,3,6,8.333333333333334,11
griddly,random,,,,medium,baseline,medium_plus,many,open,medium_plus,many,low,6,2,player_hp,6,120,11,10,21,ofat_real,ofat:factor=player_hp:value=6:size=medium:map_type=baseline:enemy_profile=medium_plus:item_profile=many:wall_profile=open:player_hp=6:enemy_hp=2:agent=random,0,10,6,0,3,13,11,3,7,0.09,1,0.967391304347826,0.0707070707070707,2,2,3,5.333333333333333,9
griddly,random,,,,medium,baseline,medium_plus,many,open,medium_plus,many,low,6,2,player_hp,6,120,11,11,22,ofat_real,ofat:factor=player_hp:value=6:size=medium:map_type=baseline:enemy_profile=medium_plus:item_profile=many:wall_profile=open:player_hp=6:enemy_hp=2:agent=random,0,13,6,0,2,13,11,3,9,0.09,1,0.9666666666666667,0.09090909090909091,4,9,2,3.6666666666666665,7
griddly,random,,,,medium,baseline,medium_plus,many,open,medium_plus,many,low,6,2,player_hp,6,120,11,12,23,ofat_real,ofat:factor=player_hp:value=6:size=medium:map_type=baseline:enemy_profile=medium_plus:item_profile=many:wall_profile=open:player_hp=6:enemy_hp=2:agent=random,0,15,6,0,3,13,11,3,5,0.09,1,0.9680851063829787,0.050505050505050504,0,0,5,5.333333333333333,6
griddly,random,,,,medium,baseline,medium_plus,many,open,medium_plus,many,low,6,2,player_hp,6,120,11,13,24,ofat_real,ofat:factor=player_hp:value=6:size=medium:map_type=baseline:enemy_profile=medium_plus:item_profile=many:wall_profile=open:player_hp=6:enemy_hp=2:agent=random,0,18,6,0,3,13,11,3,8,0.09,1,0.967032967032967,0.08080808080808081,2,2,5,5.666666666666667,6
griddly,random,,,,medium,baseline,medium_plus,many,open,medium_plus,many,low,6,2,player_hp,6,120,11,14,25,ofat_real,ofat:factor=player_hp:value=6:size=medium:map_type=baseline:enemy_profile=medium_plus:item_profile=many:wall_profile=open:player_hp=6:enemy_hp=2:agent=random,1,28,5,1,0,13,11,3,14,0.09,1,0.9647058823529412,0.1414141414141414,2,3,6,7.333333333333333,8
griddly,random,,,,medium,baseline,medium_plus,many,open,medium_plus,many,low,6,2,player_hp,6,120,11,15,26,ofat_real,ofat:factor=player_hp:value=6:size=medium:map_type=baseline:enemy_profile=medium_plus:item_profile=many:wall_profile=open:player_hp=6:enemy_hp=2:agent=random,0,9,6,0,3,13,11,3,10,0.09,1,0.9662921348314607,0.10101010101010101,6,8,2,3.3333333333333335,6
griddly,random,,,,medium,baseline,medium_plus,many,open,medium_plus,many,low,6,2,player_hp,6,120,11,16,27,ofat_real,ofat:factor=player_hp:value=6:size=medium:map_type=baseline:enemy_profile=medium_plus:item_profile=many:wall_profile=open:player_hp=6:enemy_hp=2:agent=random,0,20,6,0,2,13,11,3,13,0.09,1,0.9534883720930233,0.13131313131313133,3,4,3,6.0,9
griddly,random,,,,medium,baseline,medium_plus,many,open,medium_plus,many,low,6,2,player_hp,6,120,11,17,28,ofat_real,ofat:factor=player_hp:value=6:size=medium:map_type=baseline:enemy_profile=medium_plus:item_profile=many:wall_profile=open:player_hp=6:enemy_hp=2:agent=random,0,16,6,0,2,13,11,3,12,0.09,1,0.9655172413793104,0.12121212121212122,5,5,6,7.0,8
griddly,random,,,,medium,baseline,medium_plus,many,open,medium_plus,many,low,6,2,player_hp,6,120,11,18,29,ofat_real,ofat:factor=player_hp:value=6:size=medium:map_type=baseline:enemy_profile=medium_plus:item_profile=many:wall_profile=open:player_hp=6:enemy_hp=2:agent=random,0,22,6,0,2,13,11,3,10,0.09,1,0.9662921348314607,0.10101010101010101,2,3,6,7.333333333333333,8
griddly,random,,,,medium,baseline,medium_plus,many,open,medium_plus,many,low,6,2,player_hp,6,120,11,19,30,ofat_real,ofat:factor=player_hp:value=6:size=medium:map_type=baseline:enemy_profile=medium_plus:item_profile=many:wall_profile=open:player_hp=6:enemy_hp=2:agent=random,0,10,6,0,3,13,11,3,7,0.09,1,0.967391304347826,0.0707070707070707,2,2,4,4.333333333333333,5
griddly,random,,,,medium,baseline,medium_plus,many,open,medium_plus,many,low,6,2,player_hp,6,120,11,20,31,ofat_real,ofat:factor=player_hp:value=6:size=medium:map_type=baseline:enemy_profile=medium_plus:item_profile=many:wall_profile=open:player_hp=6:enemy_hp=2:agent=random,0,15,6,0,3,13,11,3,6,0.09,1,0.967741935483871,0.06060606060606061,1,1,4,8.666666666666666,13
griddly,random,,,,medium,baseline,medium_plus,many,open,medium_plus,many,low,6,2,player_hp,6,120,11,21,32,ofat_real,ofat:factor=player_hp:value=6:size=medium:map_type=baseline:enemy_profile=medium_plus:item_profile=many:wall_profile=open:player_hp=6:enemy_hp=2:agent=random,0,21,6,0,1,13,11,3,12,0.09,1,0.9655172413793104,0.12121212121212122,3,3,4,7.333333333333333,10
griddly,random,,,,medium,baseline,medium_plus,many,open,medium_plus,many,low,6,2,player_hp,6,120,11,22,33,ofat_real,ofat:factor=player_hp:value=6:size=medium:map_type=baseline:enemy_profile=medium_plus:item_profile=many:wall_profile=open:player_hp=6:enemy_hp=2:agent=random,0,16,6,0,2,13,11,3,10,0.09,1,0.9662921348314607,0.10101010101010101,0,0,5,7.0,11
griddly,random,,,,medium,baseline,medium_plus,many,open,medium_plus,many,low,6,2,player_hp,6,120,11,23,34,ofat_real,ofat:factor=player_hp:value=6:size=medium:map_type=baseline:enemy_profile=medium_plus:item_profile=many:wall_profile=open:player_hp=6:enemy_hp=2:agent=random,0,11,6,0,2,13,11,3,7,0.09,1,0.967391304347826,0.0707070707070707,2,4,4,7.666666666666667,14
griddly,random,,,,medium,baseline,medium_plus,many,open,medium_plus,many,low,6,2,player_hp,6,120,11,24,35,ofat_real,ofat:factor=player_hp:value=6:size=medium:map_type=baseline:enemy_profile=medium_plus:item_profile=many:wall_profile=open:player_hp=6:enemy_hp=2:agent=random,0,14,6,0,3,13,11,3,8,0.09,1,0.9560439560439561,0.08080808080808081,2,3,2,3.3333333333333335,6
griddly,random,,,,medium,baseline,medium_plus,many,open,medium_plus,many,low,6,2,player_hp,6,120,11,25,36,ofat_real,ofat:factor=player_hp:value=6:size=medium:map_type=baseline:enemy_profile=medium_plus:item_profile=many:wall_profile=open:player_hp=6:enemy_hp=2:agent=random,0,13,6,0,3,13,11,3,12,0.09,1,0.9655172413793104,0.12121212121212122,1,1,4,6.333333333333333,10
griddly,random,,,,medium,baseline,medium_plus,many,open,medium_plus,many,low,6,2,player_hp,6,120,11,26,37,ofat_real,ofat:factor=player_hp:value=6:size=medium:map_type=baseline:enemy_profile=medium_plus:item_profile=many:wall_profile=open:player_hp=6:enemy_hp=2:agent=random,0,29,6,0,1,13,11,3,15,0.09,1,0.9523809523809523,0.15151515151515152,3,3,4,9.0,12
griddly,random,,,,medium,baseline,medium_plus,many,open,medium_plus,many,low,6,2,player_hp,6,120,11,27,38,ofat_real,ofat:factor=player_hp:value=6:size=medium:map_type=baseline:enemy_profile=medium_plus:item_profile=many:wall_profile=open:player_hp=6:enemy_hp=2:agent=random,0,13,6,0,2,13,11,3,5,0.09,1,0.9680851063829787,0.050505050505050504,1,1,5,5.333333333333333,6
griddly,random,,,,medium,baseline,medium_plus,many,open,medium_plus,many,low,6,2,player_hp,6,120,11,28,39,ofat_real,ofat:factor=player_hp:value=6:size=medium:map_type=baseline:enemy_profile=medium_plus:item_profile=many:wall_profile=open:player_hp=6:enemy_hp=2:agent=random,0,10,6,0,3,13,11,3,11,0.09,1,0.9659090909090909,0.1111111111111111,3,5,2,5.0,7
griddly,random,,,,medium,baseline,medium_plus,many,open,medium_plus,many,low,6,2,player_hp,6,120,11,29,40,ofat_real,ofat:factor=player_hp:value=6:size=medium:map_type=baseline:enemy_profile=medium_plus:item_profile=many:wall_profile=open:player_hp=6:enemy_hp=2:agent=random,0,23,6,0,1,13,11,3,9,0.09,1,0.9555555555555556,0.09090909090909091,1,2,5,8.0,10
griddly,heuristic,,,,medium,baseline,medium_plus,many,open,medium_plus,many,low,6,2,player_hp,6,120,11,0,11,ofat_real,ofat:factor=player_hp:value=6:size=medium:map_type=baseline:enemy_profile=medium_plus:item_profile=many:wall_profile=open:player_hp=6:enemy_hp=2:agent=heuristic,0,6,6,0,2,13,11,3,16,0.09,1,0.963855421686747,0.16161616161616163,6,8,4,4.333333333333333,5
griddly,heuristic,,,,medium,baseline,medium_plus,many,open,medium_plus,many,low,6,2,player_hp,6,120,11,1,12,ofat_real,ofat:factor=player_hp:value=6:size=medium:map_type=baseline:enemy_profile=medium_plus:item_profile=many:wall_profile=open:player_hp=6:enemy_hp=2:agent=heuristic,1,10,3,3,0,13,11,3,7,0.09,1,0.967391304347826,0.0707070707070707,2,2,3,5.0,7
griddly,heuristic,,,,medium,baseline,medium_plus,many,open,medium_plus,many,low,6,2,player_hp,6,120,11,2,13,ofat_real,ofat:factor=player_hp:value=6:size=medium:map_type=baseline:enemy_profile=medium_plus:item_profile=many:wall_profile=open:player_hp=6:enemy_hp=2:agent=heuristic,1,9,2,4,0,13,11,3,8,0.09,1,0.967032967032967,0.08080808080808081,3,5,2,5.333333333333333,9
griddly,heuristic,,,,medium,baseline,medium_plus,many,open,medium_plus,many,low,6,2,player_hp,6,120,11,3,14,ofat_real,ofat:factor=player_hp:value=6:size=medium:map_type=baseline:enemy_profile=medium_plus:item_profile=many:wall_profile=open:player_hp=6:enemy_hp=2:agent=heuristic,1,11,5,1,0,13,11,3,6,0.09,1,0.967741935483871,0.06060606060606061,2,4,3,8.333333333333334,12
griddly,heuristic,,,,medium,baseline,medium_plus,many,open,medium_plus,many,low,6,2,player_hp,6,120,11,4,15,ofat_real,ofat:factor=player_hp:value=6:size=medium:map_type=baseline:enemy_profile=medium_plus:item_profile=many:wall_profile=open:player_hp=6:enemy_hp=2:agent=heuristic,1,10,3,3,0,13,11,3,8,0.09,1,0.967032967032967,0.08080808080808081,2,3,3,5.0,7
griddly,heuristic,,,,medium,baseline,medium_plus,many,open,medium_plus,many,low,6,2,player_hp,6,120,11,5,16,ofat_real,ofat:factor=player_hp:value=6:size=medium:map_type=baseline:enemy_profile=medium_plus:item_profile=many:wall_profile=open:player_hp=6:enemy_hp=2:agent=heuristic,1,14,2,4,0,13,11,3,10,0.09,1,0.9662921348314607,0.10101010101010101,5,10,7,8.666666666666666,10
griddly,heuristic,,,,medium,baseline,medium_plus,many,open,medium_plus,many,low,6,2,player_hp,6,120,11,6,17,ofat_real,ofat:factor=player_hp:value=6:size=medium:map_type=baseline:enemy_profile=medium_plus:item_profile=many:wall_profile=open:player_hp=6:enemy_hp=2:agent=heuristic,1,12,4,2,0,13,11,3,8,0.09,1,0.967032967032967,0.08080808080808081,2,4,6,10.0,13
griddly,heuristic,,,,medium,baseline,medium_plus,many,open,medium_plus,many,low,6,2,player_hp,6,120,11,7,18,ofat_real,ofat:factor=player_hp:value=6:size=medium:map_type=baseline:enemy_profile=medium_plus:item_profile=many:wall_profile=open:player_hp=6:enemy_hp=2:agent=heuristic,1,12,3,3,0,13,11,3,7,0.09,1,0.967391304347826,0.0707070707070707,1,1,7,7.666666666666667,8
griddly,heuristic,,,,medium,baseline,medium_plus,many,open,medium_plus,many,low,6,2,player_hp,6,120,11,8,19,ofat_real,ofat:factor=player_hp:value=6:size=medium:map_type=baseline:enemy_profile=medium_plus:item_profile=many:wall_profile=open:player_hp=6:enemy_hp=2:agent=heuristic,1,11,5,1,0,13,11,3,11,0.09,1,0.9659090909090909,0.1111111111111111,3,3,4,7.666666666666667,14
griddly,heuristic,,,,medium,baseline,medium_plus,many,open,medium_plus,many,low,6,2,player_hp,6,120,11,9,20,ofat_real,ofat:factor=player_hp:value=6:size=medium:map_type=baseline:enemy_profile=medium_plus:item_profile=many:wall_profile=open:player_hp=6:enemy_hp=2:agent=heuristic,1,13,4,2,0,13,11,3,11,0.09,1,0.9659090909090909,0.1111111111111111,2,3,6,8.333333333333334,11
griddly,heuristic,,,,medium,baseline,medium_plus,many,open,medium_plus,many,low,6,2,player_hp,6,120,11,10,21,ofat_real,ofat:factor=player_hp:value=6:size=medium:map_type=baseline:enemy_profile=medium_plus:item_profile=many:wall_profile=open:player_hp=6:enemy_hp=2:agent=heuristic,1,8,2,4,0,13,11,3,7,0.09,1,0.967391304347826,0.0707070707070707,2,2,3,5.333333333333333,9
griddly,heuristic,,,,medium,baseline,medium_plus,many,open,medium_plus,many,low,6,2,player_hp,6,120,11,11,22,ofat_real,ofat:factor=player_hp:value=6:size=medium:map_type=baseline:enemy_profile=medium_plus:item_profile=many:wall_profile=open:player_hp=6:enemy_hp=2:agent=heuristic,1,10,3,3,0,13,11,3,9,0.09,1,0.9666666666666667,0.09090909090909091,4,9,2,3.6666666666666665,7
griddly,heuristic,,,,medium,baseline,medium_plus,many,open,medium_plus,many,low,6,2,player_hp,6,120,11,12,23,ofat_real,ofat:factor=player_hp:value=6:size=medium:map_type=baseline:enemy_profile=medium_plus:item_profile=many:wall_profile=open:player_hp=6:enemy_hp=2:agent=heuristic,1,11,4,2,0,13,11,3,5,0.09,1,0.9680851063829787,0.050505050505050504,0,0,5,5.333333333333333,6
griddly,heuristic,,,,medium,baseline,medium_plus,many,open,medium_plus,many,low,6,2,player_hp,6,120,11,13,24,ofat_real,ofat:factor=player_hp:value=6:size=medium:map_type=baseline:enemy_profile=medium_plus:item_profile=many:wall_profile=open:player_hp=6:enemy_hp=2:agent=heuristic,1,10,4,2,0,13,11,3,8,0.09,1,0.967032967032967,0.08080808080808081,2,2,5,5.666666666666667,6
griddly,heuristic,,,,medium,baseline,medium_plus,many,open,medium_plus,many,low,6,2,player_hp,6,120,11,14,25,ofat_real,ofat:factor=player_hp:value=6:size=medium:map_type=baseline:enemy_profile=medium_plus:item_profile=many:wall_profile=open:player_hp=6:enemy_hp=2:agent=heuristic,1,12,3,3,0,13,11,3,14,0.09,1,0.9647058823529412,0.1414141414141414,2,3,6,7.333333333333333,8
griddly,heuristic,,,,medium,baseline,medium_plus,many,open,medium_plus,many,low,6,2,player_hp,6,120,11,15,26,ofat_real,ofat:factor=player_hp:value=6:size=medium:map_type=baseline:enemy_profile=medium_plus:item_profile=many:wall_profile=open:player_hp=6:enemy_hp=2:agent=heuristic,1,9,4,2,0,13,11,3,10,0.09,1,0.9662921348314607,0.10101010101010101,6,8,2,3.3333333333333335,6
griddly,heuristic,,,,medium,baseline,medium_plus,many,open,medium_plus,many,low,6,2,player_hp,6,120,11,16,27,ofat_real,ofat:factor=player_hp:value=6:size=medium:map_type=baseline:enemy_profile=medium_plus:item_profile=many:wall_profile=open:player_hp=6:enemy_hp=2:agent=heuristic,1,12,4,2,0,13,11,3,13,0.09,1,0.9534883720930233,0.13131313131313133,3,4,3,6.0,9
griddly,heuristic,,,,medium,baseline,medium_plus,many,open,medium_plus,many,low,6,2,player_hp,6,120,11,17,28,ofat_real,ofat:factor=player_hp:value=6:size=medium:map_type=baseline:enemy_profile=medium_plus:item_profile=many:wall_profile=open:player_hp=6:enemy_hp=2:agent=heuristic,1,9,3,3,0,13,11,3,12,0.09,1,0.9655172413793104,0.12121212121212122,5,5,6,7.0,8
griddly,heuristic,,,,medium,baseline,medium_plus,many,open,medium_plus,many,low,6,2,player_hp,6,120,11,18,29,ofat_real,ofat:factor=player_hp:value=6:size=medium:map_type=baseline:enemy_profile=medium_plus:item_profile=many:wall_profile=open:player_hp=6:enemy_hp=2:agent=heuristic,1,10,4,2,0,13,11,3,10,0.09,1,0.9662921348314607,0.10101010101010101,2,3,6,7.333333333333333,8
griddly,heuristic,,,,medium,baseline,medium_plus,many,open,medium_plus,many,low,6,2,player_hp,6,120,11,19,30,ofat_real,ofat:factor=player_hp:value=6:size=medium:map_type=baseline:enemy_profile=medium_plus:item_profile=many:wall_profile=open:player_hp=6:enemy_hp=2:agent=heuristic,0,9,6,0,1,13,11,3,7,0.09,1,0.967391304347826,0.0707070707070707,2,2,4,4.333333333333333,5
griddly,heuristic,,,,medium,baseline,medium_plus,many,open,medium_plus,many,low,6,2,player_hp,6,120,11,20,31,ofat_real,ofat:factor=player_hp:value=6:size=medium:map_type=baseline:enemy_profile=medium_plus:item_profile=many:wall_profile=open:player_hp=6:enemy_hp=2:agent=heuristic,1,11,3,3,0,13,11,3,6,0.09,1,0.967741935483871,0.06060606060606061,1,1,4,8.666666666666666,13
griddly,heuristic,,,,medium,baseline,medium_plus,many,open,medium_plus,many,low,6,2,player_hp,6,120,11,21,32,ofat_real,ofat:factor=player_hp:value=6:size=medium:map_type=baseline:enemy_profile=medium_plus:item_profile=many:wall_profile=open:player_hp=6:enemy_hp=2:agent=heuristic,1,10,4,2,0,13,11,3,12,0.09,1,0.9655172413793104,0.12121212121212122,3,3,4,7.333333333333333,10
griddly,heuristic,,,,medium,baseline,medium_plus,many,open,medium_plus,many,low,6,2,player_hp,6,120,11,22,33,ofat_real,ofat:factor=player_hp:value=6:size=medium:map_type=baseline:enemy_profile=medium_plus:item_profile=many:wall_profile=open:player_hp=6:enemy_hp=2:agent=heuristic,1,10,3,3,0,13,11,3,10,0.09,1,0.9662921348314607,0.10101010101010101,0,0,5,7.0,11
griddly,heuristic,,,,medium,baseline,medium_plus,many,open,medium_plus,many,low,6,2,player_hp,6,120,11,23,34,ofat_real,ofat:factor=player_hp:value=6:size=medium:map_type=baseline:enemy_profile=medium_plus:item_profile=many:wall_profile=open:player_hp=6:enemy_hp=2:agent=heuristic,1,13,4,2,0,13,11,3,7,0.09,1,0.967391304347826,0.0707070707070707,2,4,4,7.666666666666667,14
griddly,heuristic,,,,medium,baseline,medium_plus,many,open,medium_plus,many,low,6,2,player_hp,6,120,11,24,35,ofat_real,ofat:factor=player_hp:value=6:size=medium:map_type=baseline:enemy_profile=medium_plus:item_profile=many:wall_profile=open:player_hp=6:enemy_hp=2:agent=heuristic,1,8,4,2,0,13,11,3,8,0.09,1,0.9560439560439561,0.08080808080808081,2,3,2,3.3333333333333335,6
griddly,heuristic,,,,medium,baseline,medium_plus,many,open,medium_plus,many,low,6,2,player_hp,6,120,11,25,36,ofat_real,ofat:factor=player_hp:value=6:size=medium:map_type=baseline:enemy_profile=medium_plus:item_profile=many:wall_profile=open:player_hp=6:enemy_hp=2:agent=heuristic,1,12,3,3,0,13,11,3,12,0.09,1,0.9655172413793104,0.12121212121212122,1,1,4,6.333333333333333,10
griddly,heuristic,,,,medium,baseline,medium_plus,many,open,medium_plus,many,low,6,2,player_hp,6,120,11,26,37,ofat_real,ofat:factor=player_hp:value=6:size=medium:map_type=baseline:enemy_profile=medium_plus:item_profile=many:wall_profile=open:player_hp=6:enemy_hp=2:agent=heuristic,1,12,4,2,0,13,11,3,15,0.09,1,0.9523809523809523,0.15151515151515152,3,3,4,9.0,12
griddly,heuristic,,,,medium,baseline,medium_plus,many,open,medium_plus,many,low,6,2,player_hp,6,120,11,27,38,ofat_real,ofat:factor=player_hp:value=6:size=medium:map_type=baseline:enemy_profile=medium_plus:item_profile=many:wall_profile=open:player_hp=6:enemy_hp=2:agent=heuristic,1,10,3,3,0,13,11,3,5,0.09,1,0.9680851063829787,0.050505050505050504,1,1,5,5.333333333333333,6
griddly,heuristic,,,,medium,baseline,medium_plus,many,open,medium_plus,many,low,6,2,player_hp,6,120,11,28,39,ofat_real,ofat:factor=player_hp:value=6:size=medium:map_type=baseline:enemy_profile=medium_plus:item_profile=many:wall_profile=open:player_hp=6:enemy_hp=2:agent=heuristic,1,9,5,1,0,13,11,3,11,0.09,1,0.9659090909090909,0.1111111111111111,3,5,2,5.0,7
griddly,heuristic,,,,medium,baseline,medium_plus,many,open,medium_plus,many,low,6,2,player_hp,6,120,11,29,40,ofat_real,ofat:factor=player_hp:value=6:size=medium:map_type=baseline:enemy_profile=medium_plus:item_profile=many:wall_profile=open:player_hp=6:enemy_hp=2:agent=heuristic,1,11,3,3,0,13,11,3,9,0.09,1,0.9555555555555556,0.09090909090909091,1,2,5,8.0,10
griddly,mcts_small,50,10,1.4142135623730951,medium,baseline,medium_plus,many,open,medium_plus,many,low,6,2,player_hp,6,120,11,0,11,ofat_real,ofat:factor=player_hp:value=6:size=medium:map_type=baseline:enemy_profile=medium_plus:item_profile=many:wall_profile=open:player_hp=6:enemy_hp=2:agent=mcts_small,1,22,4,2,0,13,11,3,16,0.09,1,0.963855421686747,0.16161616161616163,6,8,4,4.333333333333333,5
griddly,mcts_small,50,10,1.4142135623730951,medium,baseline,medium_plus,many,open,medium_plus,many,low,6,2,player_hp,6,120,11,1,12,ofat_real,ofat:factor=player_hp:value=6:size=medium:map_type=baseline:enemy_profile=medium_plus:item_profile=many:wall_profile=open:player_hp=6:enemy_hp=2:agent=mcts_small,1,18,4,2,0,13,11,3,7,0.09,1,0.967391304347826,0.0707070707070707,2,2,3,5.0,7
griddly,mcts_small,50,10,1.4142135623730951,medium,baseline,medium_plus,many,open,medium_plus,many,low,6,2,player_hp,6,120,11,2,13,ofat_real,ofat:factor=player_hp:value=6:size=medium:map_type=baseline:enemy_profile=medium_plus:item_profile=many:wall_profile=open:player_hp=6:enemy_hp=2:agent=mcts_small,1,15,3,3,0,13,11,3,8,0.09,1,0.967032967032967,0.08080808080808081,3,5,2,5.333333333333333,9
griddly,mcts_small,50,10,1.4142135623730951,medium,baseline,medium_plus,many,open,medium_plus,many,low,6,2,player_hp,6,120,11,3,14,ofat_real,ofat:factor=player_hp:value=6:size=medium:map_type=baseline:enemy_profile=medium_plus:item_profile=many:wall_profile=open:player_hp=6:enemy_hp=2:agent=mcts_small,1,18,4,2,0,13,11,3,6,0.09,1,0.967741935483871,0.06060606060606061,2,4,3,8.333333333333334,12
griddly,mcts_small,50,10,1.4142135623730951,medium,baseline,medium_plus,many,open,medium_plus,many,low,6,2,player_hp,6,120,11,4,15,ofat_real,ofat:factor=player_hp:value=6:size=medium:map_type=baseline:enemy_profile=medium_plus:item_profile=many:wall_profile=open:player_hp=6:enemy_hp=2:agent=mcts_small,1,18,3,3,0,13,11,3,8,0.09,1,0.967032967032967,0.08080808080808081,2,3,3,5.0,7
griddly,mcts_small,50,10,1.4142135623730951,medium,baseline,medium_plus,many,open,medium_plus,many,low,6,2,player_hp,6,120,11,5,16,ofat_real,ofat:factor=player_hp:value=6:size=medium:map_type=baseline:enemy_profile=medium_plus:item_profile=many:wall_profile=open:player_hp=6:enemy_hp=2:agent=mcts_small,1,21,4,2,0,13,11,3,10,0.09,1,0.9662921348314607,0.10101010101010101,5,10,7,8.666666666666666,10
griddly,mcts_small,50,10,1.4142135623730951,medium,baseline,medium_plus,many,open,medium_plus,many,low,6,2,player_hp,6,120,11,6,17,ofat_real,ofat:factor=player_hp:value=6:size=medium:map_type=baseline:enemy_profile=medium_plus:item_profile=many:wall_profile=open:player_hp=6:enemy_hp=2:agent=mcts_small,1,23,4,2,0,13,11,3,8,0.09,1,0.967032967032967,0.08080808080808081,2,4,6,10.0,13
griddly,mcts_small,50,10,1.4142135623730951,medium,baseline,medium_plus,many,open,medium_plus,many,low,6,2,player_hp,6,120,11,7,18,ofat_real,ofat:factor=player_hp:value=6:size=medium:map_type=baseline:enemy_profile=medium_plus:item_profile=many:wall_profile=open:player_hp=6:enemy_hp=2:agent=mcts_small,1,17,3,3,0,13,11,3,7,0.09,1,0.967391304347826,0.0707070707070707,1,1,7,7.666666666666667,8
griddly,mcts_small,50,10,1.4142135623730951,medium,baseline,medium_plus,many,open,medium_plus,many,low,6,2,player_hp,6,120,11,8,19,ofat_real,ofat:factor=player_hp:value=6:size=medium:map_type=baseline:enemy_profile=medium_plus:item_profile=many:wall_profile=open:player_hp=6:enemy_hp=2:agent=mcts_small,0,22,6,0,1,13,11,3,11,0.09,1,0.9659090909090909,0.1111111111111111,3,3,4,7.666666666666667,14
griddly,mcts_small,50,10,1.4142135623730951,medium,baseline,medium_plus,many,open,medium_plus,many,low,6,2,player_hp,6,120,11,9,20,ofat_real,ofat:factor=player_hp:value=6:size=medium:map_type=baseline:enemy_profile=medium_plus:item_profile=many:wall_profile=open:player_hp=6:enemy_hp=2:agent=mcts_small,1,28,4,2,0,13,11,3,11,0.09,1,0.9659090909090909,0.1111111111111111,2,3,6,8.333333333333334,11
griddly,mcts_small,50,10,1.4142135623730951,medium,baseline,medium_plus,many,open,medium_plus,many,low,6,2,player_hp,6,120,11,10,21,ofat_real,ofat:factor=player_hp:value=6:size=medium:map_type=baseline:enemy_profile=medium_plus:item_profile=many:wall_profile=open:player_hp=6:enemy_hp=2:agent=mcts_small,1,22,4,2,0,13,11,3,7,0.09,1,0.967391304347826,0.0707070707070707,2,2,3,5.333333333333333,9
griddly,mcts_small,50,10,1.4142135623730951,medium,baseline,medium_plus,many,open,medium_plus,many,low,6,2,player_hp,6,120,11,11,22,ofat_real,ofat:factor=player_hp:value=6:size=medium:map_type=baseline:enemy_profile=medium_plus:item_profile=many:wall_profile=open:player_hp=6:enemy_hp=2:agent=mcts_small,1,18,5,1,0,13,11,3,9,0.09,1,0.9666666666666667,0.09090909090909091,4,9,2,3.6666666666666665,7
griddly,mcts_small,50,10,1.4142135623730951,medium,baseline,medium_plus,many,open,medium_plus,many,low,6,2,player_hp,6,120,11,12,23,ofat_real,ofat:factor=player_hp:value=6:size=medium:map_type=baseline:enemy_profile=medium_plus:item_profile=many:wall_profile=open:player_hp=6:enemy_hp=2:agent=mcts_small,1,19,5,1,0,13,11,3,5,0.09,1,0.9680851063829787,0.050505050505050504,0,0,5,5.333333333333333,6
griddly,mcts_small,50,10,1.4142135623730951,medium,baseline,medium_plus,many,open,medium_plus,many,low,6,2,player_hp,6,120,11,13,24,ofat_real,ofat:factor=player_hp:value=6:size=medium:map_type=baseline:enemy_profile=medium_plus:item_profile=many:wall_profile=open:player_hp=6:enemy_hp=2:agent=mcts_small,1,19,5,1,0,13,11,3,8,0.09,1,0.967032967032967,0.08080808080808081,2,2,5,5.666666666666667,6
griddly,mcts_small,50,10,1.4142135623730951,medium,baseline,medium_plus,many,open,medium_plus,many,low,6,2,player_hp,6,120,11,14,25,ofat_real,ofat:factor=player_hp:value=6:size=medium:map_type=baseline:enemy_profile=medium_plus:item_profile=many:wall_profile=open:player_hp=6:enemy_hp=2:agent=mcts_small,1,20,3,3,0,13,11,3,14,0.09,1,0.9647058823529412,0.1414141414141414,2,3,6,7.333333333333333,8
griddly,mcts_small,50,10,1.4142135623730951,medium,baseline,medium_plus,many,open,medium_plus,many,low,6,2,player_hp,6,120,11,15,26,ofat_real,ofat:factor=player_hp:value=6:size=medium:map_type=baseline:enemy_profile=medium_plus:item_profile=many:wall_profile=open:player_hp=6:enemy_hp=2:agent=mcts_small,1,17,3,3,0,13,11,3,10,0.09,1,0.9662921348314607,0.10101010101010101,6,8,2,3.3333333333333335,6
griddly,mcts_small,50,10,1.4142135623730951,medium,baseline,medium_plus,many,open,medium_plus,many,low,6,2,player_hp,6,120,11,16,27,ofat_real,ofat:factor=player_hp:value=6:size=medium:map_type=baseline:enemy_profile=medium_plus:item_profile=many:wall_profile=open:player_hp=6:enemy_hp=2:agent=mcts_small,1,23,5,1,0,13,11,3,13,0.09,1,0.9534883720930233,0.13131313131313133,3,4,3,6.0,9
griddly,mcts_small,50,10,1.4142135623730951,medium,baseline,medium_plus,many,open,medium_plus,many,low,6,2,player_hp,6,120,11,17,28,ofat_real,ofat:factor=player_hp:value=6:size=medium:map_type=baseline:enemy_profile=medium_plus:item_profile=many:wall_profile=open:player_hp=6:enemy_hp=2:agent=mcts_small,1,20,4,2,0,13,11,3,12,0.09,1,0.9655172413793104,0.12121212121212122,5,5,6,7.0,8
griddly,mcts_small,50,10,1.4142135623730951,medium,baseline,medium_plus,many,open,medium_plus,many,low,6,2,player_hp,6,120,11,18,29,ofat_real,ofat:factor=player_hp:value=6:size=medium:map_type=baseline:enemy_profile=medium_plus:item_profile=many:wall_profile=open:player_hp=6:enemy_hp=2:agent=mcts_small,1,27,3,3,0,13,11,3,10,0.09,1,0.9662921348314607,0.10101010101010101,2,3,6,7.333333333333333,8
griddly,mcts_small,50,10,1.4142135623730951,medium,baseline,medium_plus,many,open,medium_plus,many,low,6,2,player_hp,6,120,11,19,30,ofat_real,ofat:factor=player_hp:value=6:size=medium:map_type=baseline:enemy_profile=medium_plus:item_profile=many:wall_profile=open:player_hp=6:enemy_hp=2:agent=mcts_small,1,19,3,3,0,13,11,3,7,0.09,1,0.967391304347826,0.0707070707070707,2,2,4,4.333333333333333,5
griddly,mcts_small,50,10,1.4142135623730951,medium,baseline,medium_plus,many,open,medium_plus,many,low,6,2,player_hp,6,120,11,20,31,ofat_real,ofat:factor=player_hp:value=6:size=medium:map_type=baseline:enemy_profile=medium_plus:item_profile=many:wall_profile=open:player_hp=6:enemy_hp=2:agent=mcts_small,1,19,4,2,0,13,11,3,6,0.09,1,0.967741935483871,0.06060606060606061,1,1,4,8.666666666666666,13
griddly,mcts_small,50,10,1.4142135623730951,medium,baseline,medium_plus,many,open,medium_plus,many,low,6,2,player_hp,6,120,11,21,32,ofat_real,ofat:factor=player_hp:value=6:size=medium:map_type=baseline:enemy_profile=medium_plus:item_profile=many:wall_profile=open:player_hp=6:enemy_hp=2:agent=mcts_small,1,18,4,2,0,13,11,3,12,0.09,1,0.9655172413793104,0.12121212121212122,3,3,4,7.333333333333333,10
griddly,mcts_small,50,10,1.4142135623730951,medium,baseline,medium_plus,many,open,medium_plus,many,low,6,2,player_hp,6,120,11,22,33,ofat_real,ofat:factor=player_hp:value=6:size=medium:map_type=baseline:enemy_profile=medium_plus:item_profile=many:wall_profile=open:player_hp=6:enemy_hp=2:agent=mcts_small,1,17,4,2,0,13,11,3,10,0.09,1,0.9662921348314607,0.10101010101010101,0,0,5,7.0,11
griddly,mcts_small,50,10,1.4142135623730951,medium,baseline,medium_plus,many,open,medium_plus,many,low,6,2,player_hp,6,120,11,23,34,ofat_real,ofat:factor=player_hp:value=6:size=medium:map_type=baseline:enemy_profile=medium_plus:item_profile=many:wall_profile=open:player_hp=6:enemy_hp=2:agent=mcts_small,1,18,5,1,0,13,11,3,7,0.09,1,0.967391304347826,0.0707070707070707,2,4,4,7.666666666666667,14
griddly,mcts_small,50,10,1.4142135623730951,medium,baseline,medium_plus,many,open,medium_plus,many,low,6,2,player_hp,6,120,11,24,35,ofat_real,ofat:factor=player_hp:value=6:size=medium:map_type=baseline:enemy_profile=medium_plus:item_profile=many:wall_profile=open:player_hp=6:enemy_hp=2:agent=mcts_small,1,15,4,2,0,13,11,3,8,0.09,1,0.9560439560439561,0.08080808080808081,2,3,2,3.3333333333333335,6
griddly,mcts_small,50,10,1.4142135623730951,medium,baseline,medium_plus,many,open,medium_plus,many,low,6,2,player_hp,6,120,11,25,36,ofat_real,ofat:factor=player_hp:value=6:size=medium:map_type=baseline:enemy_profile=medium_plus:item_profile=many:wall_profile=open:player_hp=6:enemy_hp=2:agent=mcts_small,1,24,4,2,0,13,11,3,12,0.09,1,0.9655172413793104,0.12121212121212122,1,1,4,6.333333333333333,10
griddly,mcts_small,50,10,1.4142135623730951,medium,baseline,medium_plus,many,open,medium_plus,many,low,6,2,player_hp,6,120,11,26,37,ofat_real,ofat:factor=player_hp:value=6:size=medium:map_type=baseline:enemy_profile=medium_plus:item_profile=many:wall_profile=open:player_hp=6:enemy_hp=2:agent=mcts_small,1,17,5,1,0,13,11,3,15,0.09,1,0.9523809523809523,0.15151515151515152,3,3,4,9.0,12
griddly,mcts_small,50,10,1.4142135623730951,medium,baseline,medium_plus,many,open,medium_plus,many,low,6,2,player_hp,6,120,11,27,38,ofat_real,ofat:factor=player_hp:value=6:size=medium:map_type=baseline:enemy_profile=medium_plus:item_profile=many:wall_profile=open:player_hp=6:enemy_hp=2:agent=mcts_small,1,17,3,3,0,13,11,3,5,0.09,1,0.9680851063829787,0.050505050505050504,1,1,5,5.333333333333333,6
griddly,mcts_small,50,10,1.4142135623730951,medium,baseline,medium_plus,many,open,medium_plus,many,low,6,2,player_hp,6,120,11,28,39,ofat_real,ofat:factor=player_hp:value=6:size=medium:map_type=baseline:enemy_profile=medium_plus:item_profile=many:wall_profile=open:player_hp=6:enemy_hp=2:agent=mcts_small,1,16,4,2,0,13,11,3,11,0.09,1,0.9659090909090909,0.1111111111111111,3,5,2,5.0,7
griddly,mcts_small,50,10,1.4142135623730951,medium,baseline,medium_plus,many,open,medium_plus,many,low,6,2,player_hp,6,120,11,29,40,ofat_real,ofat:factor=player_hp:value=6:size=medium:map_type=baseline:enemy_profile=medium_plus:item_profile=many:wall_profile=open:player_hp=6:enemy_hp=2:agent=mcts_small,1,28,3,3,0,13,11,3,9,0.09,1,0.9555555555555556,0.09090909090909091,1,2,5,8.0,10
griddly,mcts_medium,200,30,1.4142135623730951,medium,baseline,medium_plus,many,open,medium_plus,many,low,6,2,player_hp,6,120,11,0,11,ofat_real,ofat:factor=player_hp:value=6:size=medium:map_type=baseline:enemy_profile=medium_plus:item_profile=many:wall_profile=open:player_hp=6:enemy_hp=2:agent=mcts_medium,1,18,3,3,0,13,11,3,16,0.09,1,0.963855421686747,0.16161616161616163,6,8,4,4.333333333333333,5
griddly,mcts_medium,200,30,1.4142135623730951,medium,baseline,medium_plus,many,open,medium_plus,many,low,6,2,player_hp,6,120,11,1,12,ofat_real,ofat:factor=player_hp:value=6:size=medium:map_type=baseline:enemy_profile=medium_plus:item_profile=many:wall_profile=open:player_hp=6:enemy_hp=2:agent=mcts_medium,1,18,3,3,0,13,11,3,7,0.09,1,0.967391304347826,0.0707070707070707,2,2,3,5.0,7
griddly,mcts_medium,200,30,1.4142135623730951,medium,baseline,medium_plus,many,open,medium_plus,many,low,6,2,player_hp,6,120,11,2,13,ofat_real,ofat:factor=player_hp:value=6:size=medium:map_type=baseline:enemy_profile=medium_plus:item_profile=many:wall_profile=open:player_hp=6:enemy_hp=2:agent=mcts_medium,1,12,4,2,0,13,11,3,8,0.09,1,0.967032967032967,0.08080808080808081,3,5,2,5.333333333333333,9
griddly,mcts_medium,200,30,1.4142135623730951,medium,baseline,medium_plus,many,open,medium_plus,many,low,6,2,player_hp,6,120,11,3,14,ofat_real,ofat:factor=player_hp:value=6:size=medium:map_type=baseline:enemy_profile=medium_plus:item_profile=many:wall_profile=open:player_hp=6:enemy_hp=2:agent=mcts_medium,1,23,3,3,0,13,11,3,6,0.09,1,0.967741935483871,0.06060606060606061,2,4,3,8.333333333333334,12
griddly,mcts_medium,200,30,1.4142135623730951,medium,baseline,medium_plus,many,open,medium_plus,many,low,6,2,player_hp,6,120,11,4,15,ofat_real,ofat:factor=player_hp:value=6:size=medium:map_type=baseline:enemy_profile=medium_plus:item_profile=many:wall_profile=open:player_hp=6:enemy_hp=2:agent=mcts_medium,1,9,1,5,0,13,11,3,8,0.09,1,0.967032967032967,0.08080808080808081,2,3,3,5.0,7
griddly,mcts_medium,200,30,1.4142135623730951,medium,baseline,medium_plus,many,open,medium_plus,many,low,6,2,player_hp,6,120,11,5,16,ofat_real,ofat:factor=player_hp:value=6:size=medium:map_type=baseline:enemy_profile=medium_plus:item_profile=many:wall_profile=open:player_hp=6:enemy_hp=2:agent=mcts_medium,1,19,3,3,0,13,11,3,10,0.09,1,0.9662921348314607,0.10101010101010101,5,10,7,8.666666666666666,10
griddly,mcts_medium,200,30,1.4142135623730951,medium,baseline,medium_plus,many,open,medium_plus,many,low,6,2,player_hp,6,120,11,6,17,ofat_real,ofat:factor=player_hp:value=6:size=medium:map_type=baseline:enemy_profile=medium_plus:item_profile=many:wall_profile=open:player_hp=6:enemy_hp=2:agent=mcts_medium,1,18,4,2,0,13,11,3,8,0.09,1,0.967032967032967,0.08080808080808081,2,4,6,10.0,13
griddly,mcts_medium,200,30,1.4142135623730951,medium,baseline,medium_plus,many,open,medium_plus,many,low,6,2,player_hp,6,120,11,7,18,ofat_real,ofat:factor=player_hp:value=6:size=medium:map_type=baseline:enemy_profile=medium_plus:item_profile=many:wall_profile=open:player_hp=6:enemy_hp=2:agent=mcts_medium,1,26,2,4,0,13,11,3,7,0.09,1,0.967391304347826,0.0707070707070707,1,1,7,7.666666666666667,8
griddly,mcts_medium,200,30,1.4142135623730951,medium,baseline,medium_plus,many,open,medium_plus,many,low,6,2,player_hp,6,120,11,8,19,ofat_real,ofat:factor=player_hp:value=6:size=medium:map_type=baseline:enemy_profile=medium_plus:item_profile=many:wall_profile=open:player_hp=6:enemy_hp=2:agent=mcts_medium,1,19,4,2,0,13,11,3,11,0.09,1,0.9659090909090909,0.1111111111111111,3,3,4,7.666666666666667,14
griddly,mcts_medium,200,30,1.4142135623730951,medium,baseline,medium_plus,many,open,medium_plus,many,low,6,2,player_hp,6,120,11,9,20,ofat_real,ofat:factor=player_hp:value=6:size=medium:map_type=baseline:enemy_profile=medium_plus:item_profile=many:wall_profile=open:player_hp=6:enemy_hp=2:agent=mcts_medium,1,33,4,2,0,13,11,3,11,0.09,1,0.9659090909090909,0.1111111111111111,2,3,6,8.333333333333334,11
griddly,mcts_medium,200,30,1.4142135623730951,medium,baseline,medium_plus,many,open,medium_plus,many,low,6,2,player_hp,6,120,11,10,21,ofat_real,ofat:factor=player_hp:value=6:size=medium:map_type=baseline:enemy_profile=medium_plus:item_profile=many:wall_profile=open:player_hp=6:enemy_hp=2:agent=mcts_medium,1,28,4,2,0,13,11,3,7,0.09,1,0.967391304347826,0.0707070707070707,2,2,3,5.333333333333333,9
griddly,mcts_medium,200,30,1.4142135623730951,medium,baseline,medium_plus,many,open,medium_plus,many,low,6,2,player_hp,6,120,11,11,22,ofat_real,ofat:factor=player_hp:value=6:size=medium:map_type=baseline:enemy_profile=medium_plus:item_profile=many:wall_profile=open:player_hp=6:enemy_hp=2:agent=mcts_medium,1,14,5,1,0,13,11,3,9,0.09,1,0.9666666666666667,0.09090909090909091,4,9,2,3.6666666666666665,7
griddly,mcts_medium,200,30,1.4142135623730951,medium,baseline,medium_plus,many,open,medium_plus,many,low,6,2,player_hp,6,120,11,12,23,ofat_real,ofat:factor=player_hp:value=6:size=medium:map_type=baseline:enemy_profile=medium_plus:item_profile=many:wall_profile=open:player_hp=6:enemy_hp=2:agent=mcts_medium,1,18,4,2,0,13,11,3,5,0.09,1,0.9680851063829787,0.050505050505050504,0,0,5,5.333333333333333,6
griddly,mcts_medium,200,30,1.4142135623730951,medium,baseline,medium_plus,many,open,medium_plus,many,low,6,2,player_hp,6,120,11,13,24,ofat_real,ofat:factor=player_hp:value=6:size=medium:map_type=baseline:enemy_profile=medium_plus:item_profile=many:wall_profile=open:player_hp=6:enemy_hp=2:agent=mcts_medium,1,19,3,3,0,13,11,3,8,0.09,1,0.967032967032967,0.08080808080808081,2,2,5,5.666666666666667,6
griddly,mcts_medium,200,30,1.4142135623730951,medium,baseline,medium_plus,many,open,medium_plus,many,low,6,2,player_hp,6,120,11,14,25,ofat_real,ofat:factor=player_hp:value=6:size=medium:map_type=baseline:enemy_profile=medium_plus:item_profile=many:wall_profile=open:player_hp=6:enemy_hp=2:agent=mcts_medium,1,20,4,2,0,13,11,3,14,0.09,1,0.9647058823529412,0.1414141414141414,2,3,6,7.333333333333333,8
griddly,mcts_medium,200,30,1.4142135623730951,medium,baseline,medium_plus,many,open,medium_plus,many,low,6,2,player_hp,6,120,11,15,26,ofat_real,ofat:factor=player_hp:value=6:size=medium:map_type=baseline:enemy_profile=medium_plus:item_profile=many:wall_profile=open:player_hp=6:enemy_hp=2:agent=mcts_medium,1,11,4,2,0,13,11,3,10,0.09,1,0.9662921348314607,0.10101010101010101,6,8,2,3.3333333333333335,6
griddly,mcts_medium,200,30,1.4142135623730951,medium,baseline,medium_plus,many,open,medium_plus,many,low,6,2,player_hp,6,120,11,16,27,ofat_real,ofat:factor=player_hp:value=6:size=medium:map_type=baseline:enemy_profile=medium_plus:item_profile=many:wall_profile=open:player_hp=6:enemy_hp=2:agent=mcts_medium,1,19,2,4,0,13,11,3,13,0.09,1,0.9534883720930233,0.13131313131313133,3,4,3,6.0,9
griddly,mcts_medium,200,30,1.4142135623730951,medium,baseline,medium_plus,many,open,medium_plus,many,low,6,2,player_hp,6,120,11,17,28,ofat_real,ofat:factor=player_hp:value=6:size=medium:map_type=baseline:enemy_profile=medium_plus:item_profile=many:wall_profile=open:player_hp=6:enemy_hp=2:agent=mcts_medium,1,24,3,3,0,13,11,3,12,0.09,1,0.9655172413793104,0.12121212121212122,5,5,6,7.0,8
griddly,mcts_medium,200,30,1.4142135623730951,medium,baseline,medium_plus,many,open,medium_plus,many,low,6,2,player_hp,6,120,11,18,29,ofat_real,ofat:factor=player_hp:value=6:size=medium:map_type=baseline:enemy_profile=medium_plus:item_profile=many:wall_profile=open:player_hp=6:enemy_hp=2:agent=mcts_medium,1,19,4,2,0,13,11,3,10,0.09,1,0.9662921348314607,0.10101010101010101,2,3,6,7.333333333333333,8
griddly,mcts_medium,200,30,1.4142135623730951,medium,baseline,medium_plus,many,open,medium_plus,many,low,6,2,player_hp,6,120,11,19,30,ofat_real,ofat:factor=player_hp:value=6:size=medium:map_type=baseline:enemy_profile=medium_plus:item_profile=many:wall_profile=open:player_hp=6:enemy_hp=2:agent=mcts_medium,1,14,4,2,0,13,11,3,7,0.09,1,0.967391304347826,0.0707070707070707,2,2,4,4.333333333333333,5
griddly,mcts_medium,200,30,1.4142135623730951,medium,baseline,medium_plus,many,open,medium_plus,many,low,6,2,player_hp,6,120,11,20,31,ofat_real,ofat:factor=player_hp:value=6:size=medium:map_type=baseline:enemy_profile=medium_plus:item_profile=many:wall_profile=open:player_hp=6:enemy_hp=2:agent=mcts_medium,1,18,3,3,0,13,11,3,6,0.09,1,0.967741935483871,0.06060606060606061,1,1,4,8.666666666666666,13
griddly,mcts_medium,200,30,1.4142135623730951,medium,baseline,medium_plus,many,open,medium_plus,many,low,6,2,player_hp,6,120,11,21,32,ofat_real,ofat:factor=player_hp:value=6:size=medium:map_type=baseline:enemy_profile=medium_plus:item_profile=many:wall_profile=open:player_hp=6:enemy_hp=2:agent=mcts_medium,1,14,4,2,0,13,11,3,12,0.09,1,0.9655172413793104,0.12121212121212122,3,3,4,7.333333333333333,10
griddly,mcts_medium,200,30,1.4142135623730951,medium,baseline,medium_plus,many,open,medium_plus,many,low,6,2,player_hp,6,120,11,22,33,ofat_real,ofat:factor=player_hp:value=6:size=medium:map_type=baseline:enemy_profile=medium_plus:item_profile=many:wall_profile=open:player_hp=6:enemy_hp=2:agent=mcts_medium,1,23,5,1,0,13,11,3,10,0.09,1,0.9662921348314607,0.10101010101010101,0,0,5,7.0,11
griddly,mcts_medium,200,30,1.4142135623730951,medium,baseline,medium_plus,many,open,medium_plus,many,low,6,2,player_hp,6,120,11,23,34,ofat_real,ofat:factor=player_hp:value=6:size=medium:map_type=baseline:enemy_profile=medium_plus:item_profile=many:wall_profile=open:player_hp=6:enemy_hp=2:agent=mcts_medium,1,17,3,3,0,13,11,3,7,0.09,1,0.967391304347826,0.0707070707070707,2,4,4,7.666666666666667,14
griddly,mcts_medium,200,30,1.4142135623730951,medium,baseline,medium_plus,many,open,medium_plus,many,low,6,2,player_hp,6,120,11,24,35,ofat_real,ofat:factor=player_hp:value=6:size=medium:map_type=baseline:enemy_profile=medium_plus:item_profile=many:wall_profile=open:player_hp=6:enemy_hp=2:agent=mcts_medium,1,19,3,3,0,13,11,3,8,0.09,1,0.9560439560439561,0.08080808080808081,2,3,2,3.3333333333333335,6
griddly,mcts_medium,200,30,1.4142135623730951,medium,baseline,medium_plus,many,open,medium_plus,many,low,6,2,player_hp,6,120,11,25,36,ofat_real,ofat:factor=player_hp:value=6:size=medium:map_type=baseline:enemy_profile=medium_plus:item_profile=many:wall_profile=open:player_hp=6:enemy_hp=2:agent=mcts_medium,1,12,4,2,0,13,11,3,12,0.09,1,0.9655172413793104,0.12121212121212122,1,1,4,6.333333333333333,10
griddly,mcts_medium,200,30,1.4142135623730951,medium,baseline,medium_plus,many,open,medium_plus,many,low,6,2,player_hp,6,120,11,26,37,ofat_real,ofat:factor=player_hp:value=6:size=medium:map_type=baseline:enemy_profile=medium_plus:item_profile=many:wall_profile=open:player_hp=6:enemy_hp=2:agent=mcts_medium,1,24,3,3,0,13,11,3,15,0.09,1,0.9523809523809523,0.15151515151515152,3,3,4,9.0,12
griddly,mcts_medium,200,30,1.4142135623730951,medium,baseline,medium_plus,many,open,medium_plus,many,low,6,2,player_hp,6,120,11,27,38,ofat_real,ofat:factor=player_hp:value=6:size=medium:map_type=baseline:enemy_profile=medium_plus:item_profile=many:wall_profile=open:player_hp=6:enemy_hp=2:agent=mcts_medium,1,15,3,3,0,13,11,3,5,0.09,1,0.9680851063829787,0.050505050505050504,1,1,5,5.333333333333333,6
griddly,mcts_medium,200,30,1.4142135623730951,medium,baseline,medium_plus,many,open,medium_plus,many,low,6,2,player_hp,6,120,11,28,39,ofat_real,ofat:factor=player_hp:value=6:size=medium:map_type=baseline:enemy_profile=medium_plus:item_profile=many:wall_profile=open:player_hp=6:enemy_hp=2:agent=mcts_medium,1,13,4,2,0,13,11,3,11,0.09,1,0.9659090909090909,0.1111111111111111,3,5,2,5.0,7
griddly,mcts_medium,200,30,1.4142135623730951,medium,baseline,medium_plus,many,open,medium_plus,many,low,6,2,player_hp,6,120,11,29,40,ofat_real,ofat:factor=player_hp:value=6:size=medium:map_type=baseline:enemy_profile=medium_plus:item_profile=many:wall_profile=open:player_hp=6:enemy_hp=2:agent=mcts_medium,1,23,4,2,0,13,11,3,9,0.09,1,0.9555555555555556,0.09090909090909091,1,2,5,8.0,10
griddly,random,,,,medium,baseline,medium_plus,many,open,medium_plus,many,low,4,1,enemy_hp,1,120,11,0,11,ofat_real,ofat:factor=enemy_hp:value=1:size=medium:map_type=baseline:enemy_profile=medium_plus:item_profile=many:wall_profile=open:player_hp=4:enemy_hp=1:agent=random,0,11,4,0,3,13,11,3,16,0.09,1,0.963855421686747,0.16161616161616163,6,8,4,4.333333333333333,5
griddly,random,,,,medium,baseline,medium_plus,many,open,medium_plus,many,low,4,1,enemy_hp,1,120,11,1,12,ofat_real,ofat:factor=enemy_hp:value=1:size=medium:map_type=baseline:enemy_profile=medium_plus:item_profile=many:wall_profile=open:player_hp=4:enemy_hp=1:agent=random,0,10,4,0,1,13,11,3,7,0.09,1,0.967391304347826,0.0707070707070707,2,2,3,5.0,7
griddly,random,,,,medium,baseline,medium_plus,many,open,medium_plus,many,low,4,1,enemy_hp,1,120,11,2,13,ofat_real,ofat:factor=enemy_hp:value=1:size=medium:map_type=baseline:enemy_profile=medium_plus:item_profile=many:wall_profile=open:player_hp=4:enemy_hp=1:agent=random,1,15,2,2,0,13,11,3,8,0.09,1,0.967032967032967,0.08080808080808081,3,5,2,5.333333333333333,9
griddly,random,,,,medium,baseline,medium_plus,many,open,medium_plus,many,low,4,1,enemy_hp,1,120,11,3,14,ofat_real,ofat:factor=enemy_hp:value=1:size=medium:map_type=baseline:enemy_profile=medium_plus:item_profile=many:wall_profile=open:player_hp=4:enemy_hp=1:agent=random,1,26,3,1,0,13,11,3,6,0.09,1,0.967741935483871,0.06060606060606061,2,4,3,8.333333333333334,12
griddly,random,,,,medium,baseline,medium_plus,many,open,medium_plus,many,low,4,1,enemy_hp,1,120,11,4,15,ofat_real,ofat:factor=enemy_hp:value=1:size=medium:map_type=baseline:enemy_profile=medium_plus:item_profile=many:wall_profile=open:player_hp=4:enemy_hp=1:agent=random,1,14,1,3,0,13,11,3,8,0.09,1,0.967032967032967,0.08080808080808081,2,3,3,5.0,7
griddly,random,,,,medium,baseline,medium_plus,many,open,medium_plus,many,low,4,1,enemy_hp,1,120,11,5,16,ofat_real,ofat:factor=enemy_hp:value=1:size=medium:map_type=baseline:enemy_profile=medium_plus:item_profile=many:wall_profile=open:player_hp=4:enemy_hp=1:agent=random,1,17,3,1,0,13,11,3,10,0.09,1,0.9662921348314607,0.10101010101010101,5,10,7,8.666666666666666,10
griddly,random,,,,medium,baseline,medium_plus,many,open,medium_plus,many,low,4,1,enemy_hp,1,120,11,6,17,ofat_real,ofat:factor=enemy_hp:value=1:size=medium:map_type=baseline:enemy_profile=medium_plus:item_profile=many:wall_profile=open:player_hp=4:enemy_hp=1:agent=random,0,15,4,0,2,13,11,3,8,0.09,1,0.967032967032967,0.08080808080808081,2,4,6,10.0,13
griddly,random,,,,medium,baseline,medium_plus,many,open,medium_plus,many,low,4,1,enemy_hp,1,120,11,7,18,ofat_real,ofat:factor=enemy_hp:value=1:size=medium:map_type=baseline:enemy_profile=medium_plus:item_profile=many:wall_profile=open:player_hp=4:enemy_hp=1:agent=random,0,18,4,0,1,13,11,3,7,0.09,1,0.967391304347826,0.0707070707070707,1,1,7,7.666666666666667,8
griddly,random,,,,medium,baseline,medium_plus,many,open,medium_plus,many,low,4,1,enemy_hp,1,120,11,8,19,ofat_real,ofat:factor=enemy_hp:value=1:size=medium:map_type=baseline:enemy_profile=medium_plus:item_profile=many:wall_profile=open:player_hp=4:enemy_hp=1:agent=random,1,24,1,3,0,13,11,3,11,0.09,1,0.9659090909090909,0.1111111111111111,3,3,4,7.666666666666667,14
griddly,random,,,,medium,baseline,medium_plus,many,open,medium_plus,many,low,4,1,enemy_hp,1,120,11,9,20,ofat_real,ofat:factor=enemy_hp:value=1:size=medium:map_type=baseline:enemy_profile=medium_plus:item_profile=many:wall_profile=open:player_hp=4:enemy_hp=1:agent=random,1,21,3,1,0,13,11,3,11,0.09,1,0.9659090909090909,0.1111111111111111,2,3,6,8.333333333333334,11
griddly,random,,,,medium,baseline,medium_plus,many,open,medium_plus,many,low,4,1,enemy_hp,1,120,11,10,21,ofat_real,ofat:factor=enemy_hp:value=1:size=medium:map_type=baseline:enemy_profile=medium_plus:item_profile=many:wall_profile=open:player_hp=4:enemy_hp=1:agent=random,0,9,4,0,2,13,11,3,7,0.09,1,0.967391304347826,0.0707070707070707,2,2,3,5.333333333333333,9
griddly,random,,,,medium,baseline,medium_plus,many,open,medium_plus,many,low,4,1,enemy_hp,1,120,11,11,22,ofat_real,ofat:factor=enemy_hp:value=1:size=medium:map_type=baseline:enemy_profile=medium_plus:item_profile=many:wall_profile=open:player_hp=4:enemy_hp=1:agent=random,1,27,3,1,0,13,11,3,9,0.09,1,0.9666666666666667,0.09090909090909091,4,9,2,3.6666666666666665,7
griddly,random,,,,medium,baseline,medium_plus,many,open,medium_plus,many,low,4,1,enemy_hp,1,120,11,12,23,ofat_real,ofat:factor=enemy_hp:value=1:size=medium:map_type=baseline:enemy_profile=medium_plus:item_profile=many:wall_profile=open:player_hp=4:enemy_hp=1:agent=random,0,12,4,0,2,13,11,3,5,0.09,1,0.9680851063829787,0.050505050505050504,0,0,5,5.333333333333333,6
griddly,random,,,,medium,baseline,medium_plus,many,open,medium_plus,many,low,4,1,enemy_hp,1,120,11,13,24,ofat_real,ofat:factor=enemy_hp:value=1:size=medium:map_type=baseline:enemy_profile=medium_plus:item_profile=many:wall_profile=open:player_hp=4:enemy_hp=1:agent=random,0,25,4,0,1,13,11,3,8,0.09,1,0.967032967032967,0.08080808080808081,2,2,5,5.666666666666667,6
griddly,random,,,,medium,baseline,medium_plus,many,open,medium_plus,many,low,4,1,enemy_hp,1,120,11,14,25,ofat_real,ofat:factor=enemy_hp:value=1:size=medium:map_type=baseline:enemy_profile=medium_plus:item_profile=many:wall_profile=open:player_hp=4:enemy_hp=1:agent=random,0,17,4,0,2,13,11,3,14,0.09,1,0.9647058823529412,0.1414141414141414,2,3,6,7.333333333333333,8
griddly,random,,,,medium,baseline,medium_plus,many,open,medium_plus,many,low,4,1,enemy_hp,1,120,11,15,26,ofat_real,ofat:factor=enemy_hp:value=1:size=medium:map_type=baseline:enemy_profile=medium_plus:item_profile=many:wall_profile=open:player_hp=4:enemy_hp=1:agent=random,1,13,3,1,0,13,11,3,10,0.09,1,0.9662921348314607,0.10101010101010101,6,8,2,3.3333333333333335,6
griddly,random,,,,medium,baseline,medium_plus,many,open,medium_plus,many,low,4,1,enemy_hp,1,120,11,16,27,ofat_real,ofat:factor=enemy_hp:value=1:size=medium:map_type=baseline:enemy_profile=medium_plus:item_profile=many:wall_profile=open:player_hp=4:enemy_hp=1:agent=random,0,28,4,0,1,13,11,3,13,0.09,1,0.9534883720930233,0.13131313131313133,3,4,3,6.0,9
griddly,random,,,,medium,baseline,medium_plus,many,open,medium_plus,many,low,4,1,enemy_hp,1,120,11,17,28,ofat_real,ofat:factor=enemy_hp:value=1:size=medium:map_type=baseline:enemy_profile=medium_plus:item_profile=many:wall_profile=open:player_hp=4:enemy_hp=1:agent=random,1,20,3,1,0,13,11,3,12,0.09,1,0.9655172413793104,0.12121212121212122,5,5,6,7.0,8
griddly,random,,,,medium,baseline,medium_plus,many,open,medium_plus,many,low,4,1,enemy_hp,1,120,11,18,29,ofat_real,ofat:factor=enemy_hp:value=1:size=medium:map_type=baseline:enemy_profile=medium_plus:item_profile=many:wall_profile=open:player_hp=4:enemy_hp=1:agent=random,1,31,1,3,0,13,11,3,10,0.09,1,0.9662921348314607,0.10101010101010101,2,3,6,7.333333333333333,8
griddly,random,,,,medium,baseline,medium_plus,many,open,medium_plus,many,low,4,1,enemy_hp,1,120,11,19,30,ofat_real,ofat:factor=enemy_hp:value=1:size=medium:map_type=baseline:enemy_profile=medium_plus:item_profile=many:wall_profile=open:player_hp=4:enemy_hp=1:agent=random,1,19,3,1,0,13,11,3,7,0.09,1,0.967391304347826,0.0707070707070707,2,2,4,4.333333333333333,5
griddly,random,,,,medium,baseline,medium_plus,many,open,medium_plus,many,low,4,1,enemy_hp,1,120,11,20,31,ofat_real,ofat:factor=enemy_hp:value=1:size=medium:map_type=baseline:enemy_profile=medium_plus:item_profile=many:wall_profile=open:player_hp=4:enemy_hp=1:agent=random,0,11,4,0,3,13,11,3,6,0.09,1,0.967741935483871,0.06060606060606061,1,1,4,8.666666666666666,13
griddly,random,,,,medium,baseline,medium_plus,many,open,medium_plus,many,low,4,1,enemy_hp,1,120,11,21,32,ofat_real,ofat:factor=enemy_hp:value=1:size=medium:map_type=baseline:enemy_profile=medium_plus:item_profile=many:wall_profile=open:player_hp=4:enemy_hp=1:agent=random,1,16,3,1,0,13,11,3,12,0.09,1,0.9655172413793104,0.12121212121212122,3,3,4,7.333333333333333,10
griddly,random,,,,medium,baseline,medium_plus,many,open,medium_plus,many,low,4,1,enemy_hp,1,120,11,22,33,ofat_real,ofat:factor=enemy_hp:value=1:size=medium:map_type=baseline:enemy_profile=medium_plus:item_profile=many:wall_profile=open:player_hp=4:enemy_hp=1:agent=random,1,22,3,1,0,13,11,3,10,0.09,1,0.9662921348314607,0.10101010101010101,0,0,5,7.0,11
griddly,random,,,,medium,baseline,medium_plus,many,open,medium_plus,many,low,4,1,enemy_hp,1,120,11,23,34,ofat_real,ofat:factor=enemy_hp:value=1:size=medium:map_type=baseline:enemy_profile=medium_plus:item_profile=many:wall_profile=open:player_hp=4:enemy_hp=1:agent=random,0,10,4,0,2,13,11,3,7,0.09,1,0.967391304347826,0.0707070707070707,2,4,4,7.666666666666667,14
griddly,random,,,,medium,baseline,medium_plus,many,open,medium_plus,many,low,4,1,enemy_hp,1,120,11,24,35,ofat_real,ofat:factor=enemy_hp:value=1:size=medium:map_type=baseline:enemy_profile=medium_plus:item_profile=many:wall_profile=open:player_hp=4:enemy_hp=1:agent=random,0,13,4,0,2,13,11,3,8,0.09,1,0.9560439560439561,0.08080808080808081,2,3,2,3.3333333333333335,6
griddly,random,,,,medium,baseline,medium_plus,many,open,medium_plus,many,low,4,1,enemy_hp,1,120,11,25,36,ofat_real,ofat:factor=enemy_hp:value=1:size=medium:map_type=baseline:enemy_profile=medium_plus:item_profile=many:wall_profile=open:player_hp=4:enemy_hp=1:agent=random,0,14,4,0,2,13,11,3,12,0.09,1,0.9655172413793104,0.12121212121212122,1,1,4,6.333333333333333,10
griddly,random,,,,medium,baseline,medium_plus,many,open,medium_plus,many,low,4,1,enemy_hp,1,120,11,26,37,ofat_real,ofat:factor=enemy_hp:value=1:size=medium:map_type=baseline:enemy_profile=medium_plus:item_profile=many:wall_profile=open:player_hp=4:enemy_hp=1:agent=random,1,32,3,1,0,13,11,3,15,0.09,1,0.9523809523809523,0.15151515151515152,3,3,4,9.0,12
griddly,random,,,,medium,baseline,medium_plus,many,open,medium_plus,many,low,4,1,enemy_hp,1,120,11,27,38,ofat_real,ofat:factor=enemy_hp:value=1:size=medium:map_type=baseline:enemy_profile=medium_plus:item_profile=many:wall_profile=open:player_hp=4:enemy_hp=1:agent=random,0,13,4,0,1,13,11,3,5,0.09,1,0.9680851063829787,0.050505050505050504,1,1,5,5.333333333333333,6
griddly,random,,,,medium,baseline,medium_plus,many,open,medium_plus,many,low,4,1,enemy_hp,1,120,11,28,39,ofat_real,ofat:factor=enemy_hp:value=1:size=medium:map_type=baseline:enemy_profile=medium_plus:item_profile=many:wall_profile=open:player_hp=4:enemy_hp=1:agent=random,1,16,3,1,0,13,11,3,11,0.09,1,0.9659090909090909,0.1111111111111111,3,5,2,5.0,7
griddly,random,,,,medium,baseline,medium_plus,many,open,medium_plus,many,low,4,1,enemy_hp,1,120,11,29,40,ofat_real,ofat:factor=enemy_hp:value=1:size=medium:map_type=baseline:enemy_profile=medium_plus:item_profile=many:wall_profile=open:player_hp=4:enemy_hp=1:agent=random,1,13,0,4,0,13,11,3,9,0.09,1,0.9555555555555556,0.09090909090909091,1,2,5,8.0,10
griddly,heuristic,,,,medium,baseline,medium_plus,many,open,medium_plus,many,low,4,1,enemy_hp,1,120,11,0,11,ofat_real,ofat:factor=enemy_hp:value=1:size=medium:map_type=baseline:enemy_profile=medium_plus:item_profile=many:wall_profile=open:player_hp=4:enemy_hp=1:agent=heuristic,1,6,2,2,0,13,11,3,16,0.09,1,0.963855421686747,0.16161616161616163,6,8,4,4.333333333333333,5
griddly,heuristic,,,,medium,baseline,medium_plus,many,open,medium_plus,many,low,4,1,enemy_hp,1,120,11,1,12,ofat_real,ofat:factor=enemy_hp:value=1:size=medium:map_type=baseline:enemy_profile=medium_plus:item_profile=many:wall_profile=open:player_hp=4:enemy_hp=1:agent=heuristic,1,7,0,4,0,13,11,3,7,0.09,1,0.967391304347826,0.0707070707070707,2,2,3,5.0,7
griddly,heuristic,,,,medium,baseline,medium_plus,many,open,medium_plus,many,low,4,1,enemy_hp,1,120,11,2,13,ofat_real,ofat:factor=enemy_hp:value=1:size=medium:map_type=baseline:enemy_profile=medium_plus:item_profile=many:wall_profile=open:player_hp=4:enemy_hp=1:agent=heuristic,1,8,1,3,0,13,11,3,8,0.09,1,0.967032967032967,0.08080808080808081,3,5,2,5.333333333333333,9
griddly,heuristic,,,,medium,baseline,medium_plus,many,open,medium_plus,many,low,4,1,enemy_hp,1,120,11,3,14,ofat_real,ofat:factor=enemy_hp:value=1:size=medium:map_type=baseline:enemy_profile=medium_plus:item_profile=many:wall_profile=open:player_hp=4:enemy_hp=1:agent=heuristic,1,12,1,3,0,13,11,3,6,0.09,1,0.967741935483871,0.06060606060606061,2,4,3,8.333333333333334,12
griddly,heuristic,,,,medium,baseline,medium_plus,many,open,medium_plus,many,low,4,1,enemy_hp,1,120,11,4,15,ofat_real,ofat:factor=enemy_hp:value=1:size=medium:map_type=baseline:enemy_profile=medium_plus:item_profile=many:wall_profile=open:player_hp=4:enemy_hp=1:agent=heuristic,1,9,1,3,0,13,11,3,8,0.09,1,0.967032967032967,0.08080808080808081,2,3,3,5.0,7
griddly,heuristic,,,,medium,baseline,medium_plus,many,open,medium_plus,many,low,4,1,enemy_hp,1,120,11,5,16,ofat_real,ofat:factor=enemy_hp:value=1:size=medium:map_type=baseline:enemy_profile=medium_plus:item_profile=many:wall_profile=open:player_hp=4:enemy_hp=1:agent=heuristic,1,12,1,3,0,13,11,3,10,0.09,1,0.9662921348314607,0.10101010101010101,5,10,7,8.666666666666666,10
griddly,heuristic,,,,medium,baseline,medium_plus,many,open,medium_plus,many,low,4,1,enemy_hp,1,120,11,6,17,ofat_real,ofat:factor=enemy_hp:value=1:size=medium:map_type=baseline:enemy_profile=medium_plus:item_profile=many:wall_profile=open:player_hp=4:enemy_hp=1:agent=heuristic,1,11,2,2,0,13,11,3,8,0.09,1,0.967032967032967,0.08080808080808081,2,4,6,10.0,13
griddly,heuristic,,,,medium,baseline,medium_plus,many,open,medium_plus,many,low,4,1,enemy_hp,1,120,11,7,18,ofat_real,ofat:factor=enemy_hp:value=1:size=medium:map_type=baseline:enemy_profile=medium_plus:item_profile=many:wall_profile=open:player_hp=4:enemy_hp=1:agent=heuristic,1,9,0,4,0,13,11,3,7,0.09,1,0.967391304347826,0.0707070707070707,1,1,7,7.666666666666667,8
griddly,heuristic,,,,medium,baseline,medium_plus,many,open,medium_plus,many,low,4,1,enemy_hp,1,120,11,8,19,ofat_real,ofat:factor=enemy_hp:value=1:size=medium:map_type=baseline:enemy_profile=medium_plus:item_profile=many:wall_profile=open:player_hp=4:enemy_hp=1:agent=heuristic,1,9,2,2,0,13,11,3,11,0.09,1,0.9659090909090909,0.1111111111111111,3,3,4,7.666666666666667,14
griddly,heuristic,,,,medium,baseline,medium_plus,many,open,medium_plus,many,low,4,1,enemy_hp,1,120,11,9,20,ofat_real,ofat:factor=enemy_hp:value=1:size=medium:map_type=baseline:enemy_profile=medium_plus:item_profile=many:wall_profile=open:player_hp=4:enemy_hp=1:agent=heuristic,1,11,0,4,0,13,11,3,11,0.09,1,0.9659090909090909,0.1111111111111111,2,3,6,8.333333333333334,11
griddly,heuristic,,,,medium,baseline,medium_plus,many,open,medium_plus,many,low,4,1,enemy_hp,1,120,11,10,21,ofat_real,ofat:factor=enemy_hp:value=1:size=medium:map_type=baseline:enemy_profile=medium_plus:item_profile=many:wall_profile=open:player_hp=4:enemy_hp=1:agent=heuristic,1,7,0,4,0,13,11,3,7,0.09,1,0.967391304347826,0.0707070707070707,2,2,3,5.333333333333333,9
griddly,heuristic,,,,medium,baseline,medium_plus,many,open,medium_plus,many,low,4,1,enemy_hp,1,120,11,11,22,ofat_real,ofat:factor=enemy_hp:value=1:size=medium:map_type=baseline:enemy_profile=medium_plus:item_profile=many:wall_profile=open:player_hp=4:enemy_hp=1:agent=heuristic,1,8,1,3,0,13,11,3,9,0.09,1,0.9666666666666667,0.09090909090909091,4,9,2,3.6666666666666665,7
griddly,heuristic,,,,medium,baseline,medium_plus,many,open,medium_plus,many,low,4,1,enemy_hp,1,120,11,12,23,ofat_real,ofat:factor=enemy_hp:value=1:size=medium:map_type=baseline:enemy_profile=medium_plus:item_profile=many:wall_profile=open:player_hp=4:enemy_hp=1:agent=heuristic,1,9,0,4,0,13,11,3,5,0.09,1,0.9680851063829787,0.050505050505050504,0,0,5,5.333333333333333,6
griddly,heuristic,,,,medium,baseline,medium_plus,many,open,medium_plus,many,low,4,1,enemy_hp,1,120,11,13,24,ofat_real,ofat:factor=enemy_hp:value=1:size=medium:map_type=baseline:enemy_profile=medium_plus:item_profile=many:wall_profile=open:player_hp=4:enemy_hp=1:agent=heuristic,1,7,0,4,0,13,11,3,8,0.09,1,0.967032967032967,0.08080808080808081,2,2,5,5.666666666666667,6
griddly,heuristic,,,,medium,baseline,medium_plus,many,open,medium_plus,many,low,4,1,enemy_hp,1,120,11,14,25,ofat_real,ofat:factor=enemy_hp:value=1:size=medium:map_type=baseline:enemy_profile=medium_plus:item_profile=many:wall_profile=open:player_hp=4:enemy_hp=1:agent=heuristic,1,9,1,3,0,13,11,3,14,0.09,1,0.9647058823529412,0.1414141414141414,2,3,6,7.333333333333333,8
griddly,heuristic,,,,medium,baseline,medium_plus,many,open,medium_plus,many,low,4,1,enemy_hp,1,120,11,15,26,ofat_real,ofat:factor=enemy_hp:value=1:size=medium:map_type=baseline:enemy_profile=medium_plus:item_profile=many:wall_profile=open:player_hp=4:enemy_hp=1:agent=heuristic,1,7,1,3,0,13,11,3,10,0.09,1,0.9662921348314607,0.10101010101010101,6,8,2,3.3333333333333335,6
griddly,heuristic,,,,medium,baseline,medium_plus,many,open,medium_plus,many,low,4,1,enemy_hp,1,120,11,16,27,ofat_real,ofat:factor=enemy_hp:value=1:size=medium:map_type=baseline:enemy_profile=medium_plus:item_profile=many:wall_profile=open:player_hp=4:enemy_hp=1:agent=heuristic,0,120,0,4,1,13,11,3,13,0.09,1,0.9534883720930233,0.13131313131313133,3,4,3,6.0,9
griddly,heuristic,,,,medium,baseline,medium_plus,many,open,medium_plus,many,low,4,1,enemy_hp,1,120,11,17,28,ofat_real,ofat:factor=enemy_hp:value=1:size=medium:map_type=baseline:enemy_profile=medium_plus:item_profile=many:wall_profile=open:player_hp=4:enemy_hp=1:agent=heuristic,1,5,1,3,0,13,11,3,12,0.09,1,0.9655172413793104,0.12121212121212122,5,5,6,7.0,8
griddly,heuristic,,,,medium,baseline,medium_plus,many,open,medium_plus,many,low,4,1,enemy_hp,1,120,11,18,29,ofat_real,ofat:factor=enemy_hp:value=1:size=medium:map_type=baseline:enemy_profile=medium_plus:item_profile=many:wall_profile=open:player_hp=4:enemy_hp=1:agent=heuristic,1,8,1,3,0,13,11,3,10,0.09,1,0.9662921348314607,0.10101010101010101,2,3,6,7.333333333333333,8
griddly,heuristic,,,,medium,baseline,medium_plus,many,open,medium_plus,many,low,4,1,enemy_hp,1,120,11,19,30,ofat_real,ofat:factor=enemy_hp:value=1:size=medium:map_type=baseline:enemy_profile=medium_plus:item_profile=many:wall_profile=open:player_hp=4:enemy_hp=1:agent=heuristic,1,7,2,2,0,13,11,3,7,0.09,1,0.967391304347826,0.0707070707070707,2,2,4,4.333333333333333,5
griddly,heuristic,,,,medium,baseline,medium_plus,many,open,medium_plus,many,low,4,1,enemy_hp,1,120,11,20,31,ofat_real,ofat:factor=enemy_hp:value=1:size=medium:map_type=baseline:enemy_profile=medium_plus:item_profile=many:wall_profile=open:player_hp=4:enemy_hp=1:agent=heuristic,1,9,2,2,0,13,11,3,6,0.09,1,0.967741935483871,0.06060606060606061,1,1,4,8.666666666666666,13
griddly,heuristic,,,,medium,baseline,medium_plus,many,open,medium_plus,many,low,4,1,enemy_hp,1,120,11,21,32,ofat_real,ofat:factor=enemy_hp:value=1:size=medium:map_type=baseline:enemy_profile=medium_plus:item_profile=many:wall_profile=open:player_hp=4:enemy_hp=1:agent=heuristic,1,8,1,3,0,13,11,3,12,0.09,1,0.9655172413793104,0.12121212121212122,3,3,4,7.333333333333333,10
griddly,heuristic,,,,medium,baseline,medium_plus,many,open,medium_plus,many,low,4,1,enemy_hp,1,120,11,22,33,ofat_real,ofat:factor=enemy_hp:value=1:size=medium:map_type=baseline:enemy_profile=medium_plus:item_profile=many:wall_profile=open:player_hp=4:enemy_hp=1:agent=heuristic,1,9,1,3,0,13,11,3,10,0.09,1,0.9662921348314607,0.10101010101010101,0,0,5,7.0,11
griddly,heuristic,,,,medium,baseline,medium_plus,many,open,medium_plus,many,low,4,1,enemy_hp,1,120,11,23,34,ofat_real,ofat:factor=enemy_hp:value=1:size=medium:map_type=baseline:enemy_profile=medium_plus:item_profile=many:wall_profile=open:player_hp=4:enemy_hp=1:agent=heuristic,1,10,0,4,0,13,11,3,7,0.09,1,0.967391304347826,0.0707070707070707,2,4,4,7.666666666666667,14
griddly,heuristic,,,,medium,baseline,medium_plus,many,open,medium_plus,many,low,4,1,enemy_hp,1,120,11,24,35,ofat_real,ofat:factor=enemy_hp:value=1:size=medium:map_type=baseline:enemy_profile=medium_plus:item_profile=many:wall_profile=open:player_hp=4:enemy_hp=1:agent=heuristic,1,6,1,3,0,13,11,3,8,0.09,1,0.9560439560439561,0.08080808080808081,2,3,2,3.3333333333333335,6
griddly,heuristic,,,,medium,baseline,medium_plus,many,open,medium_plus,many,low,4,1,enemy_hp,1,120,11,25,36,ofat_real,ofat:factor=enemy_hp:value=1:size=medium:map_type=baseline:enemy_profile=medium_plus:item_profile=many:wall_profile=open:player_hp=4:enemy_hp=1:agent=heuristic,1,8,1,3,0,13,11,3,12,0.09,1,0.9655172413793104,0.12121212121212122,1,1,4,6.333333333333333,10
griddly,heuristic,,,,medium,baseline,medium_plus,many,open,medium_plus,many,low,4,1,enemy_hp,1,120,11,26,37,ofat_real,ofat:factor=enemy_hp:value=1:size=medium:map_type=baseline:enemy_profile=medium_plus:item_profile=many:wall_profile=open:player_hp=4:enemy_hp=1:agent=heuristic,1,10,2,2,0,13,11,3,15,0.09,1,0.9523809523809523,0.15151515151515152,3,3,4,9.0,12
griddly,heuristic,,,,medium,baseline,medium_plus,many,open,medium_plus,many,low,4,1,enemy_hp,1,120,11,27,38,ofat_real,ofat:factor=enemy_hp:value=1:size=medium:map_type=baseline:enemy_profile=medium_plus:item_profile=many:wall_profile=open:player_hp=4:enemy_hp=1:agent=heuristic,1,7,0,4,0,13,11,3,5,0.09,1,0.9680851063829787,0.050505050505050504,1,1,5,5.333333333333333,6
griddly,heuristic,,,,medium,baseline,medium_plus,many,open,medium_plus,many,low,4,1,enemy_hp,1,120,11,28,39,ofat_real,ofat:factor=enemy_hp:value=1:size=medium:map_type=baseline:enemy_profile=medium_plus:item_profile=many:wall_profile=open:player_hp=4:enemy_hp=1:agent=heuristic,1,7,1,3,0,13,11,3,11,0.09,1,0.9659090909090909,0.1111111111111111,3,5,2,5.0,7
griddly,heuristic,,,,medium,baseline,medium_plus,many,open,medium_plus,many,low,4,1,enemy_hp,1,120,11,29,40,ofat_real,ofat:factor=enemy_hp:value=1:size=medium:map_type=baseline:enemy_profile=medium_plus:item_profile=many:wall_profile=open:player_hp=4:enemy_hp=1:agent=heuristic,1,8,1,3,0,13,11,3,9,0.09,1,0.9555555555555556,0.09090909090909091,1,2,5,8.0,10
griddly,mcts_small,50,10,1.4142135623730951,medium,baseline,medium_plus,many,open,medium_plus,many,low,4,1,enemy_hp,1,120,11,0,11,ofat_real,ofat:factor=enemy_hp:value=1:size=medium:map_type=baseline:enemy_profile=medium_plus:item_profile=many:wall_profile=open:player_hp=4:enemy_hp=1:agent=mcts_small,1,13,0,4,0,13,11,3,16,0.09,1,0.963855421686747,0.16161616161616163,6,8,4,4.333333333333333,5
griddly,mcts_small,50,10,1.4142135623730951,medium,baseline,medium_plus,many,open,medium_plus,many,low,4,1,enemy_hp,1,120,11,1,12,ofat_real,ofat:factor=enemy_hp:value=1:size=medium:map_type=baseline:enemy_profile=medium_plus:item_profile=many:wall_profile=open:player_hp=4:enemy_hp=1:agent=mcts_small,1,16,1,3,0,13,11,3,7,0.09,1,0.967391304347826,0.0707070707070707,2,2,3,5.0,7
griddly,mcts_small,50,10,1.4142135623730951,medium,baseline,medium_plus,many,open,medium_plus,many,low,4,1,enemy_hp,1,120,11,2,13,ofat_real,ofat:factor=enemy_hp:value=1:size=medium:map_type=baseline:enemy_profile=medium_plus:item_profile=many:wall_profile=open:player_hp=4:enemy_hp=1:agent=mcts_small,1,11,3,1,0,13,11,3,8,0.09,1,0.967032967032967,0.08080808080808081,3,5,2,5.333333333333333,9
griddly,mcts_small,50,10,1.4142135623730951,medium,baseline,medium_plus,many,open,medium_plus,many,low,4,1,enemy_hp,1,120,11,3,14,ofat_real,ofat:factor=enemy_hp:value=1:size=medium:map_type=baseline:enemy_profile=medium_plus:item_profile=many:wall_profile=open:player_hp=4:enemy_hp=1:agent=mcts_small,1,16,2,2,0,13,11,3,6,0.09,1,0.967741935483871,0.06060606060606061,2,4,3,8.333333333333334,12
griddly,mcts_small,50,10,1.4142135623730951,medium,baseline,medium_plus,many,open,medium_plus,many,low,4,1,enemy_hp,1,120,11,4,15,ofat_real,ofat:factor=enemy_hp:value=1:size=medium:map_type=baseline:enemy_profile=medium_plus:item_profile=many:wall_profile=open:player_hp=4:enemy_hp=1:agent=mcts_small,1,19,2,2,0,13,11,3,8,0.09,1,0.967032967032967,0.08080808080808081,2,3,3,5.0,7
griddly,mcts_small,50,10,1.4142135623730951,medium,baseline,medium_plus,many,open,medium_plus,many,low,4,1,enemy_hp,1,120,11,5,16,ofat_real,ofat:factor=enemy_hp:value=1:size=medium:map_type=baseline:enemy_profile=medium_plus:item_profile=many:wall_profile=open:player_hp=4:enemy_hp=1:agent=mcts_small,1,13,1,3,0,13,11,3,10,0.09,1,0.9662921348314607,0.10101010101010101,5,10,7,8.666666666666666,10
griddly,mcts_small,50,10,1.4142135623730951,medium,baseline,medium_plus,many,open,medium_plus,many,low,4,1,enemy_hp,1,120,11,6,17,ofat_real,ofat:factor=enemy_hp:value=1:size=medium:map_type=baseline:enemy_profile=medium_plus:item_profile=many:wall_profile=open:player_hp=4:enemy_hp=1:agent=mcts_small,1,20,1,3,0,13,11,3,8,0.09,1,0.967032967032967,0.08080808080808081,2,4,6,10.0,13
griddly,mcts_small,50,10,1.4142135623730951,medium,baseline,medium_plus,many,open,medium_plus,many,low,4,1,enemy_hp,1,120,11,7,18,ofat_real,ofat:factor=enemy_hp:value=1:size=medium:map_type=baseline:enemy_profile=medium_plus:item_profile=many:wall_profile=open:player_hp=4:enemy_hp=1:agent=mcts_small,1,19,1,3,0,13,11,3,7,0.09,1,0.967391304347826,0.0707070707070707,1,1,7,7.666666666666667,8
griddly,mcts_small,50,10,1.4142135623730951,medium,baseline,medium_plus,many,open,medium_plus,many,low,4,1,enemy_hp,1,120,11,8,19,ofat_real,ofat:factor=enemy_hp:value=1:size=medium:map_type=baseline:enemy_profile=medium_plus:item_profile=many:wall_profile=open:player_hp=4:enemy_hp=1:agent=mcts_small,1,19,1,3,0,13,11,3,11,0.09,1,0.9659090909090909,0.1111111111111111,3,3,4,7.666666666666667,14
griddly,mcts_small,50,10,1.4142135623730951,medium,baseline,medium_plus,many,open,medium_plus,many,low,4,1,enemy_hp,1,120,11,9,20,ofat_real,ofat:factor=enemy_hp:value=1:size=medium:map_type=baseline:enemy_profile=medium_plus:item_profile=many:wall_profile=open:player_hp=4:enemy_hp=1:agent=mcts_small,1,18,2,2,0,13,11,3,11,0.09,1,0.9659090909090909,0.1111111111111111,2,3,6,8.333333333333334,11
griddly,mcts_small,50,10,1.4142135623730951,medium,baseline,medium_plus,many,open,medium_plus,many,low,4,1,enemy_hp,1,120,11,10,21,ofat_real,ofat:factor=enemy_hp:value=1:size=medium:map_type=baseline:enemy_profile=medium_plus:item_profile=many:wall_profile=open:player_hp=4:enemy_hp=1:agent=mcts_small,1,11,0,4,0,13,11,3,7,0.09,1,0.967391304347826,0.0707070707070707,2,2,3,5.333333333333333,9
griddly,mcts_small,50,10,1.4142135623730951,medium,baseline,medium_plus,many,open,medium_plus,many,low,4,1,enemy_hp,1,120,11,11,22,ofat_real,ofat:factor=enemy_hp:value=1:size=medium:map_type=baseline:enemy_profile=medium_plus:item_profile=many:wall_profile=open:player_hp=4:enemy_hp=1:agent=mcts_small,1,18,1,3,0,13,11,3,9,0.09,1,0.9666666666666667,0.09090909090909091,4,9,2,3.6666666666666665,7
griddly,mcts_small,50,10,1.4142135623730951,medium,baseline,medium_plus,many,open,medium_plus,many,low,4,1,enemy_hp,1,120,11,12,23,ofat_real,ofat:factor=enemy_hp:value=1:size=medium:map_type=baseline:enemy_profile=medium_plus:item_profile=many:wall_profile=open:player_hp=4:enemy_hp=1:agent=mcts_small,1,12,2,2,0,13,11,3,5,0.09,1,0.9680851063829787,0.050505050505050504,0,0,5,5.333333333333333,6
griddly,mcts_small,50,10,1.4142135623730951,medium,baseline,medium_plus,many,open,medium_plus,many,low,4,1,enemy_hp,1,120,11,13,24,ofat_real,ofat:factor=enemy_hp:value=1:size=medium:map_type=baseline:enemy_profile=medium_plus:item_profile=many:wall_profile=open:player_hp=4:enemy_hp=1:agent=mcts_small,1,12,2,2,0,13,11,3,8,0.09,1,0.967032967032967,0.08080808080808081,2,2,5,5.666666666666667,6
griddly,mcts_small,50,10,1.4142135623730951,medium,baseline,medium_plus,many,open,medium_plus,many,low,4,1,enemy_hp,1,120,11,14,25,ofat_real,ofat:factor=enemy_hp:value=1:size=medium:map_type=baseline:enemy_profile=medium_plus:item_profile=many:wall_profile=open:player_hp=4:enemy_hp=1:agent=mcts_small,1,21,3,1,0,13,11,3,14,0.09,1,0.9647058823529412,0.1414141414141414,2,3,6,7.333333333333333,8
griddly,mcts_small,50,10,1.4142135623730951,medium,baseline,medium_plus,many,open,medium_plus,many,low,4,1,enemy_hp,1,120,11,15,26,ofat_real,ofat:factor=enemy_hp:value=1:size=medium:map_type=baseline:enemy_profile=medium_plus:item_profile=many:wall_profile=open:player_hp=4:enemy_hp=1:agent=mcts_small,1,9,3,1,0,13,11,3,10,0.09,1,0.9662921348314607,0.10101010101010101,6,8,2,3.3333333333333335,6
griddly,mcts_small,50,10,1.4142135623730951,medium,baseline,medium_plus,many,open,medium_plus,many,low,4,1,enemy_hp,1,120,11,16,27,ofat_real,ofat:factor=enemy_hp:value=1:size=medium:map_type=baseline:enemy_profile=medium_plus:item_profile=many:wall_profile=open:player_hp=4:enemy_hp=1:agent=mcts_small,1,12,1,3,0,13,11,3,13,0.09,1,0.9534883720930233,0.13131313131313133,3,4,3,6.0,9
griddly,mcts_small,50,10,1.4142135623730951,medium,baseline,medium_plus,many,open,medium_plus,many,low,4,1,enemy_hp,1,120,11,17,28,ofat_real,ofat:factor=enemy_hp:value=1:size=medium:map_type=baseline:enemy_profile=medium_plus:item_profile=many:wall_profile=open:player_hp=4:enemy_hp=1:agent=mcts_small,1,8,1,3,0,13,11,3,12,0.09,1,0.9655172413793104,0.12121212121212122,5,5,6,7.0,8
griddly,mcts_small,50,10,1.4142135623730951,medium,baseline,medium_plus,many,open,medium_plus,many,low,4,1,enemy_hp,1,120,11,18,29,ofat_real,ofat:factor=enemy_hp:value=1:size=medium:map_type=baseline:enemy_profile=medium_plus:item_profile=many:wall_profile=open:player_hp=4:enemy_hp=1:agent=mcts_small,1,13,2,2,0,13,11,3,10,0.09,1,0.9662921348314607,0.10101010101010101,2,3,6,7.333333333333333,8
griddly,mcts_small,50,10,1.4142135623730951,medium,baseline,medium_plus,many,open,medium_plus,many,low,4,1,enemy_hp,1,120,11,19,30,ofat_real,ofat:factor=enemy_hp:value=1:size=medium:map_type=baseline:enemy_profile=medium_plus:item_profile=many:wall_profile=open:player_hp=4:enemy_hp=1:agent=mcts_small,1,20,2,2,0,13,11,3,7,0.09,1,0.967391304347826,0.0707070707070707,2,2,4,4.333333333333333,5
griddly,mcts_small,50,10,1.4142135623730951,medium,baseline,medium_plus,many,open,medium_plus,many,low,4,1,enemy_hp,1,120,11,20,31,ofat_real,ofat:factor=enemy_hp:value=1:size=medium:map_type=baseline:enemy_profile=medium_plus:item_profile=many:wall_profile=open:player_hp=4:enemy_hp=1:agent=mcts_small,1,18,2,2,0,13,11,3,6,0.09,1,0.967741935483871,0.06060606060606061,1,1,4,8.666666666666666,13
griddly,mcts_small,50,10,1.4142135623730951,medium,baseline,medium_plus,many,open,medium_plus,many,low,4,1,enemy_hp,1,120,11,21,32,ofat_real,ofat:factor=enemy_hp:value=1:size=medium:map_type=baseline:enemy_profile=medium_plus:item_profile=many:wall_profile=open:player_hp=4:enemy_hp=1:agent=mcts_small,1,12,1,3,0,13,11,3,12,0.09,1,0.9655172413793104,0.12121212121212122,3,3,4,7.333333333333333,10
griddly,mcts_small,50,10,1.4142135623730951,medium,baseline,medium_plus,many,open,medium_plus,many,low,4,1,enemy_hp,1,120,11,22,33,ofat_real,ofat:factor=enemy_hp:value=1:size=medium:map_type=baseline:enemy_profile=medium_plus:item_profile=many:wall_profile=open:player_hp=4:enemy_hp=1:agent=mcts_small,1,19,3,1,0,13,11,3,10,0.09,1,0.9662921348314607,0.10101010101010101,0,0,5,7.0,11
griddly,mcts_small,50,10,1.4142135623730951,medium,baseline,medium_plus,many,open,medium_plus,many,low,4,1,enemy_hp,1,120,11,23,34,ofat_real,ofat:factor=enemy_hp:value=1:size=medium:map_type=baseline:enemy_profile=medium_plus:item_profile=many:wall_profile=open:player_hp=4:enemy_hp=1:agent=mcts_small,1,26,1,3,0,13,11,3,7,0.09,1,0.967391304347826,0.0707070707070707,2,4,4,7.666666666666667,14
griddly,mcts_small,50,10,1.4142135623730951,medium,baseline,medium_plus,many,open,medium_plus,many,low,4,1,enemy_hp,1,120,11,24,35,ofat_real,ofat:factor=enemy_hp:value=1:size=medium:map_type=baseline:enemy_profile=medium_plus:item_profile=many:wall_profile=open:player_hp=4:enemy_hp=1:agent=mcts_small,1,11,2,2,0,13,11,3,8,0.09,1,0.9560439560439561,0.08080808080808081,2,3,2,3.3333333333333335,6
griddly,mcts_small,50,10,1.4142135623730951,medium,baseline,medium_plus,many,open,medium_plus,many,low,4,1,enemy_hp,1,120,11,25,36,ofat_real,ofat:factor=enemy_hp:value=1:size=medium:map_type=baseline:enemy_profile=medium_plus:item_profile=many:wall_profile=open:player_hp=4:enemy_hp=1:agent=mcts_small,1,15,0,4,0,13,11,3,12,0.09,1,0.9655172413793104,0.12121212121212122,1,1,4,6.333333333333333,10
griddly,mcts_small,50,10,1.4142135623730951,medium,baseline,medium_plus,many,open,medium_plus,many,low,4,1,enemy_hp,1,120,11,26,37,ofat_real,ofat:factor=enemy_hp:value=1:size=medium:map_type=baseline:enemy_profile=medium_plus:item_profile=many:wall_profile=open:player_hp=4:enemy_hp=1:agent=mcts_small,1,17,1,3,0,13,11,3,15,0.09,1,0.9523809523809523,0.15151515151515152,3,3,4,9.0,12
griddly,mcts_small,50,10,1.4142135623730951,medium,baseline,medium_plus,many,open,medium_plus,many,low,4,1,enemy_hp,1,120,11,27,38,ofat_real,ofat:factor=enemy_hp:value=1:size=medium:map_type=baseline:enemy_profile=medium_plus:item_profile=many:wall_profile=open:player_hp=4:enemy_hp=1:agent=mcts_small,1,22,2,2,0,13,11,3,5,0.09,1,0.9680851063829787,0.050505050505050504,1,1,5,5.333333333333333,6
griddly,mcts_small,50,10,1.4142135623730951,medium,baseline,medium_plus,many,open,medium_plus,many,low,4,1,enemy_hp,1,120,11,28,39,ofat_real,ofat:factor=enemy_hp:value=1:size=medium:map_type=baseline:enemy_profile=medium_plus:item_profile=many:wall_profile=open:player_hp=4:enemy_hp=1:agent=mcts_small,1,13,0,4,0,13,11,3,11,0.09,1,0.9659090909090909,0.1111111111111111,3,5,2,5.0,7
griddly,mcts_small,50,10,1.4142135623730951,medium,baseline,medium_plus,many,open,medium_plus,many,low,4,1,enemy_hp,1,120,11,29,40,ofat_real,ofat:factor=enemy_hp:value=1:size=medium:map_type=baseline:enemy_profile=medium_plus:item_profile=many:wall_profile=open:player_hp=4:enemy_hp=1:agent=mcts_small,1,19,2,2,0,13,11,3,9,0.09,1,0.9555555555555556,0.09090909090909091,1,2,5,8.0,10
griddly,mcts_medium,200,30,1.4142135623730951,medium,baseline,medium_plus,many,open,medium_plus,many,low,4,1,enemy_hp,1,120,11,0,11,ofat_real,ofat:factor=enemy_hp:value=1:size=medium:map_type=baseline:enemy_profile=medium_plus:item_profile=many:wall_profile=open:player_hp=4:enemy_hp=1:agent=mcts_medium,1,18,2,2,0,13,11,3,16,0.09,1,0.963855421686747,0.16161616161616163,6,8,4,4.333333333333333,5
griddly,mcts_medium,200,30,1.4142135623730951,medium,baseline,medium_plus,many,open,medium_plus,many,low,4,1,enemy_hp,1,120,11,1,12,ofat_real,ofat:factor=enemy_hp:value=1:size=medium:map_type=baseline:enemy_profile=medium_plus:item_profile=many:wall_profile=open:player_hp=4:enemy_hp=1:agent=mcts_medium,1,13,0,4,0,13,11,3,7,0.09,1,0.967391304347826,0.0707070707070707,2,2,3,5.0,7
griddly,mcts_medium,200,30,1.4142135623730951,medium,baseline,medium_plus,many,open,medium_plus,many,low,4,1,enemy_hp,1,120,11,2,13,ofat_real,ofat:factor=enemy_hp:value=1:size=medium:map_type=baseline:enemy_profile=medium_plus:item_profile=many:wall_profile=open:player_hp=4:enemy_hp=1:agent=mcts_medium,1,12,1,3,0,13,11,3,8,0.09,1,0.967032967032967,0.08080808080808081,3,5,2,5.333333333333333,9
griddly,mcts_medium,200,30,1.4142135623730951,medium,baseline,medium_plus,many,open,medium_plus,many,low,4,1,enemy_hp,1,120,11,3,14,ofat_real,ofat:factor=enemy_hp:value=1:size=medium:map_type=baseline:enemy_profile=medium_plus:item_profile=many:wall_profile=open:player_hp=4:enemy_hp=1:agent=mcts_medium,1,13,1,3,0,13,11,3,6,0.09,1,0.967741935483871,0.06060606060606061,2,4,3,8.333333333333334,12
griddly,mcts_medium,200,30,1.4142135623730951,medium,baseline,medium_plus,many,open,medium_plus,many,low,4,1,enemy_hp,1,120,11,4,15,ofat_real,ofat:factor=enemy_hp:value=1:size=medium:map_type=baseline:enemy_profile=medium_plus:item_profile=many:wall_profile=open:player_hp=4:enemy_hp=1:agent=mcts_medium,1,15,1,3,0,13,11,3,8,0.09,1,0.967032967032967,0.08080808080808081,2,3,3,5.0,7
griddly,mcts_medium,200,30,1.4142135623730951,medium,baseline,medium_plus,many,open,medium_plus,many,low,4,1,enemy_hp,1,120,11,5,16,ofat_real,ofat:factor=enemy_hp:value=1:size=medium:map_type=baseline:enemy_profile=medium_plus:item_profile=many:wall_profile=open:player_hp=4:enemy_hp=1:agent=mcts_medium,1,17,1,3,0,13,11,3,10,0.09,1,0.9662921348314607,0.10101010101010101,5,10,7,8.666666666666666,10
griddly,mcts_medium,200,30,1.4142135623730951,medium,baseline,medium_plus,many,open,medium_plus,many,low,4,1,enemy_hp,1,120,11,6,17,ofat_real,ofat:factor=enemy_hp:value=1:size=medium:map_type=baseline:enemy_profile=medium_plus:item_profile=many:wall_profile=open:player_hp=4:enemy_hp=1:agent=mcts_medium,1,29,1,3,0,13,11,3,8,0.09,1,0.967032967032967,0.08080808080808081,2,4,6,10.0,13
griddly,mcts_medium,200,30,1.4142135623730951,medium,baseline,medium_plus,many,open,medium_plus,many,low,4,1,enemy_hp,1,120,11,7,18,ofat_real,ofat:factor=enemy_hp:value=1:size=medium:map_type=baseline:enemy_profile=medium_plus:item_profile=many:wall_profile=open:player_hp=4:enemy_hp=1:agent=mcts_medium,1,19,1,3,0,13,11,3,7,0.09,1,0.967391304347826,0.0707070707070707,1,1,7,7.666666666666667,8
griddly,mcts_medium,200,30,1.4142135623730951,medium,baseline,medium_plus,many,open,medium_plus,many,low,4,1,enemy_hp,1,120,11,8,19,ofat_real,ofat:factor=enemy_hp:value=1:size=medium:map_type=baseline:enemy_profile=medium_plus:item_profile=many:wall_profile=open:player_hp=4:enemy_hp=1:agent=mcts_medium,1,17,1,3,0,13,11,3,11,0.09,1,0.9659090909090909,0.1111111111111111,3,3,4,7.666666666666667,14
griddly,mcts_medium,200,30,1.4142135623730951,medium,baseline,medium_plus,many,open,medium_plus,many,low,4,1,enemy_hp,1,120,11,9,20,ofat_real,ofat:factor=enemy_hp:value=1:size=medium:map_type=baseline:enemy_profile=medium_plus:item_profile=many:wall_profile=open:player_hp=4:enemy_hp=1:agent=mcts_medium,1,14,2,2,0,13,11,3,11,0.09,1,0.9659090909090909,0.1111111111111111,2,3,6,8.333333333333334,11
griddly,mcts_medium,200,30,1.4142135623730951,medium,baseline,medium_plus,many,open,medium_plus,many,low,4,1,enemy_hp,1,120,11,10,21,ofat_real,ofat:factor=enemy_hp:value=1:size=medium:map_type=baseline:enemy_profile=medium_plus:item_profile=many:wall_profile=open:player_hp=4:enemy_hp=1:agent=mcts_medium,1,11,1,3,0,13,11,3,7,0.09,1,0.967391304347826,0.0707070707070707,2,2,3,5.333333333333333,9
griddly,mcts_medium,200,30,1.4142135623730951,medium,baseline,medium_plus,many,open,medium_plus,many,low,4,1,enemy_hp,1,120,11,11,22,ofat_real,ofat:factor=enemy_hp:value=1:size=medium:map_type=baseline:enemy_profile=medium_plus:item_profile=many:wall_profile=open:player_hp=4:enemy_hp=1:agent=mcts_medium,1,13,1,3,0,13,11,3,9,0.09,1,0.9666666666666667,0.09090909090909091,4,9,2,3.6666666666666665,7
griddly,mcts_medium,200,30,1.4142135623730951,medium,baseline,medium_plus,many,open,medium_plus,many,low,4,1,enemy_hp,1,120,11,12,23,ofat_real,ofat:factor=enemy_hp:value=1:size=medium:map_type=baseline:enemy_profile=medium_plus:item_profile=many:wall_profile=open:player_hp=4:enemy_hp=1:agent=mcts_medium,1,10,2,2,0,13,11,3,5,0.09,1,0.9680851063829787,0.050505050505050504,0,0,5,5.333333333333333,6
griddly,mcts_medium,200,30,1.4142135623730951,medium,baseline,medium_plus,many,open,medium_plus,many,low,4,1,enemy_hp,1,120,11,13,24,ofat_real,ofat:factor=enemy_hp:value=1:size=medium:map_type=baseline:enemy_profile=medium_plus:item_profile=many:wall_profile=open:player_hp=4:enemy_hp=1:agent=mcts_medium,1,13,1,3,0,13,11,3,8,0.09,1,0.967032967032967,0.08080808080808081,2,2,5,5.666666666666667,6
griddly,mcts_medium,200,30,1.4142135623730951,medium,baseline,medium_plus,many,open,medium_plus,many,low,4,1,enemy_hp,1,120,11,14,25,ofat_real,ofat:factor=enemy_hp:value=1:size=medium:map_type=baseline:enemy_profile=medium_plus:item_profile=many:wall_profile=open:player_hp=4:enemy_hp=1:agent=mcts_medium,1,25,0,4,0,13,11,3,14,0.09,1,0.9647058823529412,0.1414141414141414,2,3,6,7.333333333333333,8
griddly,mcts_medium,200,30,1.4142135623730951,medium,baseline,medium_plus,many,open,medium_plus,many,low,4,1,enemy_hp,1,120,11,15,26,ofat_real,ofat:factor=enemy_hp:value=1:size=medium:map_type=baseline:enemy_profile=medium_plus:item_profile=many:wall_profile=open:player_hp=4:enemy_hp=1:agent=mcts_medium,1,6,1,3,0,13,11,3,10,0.09,1,0.9662921348314607,0.10101010101010101,6,8,2,3.3333333333333335,6
griddly,mcts_medium,200,30,1.4142135623730951,medium,baseline,medium_plus,many,open,medium_plus,many,low,4,1,enemy_hp,1,120,11,16,27,ofat_real,ofat:factor=enemy_hp:value=1:size=medium:map_type=baseline:enemy_profile=medium_plus:item_profile=many:wall_profile=open:player_hp=4:enemy_hp=1:agent=mcts_medium,1,14,0,4,0,13,11,3,13,0.09,1,0.9534883720930233,0.13131313131313133,3,4,3,6.0,9
griddly,mcts_medium,200,30,1.4142135623730951,medium,baseline,medium_plus,many,open,medium_plus,many,low,4,1,enemy_hp,1,120,11,17,28,ofat_real,ofat:factor=enemy_hp:value=1:size=medium:map_type=baseline:enemy_profile=medium_plus:item_profile=many:wall_profile=open:player_hp=4:enemy_hp=1:agent=mcts_medium,1,18,1,3,0,13,11,3,12,0.09,1,0.9655172413793104,0.12121212121212122,5,5,6,7.0,8
griddly,mcts_medium,200,30,1.4142135623730951,medium,baseline,medium_plus,many,open,medium_plus,many,low,4,1,enemy_hp,1,120,11,18,29,ofat_real,ofat:factor=enemy_hp:value=1:size=medium:map_type=baseline:enemy_profile=medium_plus:item_profile=many:wall_profile=open:player_hp=4:enemy_hp=1:agent=mcts_medium,1,18,2,2,0,13,11,3,10,0.09,1,0.9662921348314607,0.10101010101010101,2,3,6,7.333333333333333,8
griddly,mcts_medium,200,30,1.4142135623730951,medium,baseline,medium_plus,many,open,medium_plus,many,low,4,1,enemy_hp,1,120,11,19,30,ofat_real,ofat:factor=enemy_hp:value=1:size=medium:map_type=baseline:enemy_profile=medium_plus:item_profile=many:wall_profile=open:player_hp=4:enemy_hp=1:agent=mcts_medium,1,11,2,2,0,13,11,3,7,0.09,1,0.967391304347826,0.0707070707070707,2,2,4,4.333333333333333,5
griddly,mcts_medium,200,30,1.4142135623730951,medium,baseline,medium_plus,many,open,medium_plus,many,low,4,1,enemy_hp,1,120,11,20,31,ofat_real,ofat:factor=enemy_hp:value=1:size=medium:map_type=baseline:enemy_profile=medium_plus:item_profile=many:wall_profile=open:player_hp=4:enemy_hp=1:agent=mcts_medium,1,12,0,4,0,13,11,3,6,0.09,1,0.967741935483871,0.06060606060606061,1,1,4,8.666666666666666,13
griddly,mcts_medium,200,30,1.4142135623730951,medium,baseline,medium_plus,many,open,medium_plus,many,low,4,1,enemy_hp,1,120,11,21,32,ofat_real,ofat:factor=enemy_hp:value=1:size=medium:map_type=baseline:enemy_profile=medium_plus:item_profile=many:wall_profile=open:player_hp=4:enemy_hp=1:agent=mcts_medium,1,13,0,4,0,13,11,3,12,0.09,1,0.9655172413793104,0.12121212121212122,3,3,4,7.333333333333333,10
griddly,mcts_medium,200,30,1.4142135623730951,medium,baseline,medium_plus,many,open,medium_plus,many,low,4,1,enemy_hp,1,120,11,22,33,ofat_real,ofat:factor=enemy_hp:value=1:size=medium:map_type=baseline:enemy_profile=medium_plus:item_profile=many:wall_profile=open:player_hp=4:enemy_hp=1:agent=mcts_medium,1,16,2,2,0,13,11,3,10,0.09,1,0.9662921348314607,0.10101010101010101,0,0,5,7.0,11
griddly,mcts_medium,200,30,1.4142135623730951,medium,baseline,medium_plus,many,open,medium_plus,many,low,4,1,enemy_hp,1,120,11,23,34,ofat_real,ofat:factor=enemy_hp:value=1:size=medium:map_type=baseline:enemy_profile=medium_plus:item_profile=many:wall_profile=open:player_hp=4:enemy_hp=1:agent=mcts_medium,1,16,1,3,0,13,11,3,7,0.09,1,0.967391304347826,0.0707070707070707,2,4,4,7.666666666666667,14
griddly,mcts_medium,200,30,1.4142135623730951,medium,baseline,medium_plus,many,open,medium_plus,many,low,4,1,enemy_hp,1,120,11,24,35,ofat_real,ofat:factor=enemy_hp:value=1:size=medium:map_type=baseline:enemy_profile=medium_plus:item_profile=many:wall_profile=open:player_hp=4:enemy_hp=1:agent=mcts_medium,1,12,2,2,0,13,11,3,8,0.09,1,0.9560439560439561,0.08080808080808081,2,3,2,3.3333333333333335,6
griddly,mcts_medium,200,30,1.4142135623730951,medium,baseline,medium_plus,many,open,medium_plus,many,low,4,1,enemy_hp,1,120,11,25,36,ofat_real,ofat:factor=enemy_hp:value=1:size=medium:map_type=baseline:enemy_profile=medium_plus:item_profile=many:wall_profile=open:player_hp=4:enemy_hp=1:agent=mcts_medium,0,10,4,0,1,13,11,3,12,0.09,1,0.9655172413793104,0.12121212121212122,1,1,4,6.333333333333333,10
griddly,mcts_medium,200,30,1.4142135623730951,medium,baseline,medium_plus,many,open,medium_plus,many,low,4,1,enemy_hp,1,120,11,26,37,ofat_real,ofat:factor=enemy_hp:value=1:size=medium:map_type=baseline:enemy_profile=medium_plus:item_profile=many:wall_profile=open:player_hp=4:enemy_hp=1:agent=mcts_medium,1,16,1,3,0,13,11,3,15,0.09,1,0.9523809523809523,0.15151515151515152,3,3,4,9.0,12
griddly,mcts_medium,200,30,1.4142135623730951,medium,baseline,medium_plus,many,open,medium_plus,many,low,4,1,enemy_hp,1,120,11,27,38,ofat_real,ofat:factor=enemy_hp:value=1:size=medium:map_type=baseline:enemy_profile=medium_plus:item_profile=many:wall_profile=open:player_hp=4:enemy_hp=1:agent=mcts_medium,0,9,4,0,2,13,11,3,5,0.09,1,0.9680851063829787,0.050505050505050504,1,1,5,5.333333333333333,6
griddly,mcts_medium,200,30,1.4142135623730951,medium,baseline,medium_plus,many,open,medium_plus,many,low,4,1,enemy_hp,1,120,11,28,39,ofat_real,ofat:factor=enemy_hp:value=1:size=medium:map_type=baseline:enemy_profile=medium_plus:item_profile=many:wall_profile=open:player_hp=4:enemy_hp=1:agent=mcts_medium,1,11,0,4,0,13,11,3,11,0.09,1,0.9659090909090909,0.1111111111111111,3,5,2,5.0,7
griddly,mcts_medium,200,30,1.4142135623730951,medium,baseline,medium_plus,many,open,medium_plus,many,low,4,1,enemy_hp,1,120,11,29,40,ofat_real,ofat:factor=enemy_hp:value=1:size=medium:map_type=baseline:enemy_profile=medium_plus:item_profile=many:wall_profile=open:player_hp=4:enemy_hp=1:agent=mcts_medium,1,17,1,3,0,13,11,3,9,0.09,1,0.9555555555555556,0.09090909090909091,1,2,5,8.0,10
griddly,random,,,,medium,baseline,medium_plus,many,open,medium_plus,many,low,4,3,enemy_hp,3,120,11,0,11,ofat_real,ofat:factor=enemy_hp:value=3:size=medium:map_type=baseline:enemy_profile=medium_plus:item_profile=many:wall_profile=open:player_hp=4:enemy_hp=3:agent=random,0,11,4,0,3,13,11,3,16,0.09,1,0.963855421686747,0.16161616161616163,6,8,4,4.333333333333333,5
griddly,random,,,,medium,baseline,medium_plus,many,open,medium_plus,many,low,4,3,enemy_hp,3,120,11,1,12,ofat_real,ofat:factor=enemy_hp:value=3:size=medium:map_type=baseline:enemy_profile=medium_plus:item_profile=many:wall_profile=open:player_hp=4:enemy_hp=3:agent=random,0,11,4,0,2,13,11,3,7,0.09,1,0.967391304347826,0.0707070707070707,2,2,3,5.0,7
griddly,random,,,,medium,baseline,medium_plus,many,open,medium_plus,many,low,4,3,enemy_hp,3,120,11,2,13,ofat_real,ofat:factor=enemy_hp:value=3:size=medium:map_type=baseline:enemy_profile=medium_plus:item_profile=many:wall_profile=open:player_hp=4:enemy_hp=3:agent=random,0,10,4,0,3,13,11,3,8,0.09,1,0.967032967032967,0.08080808080808081,3,5,2,5.333333333333333,9
griddly,random,,,,medium,baseline,medium_plus,many,open,medium_plus,many,low,4,3,enemy_hp,3,120,11,3,14,ofat_real,ofat:factor=enemy_hp:value=3:size=medium:map_type=baseline:enemy_profile=medium_plus:item_profile=many:wall_profile=open:player_hp=4:enemy_hp=3:agent=random,0,12,4,0,3,13,11,3,6,0.09,1,0.967741935483871,0.06060606060606061,2,4,3,8.333333333333334,12
griddly,random,,,,medium,baseline,medium_plus,many,open,medium_plus,many,low,4,3,enemy_hp,3,120,11,4,15,ofat_real,ofat:factor=enemy_hp:value=3:size=medium:map_type=baseline:enemy_profile=medium_plus:item_profile=many:wall_profile=open:player_hp=4:enemy_hp=3:agent=random,0,14,4,0,3,13,11,3,8,0.09,1,0.967032967032967,0.08080808080808081,2,3,3,5.0,7
griddly,random,,,,medium,baseline,medium_plus,many,open,medium_plus,many,low,4,3,enemy_hp,3,120,11,5,16,ofat_real,ofat:factor=enemy_hp:value=3:size=medium:map_type=baseline:enemy_profile=medium_plus:item_profile=many:wall_profile=open:player_hp=4:enemy_hp=3:agent=random,0,25,4,0,2,13,11,3,10,0.09,1,0.9662921348314607,0.10101010101010101,5,10,7,8.666666666666666,10
griddly,random,,,,medium,baseline,medium_plus,many,open,medium_plus,many,low,4,3,enemy_hp,3,120,11,6,17,ofat_real,ofat:factor=enemy_hp:value=3:size=medium:map_type=baseline:enemy_profile=medium_plus:item_profile=many:wall_profile=open:player_hp=4:enemy_hp=3:agent=random,0,15,4,0,3,13,11,3,8,0.09,1,0.967032967032967,0.08080808080808081,2,4,6,10.0,13
griddly,random,,,,medium,baseline,medium_plus,many,open,medium_plus,many,low,4,3,enemy_hp,3,120,11,7,18,ofat_real,ofat:factor=enemy_hp:value=3:size=medium:map_type=baseline:enemy_profile=medium_plus:item_profile=many:wall_profile=open:player_hp=4:enemy_hp=3:agent=random,0,10,4,0,3,13,11,3,7,0.09,1,0.967391304347826,0.0707070707070707,1,1,7,7.666666666666667,8
griddly,random,,,,medium,baseline,medium_plus,many,open,medium_plus,many,low,4,3,enemy_hp,3,120,11,8,19,ofat_real,ofat:factor=enemy_hp:value=3:size=medium:map_type=baseline:enemy_profile=medium_plus:item_profile=many:wall_profile=open:player_hp=4:enemy_hp=3:agent=random,0,13,4,0,3,13,11,3,11,0.09,1,0.9659090909090909,0.1111111111111111,3,3,4,7.666666666666667,14
griddly,random,,,,medium,baseline,medium_plus,many,open,medium_plus,many,low,4,3,enemy_hp,3,120,11,9,20,ofat_real,ofat:factor=enemy_hp:value=3:size=medium:map_type=baseline:enemy_profile=medium_plus:item_profile=many:wall_profile=open:player_hp=4:enemy_hp=3:agent=random,0,12,4,0,3,13,11,3,11,0.09,1,0.9659090909090909,0.1111111111111111,2,3,6,8.333333333333334,11
griddly,random,,,,medium,baseline,medium_plus,many,open,medium_plus,many,low,4,3,enemy_hp,3,120,11,10,21,ofat_real,ofat:factor=enemy_hp:value=3:size=medium:map_type=baseline:enemy_profile=medium_plus:item_profile=many:wall_profile=open:player_hp=4:enemy_hp=3:agent=random,0,9,4,0,3,13,11,3,7,0.09,1,0.967391304347826,0.0707070707070707,2,2,3,5.333333333333333,9
griddly,random,,,,medium,baseline,medium_plus,many,open,medium_plus,many,low,4,3,enemy_hp,3,120,11,11,22,ofat_real,ofat:factor=enemy_hp:value=3:size=medium:map_type=baseline:enemy_profile=medium_plus:item_profile=many:wall_profile=open:player_hp=4:enemy_hp=3:agent=random,0,4,4,0,3,13,11,3,9,0.09,1,0.9666666666666667,0.09090909090909091,4,9,2,3.6666666666666665,7
griddly,random,,,,medium,baseline,medium_plus,many,open,medium_plus,many,low,4,3,enemy_hp,3,120,11,12,23,ofat_real,ofat:factor=enemy_hp:value=3:size=medium:map_type=baseline:enemy_profile=medium_plus:item_profile=many:wall_profile=open:player_hp=4:enemy_hp=3:agent=random,0,12,4,0,3,13,11,3,5,0.09,1,0.9680851063829787,0.050505050505050504,0,0,5,5.333333333333333,6
griddly,random,,,,medium,baseline,medium_plus,many,open,medium_plus,many,low,4,3,enemy_hp,3,120,11,13,24,ofat_real,ofat:factor=enemy_hp:value=3:size=medium:map_type=baseline:enemy_profile=medium_plus:item_profile=many:wall_profile=open:player_hp=4:enemy_hp=3:agent=random,0,14,4,0,3,13,11,3,8,0.09,1,0.967032967032967,0.08080808080808081,2,2,5,5.666666666666667,6
griddly,random,,,,medium,baseline,medium_plus,many,open,medium_plus,many,low,4,3,enemy_hp,3,120,11,14,25,ofat_real,ofat:factor=enemy_hp:value=3:size=medium:map_type=baseline:enemy_profile=medium_plus:item_profile=many:wall_profile=open:player_hp=4:enemy_hp=3:agent=random,0,27,4,0,2,13,11,3,14,0.09,1,0.9647058823529412,0.1414141414141414,2,3,6,7.333333333333333,8
griddly,random,,,,medium,baseline,medium_plus,many,open,medium_plus,many,low,4,3,enemy_hp,3,120,11,15,26,ofat_real,ofat:factor=enemy_hp:value=3:size=medium:map_type=baseline:enemy_profile=medium_plus:item_profile=many:wall_profile=open:player_hp=4:enemy_hp=3:agent=random,0,8,4,0,3,13,11,3,10,0.09,1,0.9662921348314607,0.10101010101010101,6,8,2,3.3333333333333335,6
griddly,random,,,,medium,baseline,medium_plus,many,open,medium_plus,many,low,4,3,enemy_hp,3,120,11,16,27,ofat_real,ofat:factor=enemy_hp:value=3:size=medium:map_type=baseline:enemy_profile=medium_plus:item_profile=many:wall_profile=open:player_hp=4:enemy_hp=3:agent=random,0,16,4,0,3,13,11,3,13,0.09,1,0.9534883720930233,0.13131313131313133,3,4,3,6.0,9
griddly,random,,,,medium,baseline,medium_plus,many,open,medium_plus,many,low,4,3,enemy_hp,3,120,11,17,28,ofat_real,ofat:factor=enemy_hp:value=3:size=medium:map_type=baseline:enemy_profile=medium_plus:item_profile=many:wall_profile=open:player_hp=4:enemy_hp=3:agent=random,0,14,4,0,3,13,11,3,12,0.09,1,0.9655172413793104,0.12121212121212122,5,5,6,7.0,8
griddly,random,,,,medium,baseline,medium_plus,many,open,medium_plus,many,low,4,3,enemy_hp,3,120,11,18,29,ofat_real,ofat:factor=enemy_hp:value=3:size=medium:map_type=baseline:enemy_profile=medium_plus:item_profile=many:wall_profile=open:player_hp=4:enemy_hp=3:agent=random,0,11,4,0,3,13,11,3,10,0.09,1,0.9662921348314607,0.10101010101010101,2,3,6,7.333333333333333,8
griddly,random,,,,medium,baseline,medium_plus,many,open,medium_plus,many,low,4,3,enemy_hp,3,120,11,19,30,ofat_real,ofat:factor=enemy_hp:value=3:size=medium:map_type=baseline:enemy_profile=medium_plus:item_profile=many:wall_profile=open:player_hp=4:enemy_hp=3:agent=random,0,9,4,0,3,13,11,3,7,0.09,1,0.967391304347826,0.0707070707070707,2,2,4,4.333333333333333,5
griddly,random,,,,medium,baseline,medium_plus,many,open,medium_plus,many,low,4,3,enemy_hp,3,120,11,20,31,ofat_real,ofat:factor=enemy_hp:value=3:size=medium:map_type=baseline:enemy_profile=medium_plus:item_profile=many:wall_profile=open:player_hp=4:enemy_hp=3:agent=random,0,11,4,0,3,13,11,3,6,0.09,1,0.967741935483871,0.06060606060606061,1,1,4,8.666666666666666,13
griddly,random,,,,medium,baseline,medium_plus,many,open,medium_plus,many,low,4,3,enemy_hp,3,120,11,21,32,ofat_real,ofat:factor=enemy_hp:value=3:size=medium:map_type=baseline:enemy_profile=medium_plus:item_profile=many:wall_profile=open:player_hp=4:enemy_hp=3:agent=random,0,12,4,0,3,13,11,3,12,0.09,1,0.9655172413793104,0.12121212121212122,3,3,4,7.333333333333333,10
griddly,random,,,,medium,baseline,medium_plus,many,open,medium_plus,many,low,4,3,enemy_hp,3,120,11,22,33,ofat_real,ofat:factor=enemy_hp:value=3:size=medium:map_type=baseline:enemy_profile=medium_plus:item_profile=many:wall_profile=open:player_hp=4:enemy_hp=3:agent=random,0,13,4,0,3,13,11,3,10,0.09,1,0.9662921348314607,0.10101010101010101,0,0,5,7.0,11
griddly,random,,,,medium,baseline,medium_plus,many,open,medium_plus,many,low,4,3,enemy_hp,3,120,11,23,34,ofat_real,ofat:factor=enemy_hp:value=3:size=medium:map_type=baseline:enemy_profile=medium_plus:item_profile=many:wall_profile=open:player_hp=4:enemy_hp=3:agent=random,0,10,4,0,3,13,11,3,7,0.09,1,0.967391304347826,0.0707070707070707,2,4,4,7.666666666666667,14
griddly,random,,,,medium,baseline,medium_plus,many,open,medium_plus,many,low,4,3,enemy_hp,3,120,11,24,35,ofat_real,ofat:factor=enemy_hp:value=3:size=medium:map_type=baseline:enemy_profile=medium_plus:item_profile=many:wall_profile=open:player_hp=4:enemy_hp=3:agent=random,0,10,4,0,3,13,11,3,8,0.09,1,0.9560439560439561,0.08080808080808081,2,3,2,3.3333333333333335,6
griddly,random,,,,medium,baseline,medium_plus,many,open,medium_plus,many,low,4,3,enemy_hp,3,120,11,25,36,ofat_real,ofat:factor=enemy_hp:value=3:size=medium:map_type=baseline:enemy_profile=medium_plus:item_profile=many:wall_profile=open:player_hp=4:enemy_hp=3:agent=random,0,11,4,0,3,13,11,3,12,0.09,1,0.9655172413793104,0.12121212121212122,1,1,4,6.333333333333333,10
griddly,random,,,,medium,baseline,medium_plus,many,open,medium_plus,many,low,4,3,enemy_hp,3,120,11,26,37,ofat_real,ofat:factor=enemy_hp:value=3:size=medium:map_type=baseline:enemy_profile=medium_plus:item_profile=many:wall_profile=open:player_hp=4:enemy_hp=3:agent=random,0,17,4,0,3,13,11,3,15,0.09,1,0.9523809523809523,0.15151515151515152,3,3,4,9.0,12
griddly,random,,,,medium,baseline,medium_plus,many,open,medium_plus,many,low,4,3,enemy_hp,3,120,11,27,38,ofat_real,ofat:factor=enemy_hp:value=3:size=medium:map_type=baseline:enemy_profile=medium_plus:item_profile=many:wall_profile=open:player_hp=4:enemy_hp=3:agent=random,0,11,4,0,2,13,11,3,5,0.09,1,0.9680851063829787,0.050505050505050504,1,1,5,5.333333333333333,6
griddly,random,,,,medium,baseline,medium_plus,many,open,medium_plus,many,low,4,3,enemy_hp,3,120,11,28,39,ofat_real,ofat:factor=enemy_hp:value=3:size=medium:map_type=baseline:enemy_profile=medium_plus:item_profile=many:wall_profile=open:player_hp=4:enemy_hp=3:agent=random,0,9,4,0,3,13,11,3,11,0.09,1,0.9659090909090909,0.1111111111111111,3,5,2,5.0,7
griddly,random,,,,medium,baseline,medium_plus,many,open,medium_plus,many,low,4,3,enemy_hp,3,120,11,29,40,ofat_real,ofat:factor=enemy_hp:value=3:size=medium:map_type=baseline:enemy_profile=medium_plus:item_profile=many:wall_profile=open:player_hp=4:enemy_hp=3:agent=random,0,25,4,0,2,13,11,3,9,0.09,1,0.9555555555555556,0.09090909090909091,1,2,5,8.0,10
griddly,heuristic,,,,medium,baseline,medium_plus,many,open,medium_plus,many,low,4,3,enemy_hp,3,120,11,0,11,ofat_real,ofat:factor=enemy_hp:value=3:size=medium:map_type=baseline:enemy_profile=medium_plus:item_profile=many:wall_profile=open:player_hp=4:enemy_hp=3:agent=heuristic,0,5,4,0,3,13,11,3,16,0.09,1,0.963855421686747,0.16161616161616163,6,8,4,4.333333333333333,5
griddly,heuristic,,,,medium,baseline,medium_plus,many,open,medium_plus,many,low,4,3,enemy_hp,3,120,11,1,12,ofat_real,ofat:factor=enemy_hp:value=3:size=medium:map_type=baseline:enemy_profile=medium_plus:item_profile=many:wall_profile=open:player_hp=4:enemy_hp=3:agent=heuristic,0,10,4,0,1,13,11,3,7,0.09,1,0.967391304347826,0.0707070707070707,2,2,3,5.0,7
griddly,heuristic,,,,medium,baseline,medium_plus,many,open,medium_plus,many,low,4,3,enemy_hp,3,120,11,2,13,ofat_real,ofat:factor=enemy_hp:value=3:size=medium:map_type=baseline:enemy_profile=medium_plus:item_profile=many:wall_profile=open:player_hp=4:enemy_hp=3:agent=heuristic,0,10,4,0,1,13,11,3,8,0.09,1,0.967032967032967,0.08080808080808081,3,5,2,5.333333333333333,9
griddly,heuristic,,,,medium,baseline,medium_plus,many,open,medium_plus,many,low,4,3,enemy_hp,3,120,11,3,14,ofat_real,ofat:factor=enemy_hp:value=3:size=medium:map_type=baseline:enemy_profile=medium_plus:item_profile=many:wall_profile=open:player_hp=4:enemy_hp=3:agent=heuristic,0,9,4,0,2,13,11,3,6,0.09,1,0.967741935483871,0.06060606060606061,2,4,3,8.333333333333334,12
griddly,heuristic,,,,medium,baseline,medium_plus,many,open,medium_plus,many,low,4,3,enemy_hp,3,120,11,4,15,ofat_real,ofat:factor=enemy_hp:value=3:size=medium:map_type=baseline:enemy_profile=medium_plus:item_profile=many:wall_profile=open:player_hp=4:enemy_hp=3:agent=heuristic,0,8,4,0,2,13,11,3,8,0.09,1,0.967032967032967,0.08080808080808081,2,3,3,5.0,7
griddly,heuristic,,,,medium,baseline,medium_plus,many,open,medium_plus,many,low,4,3,enemy_hp,3,120,11,5,16,ofat_real,ofat:factor=enemy_hp:value=3:size=medium:map_type=baseline:enemy_profile=medium_plus:item_profile=many:wall_profile=open:player_hp=4:enemy_hp=3:agent=heuristic,0,11,4,0,2,13,11,3,10,0.09,1,0.9662921348314607,0.10101010101010101,5,10,7,8.666666666666666,10
griddly,heuristic,,,,medium,baseline,medium_plus,many,open,medium_plus,many,low,4,3,enemy_hp,3,120,11,6,17,ofat_real,ofat:factor=enemy_hp:value=3:size=medium:map_type=baseline:enemy_profile=medium_plus:item_profile=many:wall_profile=open:player_hp=4:enemy_hp=3:agent=heuristic,0,8,4,0,2,13,11,3,8,0.09,1,0.967032967032967,0.08080808080808081,2,4,6,10.0,13
griddly,heuristic,,,,medium,baseline,medium_plus,many,open,medium_plus,many,low,4,3,enemy_hp,3,120,11,7,18,ofat_real,ofat:factor=enemy_hp:value=3:size=medium:map_type=baseline:enemy_profile=medium_plus:item_profile=many:wall_profile=open:player_hp=4:enemy_hp=3:agent=heuristic,0,10,4,0,2,13,11,3,7,0.09,1,0.967391304347826,0.0707070707070707,1,1,7,7.666666666666667,8
griddly,heuristic,,,,medium,baseline,medium_plus,many,open,medium_plus,many,low,4,3,enemy_hp,3,120,11,8,19,ofat_real,ofat:factor=enemy_hp:value=3:size=medium:map_type=baseline:enemy_profile=medium_plus:item_profile=many:wall_profile=open:player_hp=4:enemy_hp=3:agent=heuristic,0,5,4,0,3,13,11,3,11,0.09,1,0.9659090909090909,0.1111111111111111,3,3,4,7.666666666666667,14
griddly,heuristic,,,,medium,baseline,medium_plus,many,open,medium_plus,many,low,4,3,enemy_hp,3,120,11,9,20,ofat_real,ofat:factor=enemy_hp:value=3:size=medium:map_type=baseline:enemy_profile=medium_plus:item_profile=many:wall_profile=open:player_hp=4:enemy_hp=3:agent=heuristic,0,9,4,0,2,13,11,3,11,0.09,1,0.9659090909090909,0.1111111111111111,2,3,6,8.333333333333334,11
griddly,heuristic,,,,medium,baseline,medium_plus,many,open,medium_plus,many,low,4,3,enemy_hp,3,120,11,10,21,ofat_real,ofat:factor=enemy_hp:value=3:size=medium:map_type=baseline:enemy_profile=medium_plus:item_profile=many:wall_profile=open:player_hp=4:enemy_hp=3:agent=heuristic,0,8,4,0,1,13,11,3,7,0.09,1,0.967391304347826,0.0707070707070707,2,2,3,5.333333333333333,9
griddly,heuristic,,,,medium,baseline,medium_plus,many,open,medium_plus,many,low,4,3,enemy_hp,3,120,11,11,22,ofat_real,ofat:factor=enemy_hp:value=3:size=medium:map_type=baseline:enemy_profile=medium_plus:item_profile=many:wall_profile=open:player_hp=4:enemy_hp=3:agent=heuristic,0,10,4,0,1,13,11,3,9,0.09,1,0.9666666666666667,0.09090909090909091,4,9,2,3.6666666666666665,7
griddly,heuristic,,,,medium,baseline,medium_plus,many,open,medium_plus,many,low,4,3,enemy_hp,3,120,11,12,23,ofat_real,ofat:factor=enemy_hp:value=3:size=medium:map_type=baseline:enemy_profile=medium_plus:item_profile=many:wall_profile=open:player_hp=4:enemy_hp=3:agent=heuristic,0,9,4,0,2,13,11,3,5,0.09,1,0.9680851063829787,0.050505050505050504,0,0,5,5.333333333333333,6
griddly,heuristic,,,,medium,baseline,medium_plus,many,open,medium_plus,many,low,4,3,enemy_hp,3,120,11,13,24,ofat_real,ofat:factor=enemy_hp:value=3:size=medium:map_type=baseline:enemy_profile=medium_plus:item_profile=many:wall_profile=open:player_hp=4:enemy_hp=3:agent=heuristic,0,6,4,0,2,13,11,3,8,0.09,1,0.967032967032967,0.08080808080808081,2,2,5,5.666666666666667,6
griddly,heuristic,,,,medium,baseline,medium_plus,many,open,medium_plus,many,low,4,3,enemy_hp,3,120,11,14,25,ofat_real,ofat:factor=enemy_hp:value=3:size=medium:map_type=baseline:enemy_profile=medium_plus:item_profile=many:wall_profile=open:player_hp=4:enemy_hp=3:agent=heuristic,0,8,4,0,2,13,11,3,14,0.09,1,0.9647058823529412,0.1414141414141414,2,3,6,7.333333333333333,8
griddly,heuristic,,,,medium,baseline,medium_plus,many,open,medium_plus,many,low,4,3,enemy_hp,3,120,11,15,26,ofat_real,ofat:factor=enemy_hp:value=3:size=medium:map_type=baseline:enemy_profile=medium_plus:item_profile=many:wall_profile=open:player_hp=4:enemy_hp=3:agent=heuristic,0,6,4,0,2,13,11,3,10,0.09,1,0.9662921348314607,0.10101010101010101,6,8,2,3.3333333333333335,6
griddly,heuristic,,,,medium,baseline,medium_plus,many,open,medium_plus,many,low,4,3,enemy_hp,3,120,11,16,27,ofat_real,ofat:factor=enemy_hp:value=3:size=medium:map_type=baseline:enemy_profile=medium_plus:item_profile=many:wall_profile=open:player_hp=4:enemy_hp=3:agent=heuristic,0,9,4,0,2,13,11,3,13,0.09,1,0.9534883720930233,0.13131313131313133,3,4,3,6.0,9
griddly,heuristic,,,,medium,baseline,medium_plus,many,open,medium_plus,many,low,4,3,enemy_hp,3,120,11,17,28,ofat_real,ofat:factor=enemy_hp:value=3:size=medium:map_type=baseline:enemy_profile=medium_plus:item_profile=many:wall_profile=open:player_hp=4:enemy_hp=3:agent=heuristic,0,6,4,0,2,13,11,3,12,0.09,1,0.9655172413793104,0.12121212121212122,5,5,6,7.0,8
griddly,heuristic,,,,medium,baseline,medium_plus,many,open,medium_plus,many,low,4,3,enemy_hp,3,120,11,18,29,ofat_real,ofat:factor=enemy_hp:value=3:size=medium:map_type=baseline:enemy_profile=medium_plus:item_profile=many:wall_profile=open:player_hp=4:enemy_hp=3:agent=heuristic,0,9,4,0,2,13,11,3,10,0.09,1,0.9662921348314607,0.10101010101010101,2,3,6,7.333333333333333,8
griddly,heuristic,,,,medium,baseline,medium_plus,many,open,medium_plus,many,low,4,3,enemy_hp,3,120,11,19,30,ofat_real,ofat:factor=enemy_hp:value=3:size=medium:map_type=baseline:enemy_profile=medium_plus:item_profile=many:wall_profile=open:player_hp=4:enemy_hp=3:agent=heuristic,0,5,4,0,3,13,11,3,7,0.09,1,0.967391304347826,0.0707070707070707,2,2,4,4.333333333333333,5
griddly,heuristic,,,,medium,baseline,medium_plus,many,open,medium_plus,many,low,4,3,enemy_hp,3,120,11,20,31,ofat_real,ofat:factor=enemy_hp:value=3:size=medium:map_type=baseline:enemy_profile=medium_plus:item_profile=many:wall_profile=open:player_hp=4:enemy_hp=3:agent=heuristic,0,13,4,0,2,13,11,3,6,0.09,1,0.967741935483871,0.06060606060606061,1,1,4,8.666666666666666,13
griddly,heuristic,,,,medium,baseline,medium_plus,many,open,medium_plus,many,low,4,3,enemy_hp,3,120,11,21,32,ofat_real,ofat:factor=enemy_hp:value=3:size=medium:map_type=baseline:enemy_profile=medium_plus:item_profile=many:wall_profile=open:player_hp=4:enemy_hp=3:agent=heuristic,0,8,4,0,2,13,11,3,12,0.09,1,0.9655172413793104,0.12121212121212122,3,3,4,7.333333333333333,10
griddly,heuristic,,,,medium,baseline,medium_plus,many,open,medium_plus,many,low,4,3,enemy_hp,3,120,11,22,33,ofat_real,ofat:factor=enemy_hp:value=3:size=medium:map_type=baseline:enemy_profile=medium_plus:item_profile=many:wall_profile=open:player_hp=4:enemy_hp=3:agent=heuristic,0,7,4,0,2,13,11,3,10,0.09,1,0.9662921348314607,0.10101010101010101,0,0,5,7.0,11
griddly,heuristic,,,,medium,baseline,medium_plus,many,open,medium_plus,many,low,4,3,enemy_hp,3,120,11,23,34,ofat_real,ofat:factor=enemy_hp:value=3:size=medium:map_type=baseline:enemy_profile=medium_plus:item_profile=many:wall_profile=open:player_hp=4:enemy_hp=3:agent=heuristic,0,9,4,0,2,13,11,3,7,0.09,1,0.967391304347826,0.0707070707070707,2,4,4,7.666666666666667,14
griddly,heuristic,,,,medium,baseline,medium_plus,many,open,medium_plus,many,low,4,3,enemy_hp,3,120,11,24,35,ofat_real,ofat:factor=enemy_hp:value=3:size=medium:map_type=baseline:enemy_profile=medium_plus:item_profile=many:wall_profile=open:player_hp=4:enemy_hp=3:agent=heuristic,0,6,4,0,2,13,11,3,8,0.09,1,0.9560439560439561,0.08080808080808081,2,3,2,3.3333333333333335,6
griddly,heuristic,,,,medium,baseline,medium_plus,many,open,medium_plus,many,low,4,3,enemy_hp,3,120,11,25,36,ofat_real,ofat:factor=enemy_hp:value=3:size=medium:map_type=baseline:enemy_profile=medium_plus:item_profile=many:wall_profile=open:player_hp=4:enemy_hp=3:agent=heuristic,0,7,4,0,2,13,11,3,12,0.09,1,0.9655172413793104,0.12121212121212122,1,1,4,6.333333333333333,10
griddly,heuristic,,,,medium,baseline,medium_plus,many,open,medium_plus,many,low,4,3,enemy_hp,3,120,11,26,37,ofat_real,ofat:factor=enemy_hp:value=3:size=medium:map_type=baseline:enemy_profile=medium_plus:item_profile=many:wall_profile=open:player_hp=4:enemy_hp=3:agent=heuristic,0,8,4,0,2,13,11,3,15,0.09,1,0.9523809523809523,0.15151515151515152,3,3,4,9.0,12
griddly,heuristic,,,,medium,baseline,medium_plus,many,open,medium_plus,many,low,4,3,enemy_hp,3,120,11,27,38,ofat_real,ofat:factor=enemy_hp:value=3:size=medium:map_type=baseline:enemy_profile=medium_plus:item_profile=many:wall_profile=open:player_hp=4:enemy_hp=3:agent=heuristic,0,7,4,0,2,13,11,3,5,0.09,1,0.9680851063829787,0.050505050505050504,1,1,5,5.333333333333333,6
griddly,heuristic,,,,medium,baseline,medium_plus,many,open,medium_plus,many,low,4,3,enemy_hp,3,120,11,28,39,ofat_real,ofat:factor=enemy_hp:value=3:size=medium:map_type=baseline:enemy_profile=medium_plus:item_profile=many:wall_profile=open:player_hp=4:enemy_hp=3:agent=heuristic,0,6,4,0,2,13,11,3,11,0.09,1,0.9659090909090909,0.1111111111111111,3,5,2,5.0,7
griddly,heuristic,,,,medium,baseline,medium_plus,many,open,medium_plus,many,low,4,3,enemy_hp,3,120,11,29,40,ofat_real,ofat:factor=enemy_hp:value=3:size=medium:map_type=baseline:enemy_profile=medium_plus:item_profile=many:wall_profile=open:player_hp=4:enemy_hp=3:agent=heuristic,0,8,4,0,2,13,11,3,9,0.09,1,0.9555555555555556,0.09090909090909091,1,2,5,8.0,10
griddly,mcts_small,50,10,1.4142135623730951,medium,baseline,medium_plus,many,open,medium_plus,many,low,4,3,enemy_hp,3,120,11,0,11,ofat_real,ofat:factor=enemy_hp:value=3:size=medium:map_type=baseline:enemy_profile=medium_plus:item_profile=many:wall_profile=open:player_hp=4:enemy_hp=3:agent=mcts_small,0,11,4,0,3,13,11,3,16,0.09,1,0.963855421686747,0.16161616161616163,6,8,4,4.333333333333333,5
griddly,mcts_small,50,10,1.4142135623730951,medium,baseline,medium_plus,many,open,medium_plus,many,low,4,3,enemy_hp,3,120,11,1,12,ofat_real,ofat:factor=enemy_hp:value=3:size=medium:map_type=baseline:enemy_profile=medium_plus:item_profile=many:wall_profile=open:player_hp=4:enemy_hp=3:agent=mcts_small,0,6,4,0,2,13,11,3,7,0.09,1,0.967391304347826,0.0707070707070707,2,2,3,5.0,7
griddly,mcts_small,50,10,1.4142135623730951,medium,baseline,medium_plus,many,open,medium_plus,many,low,4,3,enemy_hp,3,120,11,2,13,ofat_real,ofat:factor=enemy_hp:value=3:size=medium:map_type=baseline:enemy_profile=medium_plus:item_profile=many:wall_profile=open:player_hp=4:enemy_hp=3:agent=mcts_small,0,7,4,0,3,13,11,3,8,0.09,1,0.967032967032967,0.08080808080808081,3,5,2,5.333333333333333,9
griddly,mcts_small,50,10,1.4142135623730951,medium,baseline,medium_plus,many,open,medium_plus,many,low,4,3,enemy_hp,3,120,11,3,14,ofat_real,ofat:factor=enemy_hp:value=3:size=medium:map_type=baseline:enemy_profile=medium_plus:item_profile=many:wall_profile=open:player_hp=4:enemy_hp=3:agent=mcts_small,0,14,4,0,3,13,11,3,6,0.09,1,0.967741935483871,0.06060606060606061,2,4,3,8.333333333333334,12
griddly,mcts_small,50,10,1.4142135623730951,medium,baseline,medium_plus,many,open,medium_plus,many,low,4,3,enemy_hp,3,120,11,4,15,ofat_real,ofat:factor=enemy_hp:value=3:size=medium:map_type=baseline:enemy_profile=medium_plus:item_profile=many:wall_profile=open:player_hp=4:enemy_hp=3:agent=mcts_small,1,16,3,1,0,13,11,3,8,0.09,1,0.967032967032967,0.08080808080808081,2,3,3,5.0,7
griddly,mcts_small,50,10,1.4142135623730951,medium,baseline,medium_plus,many,open,medium_plus,many,low,4,3,enemy_hp,3,120,11,5,16,ofat_real,ofat:factor=enemy_hp:value=3:size=medium:map_type=baseline:enemy_profile=medium_plus:item_profile=many:wall_profile=open:player_hp=4:enemy_hp=3:agent=mcts_small,0,13,4,0,3,13,11,3,10,0.09,1,0.9662921348314607,0.10101010101010101,5,10,7,8.666666666666666,10
griddly,mcts_small,50,10,1.4142135623730951,medium,baseline,medium_plus,many,open,medium_plus,many,low,4,3,enemy_hp,3,120,11,6,17,ofat_real,ofat:factor=enemy_hp:value=3:size=medium:map_type=baseline:enemy_profile=medium_plus:item_profile=many:wall_profile=open:player_hp=4:enemy_hp=3:agent=mcts_small,0,11,4,0,3,13,11,3,8,0.09,1,0.967032967032967,0.08080808080808081,2,4,6,10.0,13
griddly,mcts_small,50,10,1.4142135623730951,medium,baseline,medium_plus,many,open,medium_plus,many,low,4,3,enemy_hp,3,120,11,7,18,ofat_real,ofat:factor=enemy_hp:value=3:size=medium:map_type=baseline:enemy_profile=medium_plus:item_profile=many:wall_profile=open:player_hp=4:enemy_hp=3:agent=mcts_small,0,18,4,0,2,13,11,3,7,0.09,1,0.967391304347826,0.0707070707070707,1,1,7,7.666666666666667,8
griddly,mcts_small,50,10,1.4142135623730951,medium,baseline,medium_plus,many,open,medium_plus,many,low,4,3,enemy_hp,3,120,11,8,19,ofat_real,ofat:factor=enemy_hp:value=3:size=medium:map_type=baseline:enemy_profile=medium_plus:item_profile=many:wall_profile=open:player_hp=4:enemy_hp=3:agent=mcts_small,0,9,4,0,2,13,11,3,11,0.09,1,0.9659090909090909,0.1111111111111111,3,3,4,7.666666666666667,14
griddly,mcts_small,50,10,1.4142135623730951,medium,baseline,medium_plus,many,open,medium_plus,many,low,4,3,enemy_hp,3,120,11,9,20,ofat_real,ofat:factor=enemy_hp:value=3:size=medium:map_type=baseline:enemy_profile=medium_plus:item_profile=many:wall_profile=open:player_hp=4:enemy_hp=3:agent=mcts_small,0,12,4,0,3,13,11,3,11,0.09,1,0.9659090909090909,0.1111111111111111,2,3,6,8.333333333333334,11
griddly,mcts_small,50,10,1.4142135623730951,medium,baseline,medium_plus,many,open,medium_plus,many,low,4,3,enemy_hp,3,120,11,10,21,ofat_real,ofat:factor=enemy_hp:value=3:size=medium:map_type=baseline:enemy_profile=medium_plus:item_profile=many:wall_profile=open:player_hp=4:enemy_hp=3:agent=mcts_small,0,5,4,0,3,13,11,3,7,0.09,1,0.967391304347826,0.0707070707070707,2,2,3,5.333333333333333,9
griddly,mcts_small,50,10,1.4142135623730951,medium,baseline,medium_plus,many,open,medium_plus,many,low,4,3,enemy_hp,3,120,11,11,22,ofat_real,ofat:factor=enemy_hp:value=3:size=medium:map_type=baseline:enemy_profile=medium_plus:item_profile=many:wall_profile=open:player_hp=4:enemy_hp=3:agent=mcts_small,0,4,4,0,3,13,11,3,9,0.09,1,0.9666666666666667,0.09090909090909091,4,9,2,3.6666666666666665,7
griddly,mcts_small,50,10,1.4142135623730951,medium,baseline,medium_plus,many,open,medium_plus,many,low,4,3,enemy_hp,3,120,11,12,23,ofat_real,ofat:factor=enemy_hp:value=3:size=medium:map_type=baseline:enemy_profile=medium_plus:item_profile=many:wall_profile=open:player_hp=4:enemy_hp=3:agent=mcts_small,0,8,4,0,3,13,11,3,5,0.09,1,0.9680851063829787,0.050505050505050504,0,0,5,5.333333333333333,6
griddly,mcts_small,50,10,1.4142135623730951,medium,baseline,medium_plus,many,open,medium_plus,many,low,4,3,enemy_hp,3,120,11,13,24,ofat_real,ofat:factor=enemy_hp:value=3:size=medium:map_type=baseline:enemy_profile=medium_plus:item_profile=many:wall_profile=open:player_hp=4:enemy_hp=3:agent=mcts_small,0,8,4,0,3,13,11,3,8,0.09,1,0.967032967032967,0.08080808080808081,2,2,5,5.666666666666667,6
griddly,mcts_small,50,10,1.4142135623730951,medium,baseline,medium_plus,many,open,medium_plus,many,low,4,3,enemy_hp,3,120,11,14,25,ofat_real,ofat:factor=enemy_hp:value=3:size=medium:map_type=baseline:enemy_profile=medium_plus:item_profile=many:wall_profile=open:player_hp=4:enemy_hp=3:agent=mcts_small,1,19,3,1,0,13,11,3,14,0.09,1,0.9647058823529412,0.1414141414141414,2,3,6,7.333333333333333,8
griddly,mcts_small,50,10,1.4142135623730951,medium,baseline,medium_plus,many,open,medium_plus,many,low,4,3,enemy_hp,3,120,11,15,26,ofat_real,ofat:factor=enemy_hp:value=3:size=medium:map_type=baseline:enemy_profile=medium_plus:item_profile=many:wall_profile=open:player_hp=4:enemy_hp=3:agent=mcts_small,0,5,4,0,3,13,11,3,10,0.09,1,0.9662921348314607,0.10101010101010101,6,8,2,3.3333333333333335,6
griddly,mcts_small,50,10,1.4142135623730951,medium,baseline,medium_plus,many,open,medium_plus,many,low,4,3,enemy_hp,3,120,11,16,27,ofat_real,ofat:factor=enemy_hp:value=3:size=medium:map_type=baseline:enemy_profile=medium_plus:item_profile=many:wall_profile=open:player_hp=4:enemy_hp=3:agent=mcts_small,1,18,3,1,0,13,11,3,13,0.09,1,0.9534883720930233,0.13131313131313133,3,4,3,6.0,9
griddly,mcts_small,50,10,1.4142135623730951,medium,baseline,medium_plus,many,open,medium_plus,many,low,4,3,enemy_hp,3,120,11,17,28,ofat_real,ofat:factor=enemy_hp:value=3:size=medium:map_type=baseline:enemy_profile=medium_plus:item_profile=many:wall_profile=open:player_hp=4:enemy_hp=3:agent=mcts_small,0,9,4,0,3,13,11,3,12,0.09,1,0.9655172413793104,0.12121212121212122,5,5,6,7.0,8
griddly,mcts_small,50,10,1.4142135623730951,medium,baseline,medium_plus,many,open,medium_plus,many,low,4,3,enemy_hp,3,120,11,18,29,ofat_real,ofat:factor=enemy_hp:value=3:size=medium:map_type=baseline:enemy_profile=medium_plus:item_profile=many:wall_profile=open:player_hp=4:enemy_hp=3:agent=mcts_small,0,15,4,0,2,13,11,3,10,0.09,1,0.9662921348314607,0.10101010101010101,2,3,6,7.333333333333333,8
griddly,mcts_small,50,10,1.4142135623730951,medium,baseline,medium_plus,many,open,medium_plus,many,low,4,3,enemy_hp,3,120,11,19,30,ofat_real,ofat:factor=enemy_hp:value=3:size=medium:map_type=baseline:enemy_profile=medium_plus:item_profile=many:wall_profile=open:player_hp=4:enemy_hp=3:agent=mcts_small,0,9,4,0,3,13,11,3,7,0.09,1,0.967391304347826,0.0707070707070707,2,2,4,4.333333333333333,5
griddly,mcts_small,50,10,1.4142135623730951,medium,baseline,medium_plus,many,open,medium_plus,many,low,4,3,enemy_hp,3,120,11,20,31,ofat_real,ofat:factor=enemy_hp:value=3:size=medium:map_type=baseline:enemy_profile=medium_plus:item_profile=many:wall_profile=open:player_hp=4:enemy_hp=3:agent=mcts_small,0,18,4,0,1,13,11,3,6,0.09,1,0.967741935483871,0.06060606060606061,1,1,4,8.666666666666666,13
griddly,mcts_small,50,10,1.4142135623730951,medium,baseline,medium_plus,many,open,medium_plus,many,low,4,3,enemy_hp,3,120,11,21,32,ofat_real,ofat:factor=enemy_hp:value=3:size=medium:map_type=baseline:enemy_profile=medium_plus:item_profile=many:wall_profile=open:player_hp=4:enemy_hp=3:agent=mcts_small,1,18,3,1,0,13,11,3,12,0.09,1,0.9655172413793104,0.12121212121212122,3,3,4,7.333333333333333,10
griddly,mcts_small,50,10,1.4142135623730951,medium,baseline,medium_plus,many,open,medium_plus,many,low,4,3,enemy_hp,3,120,11,22,33,ofat_real,ofat:factor=enemy_hp:value=3:size=medium:map_type=baseline:enemy_profile=medium_plus:item_profile=many:wall_profile=open:player_hp=4:enemy_hp=3:agent=mcts_small,0,11,4,0,2,13,11,3,10,0.09,1,0.9662921348314607,0.10101010101010101,0,0,5,7.0,11
griddly,mcts_small,50,10,1.4142135623730951,medium,baseline,medium_plus,many,open,medium_plus,many,low,4,3,enemy_hp,3,120,11,23,34,ofat_real,ofat:factor=enemy_hp:value=3:size=medium:map_type=baseline:enemy_profile=medium_plus:item_profile=many:wall_profile=open:player_hp=4:enemy_hp=3:agent=mcts_small,0,8,4,0,3,13,11,3,7,0.09,1,0.967391304347826,0.0707070707070707,2,4,4,7.666666666666667,14
griddly,mcts_small,50,10,1.4142135623730951,medium,baseline,medium_plus,many,open,medium_plus,many,low,4,3,enemy_hp,3,120,11,24,35,ofat_real,ofat:factor=enemy_hp:value=3:size=medium:map_type=baseline:enemy_profile=medium_plus:item_profile=many:wall_profile=open:player_hp=4:enemy_hp=3:agent=mcts_small,0,5,4,0,3,13,11,3,8,0.09,1,0.9560439560439561,0.08080808080808081,2,3,2,3.3333333333333335,6
griddly,mcts_small,50,10,1.4142135623730951,medium,baseline,medium_plus,many,open,medium_plus,many,low,4,3,enemy_hp,3,120,11,25,36,ofat_real,ofat:factor=enemy_hp:value=3:size=medium:map_type=baseline:enemy_profile=medium_plus:item_profile=many:wall_profile=open:player_hp=4:enemy_hp=3:agent=mcts_small,0,11,4,0,3,13,11,3,12,0.09,1,0.9655172413793104,0.12121212121212122,1,1,4,6.333333333333333,10
griddly,mcts_small,50,10,1.4142135623730951,medium,baseline,medium_plus,many,open,medium_plus,many,low,4,3,enemy_hp,3,120,11,26,37,ofat_real,ofat:factor=enemy_hp:value=3:size=medium:map_type=baseline:enemy_profile=medium_plus:item_profile=many:wall_profile=open:player_hp=4:enemy_hp=3:agent=mcts_small,0,11,4,0,3,13,11,3,15,0.09,1,0.9523809523809523,0.15151515151515152,3,3,4,9.0,12
griddly,mcts_small,50,10,1.4142135623730951,medium,baseline,medium_plus,many,open,medium_plus,many,low,4,3,enemy_hp,3,120,11,27,38,ofat_real,ofat:factor=enemy_hp:value=3:size=medium:map_type=baseline:enemy_profile=medium_plus:item_profile=many:wall_profile=open:player_hp=4:enemy_hp=3:agent=mcts_small,0,20,4,0,3,13,11,3,5,0.09,1,0.9680851063829787,0.050505050505050504,1,1,5,5.333333333333333,6
griddly,mcts_small,50,10,1.4142135623730951,medium,baseline,medium_plus,many,open,medium_plus,many,low,4,3,enemy_hp,3,120,11,28,39,ofat_real,ofat:factor=enemy_hp:value=3:size=medium:map_type=baseline:enemy_profile=medium_plus:item_profile=many:wall_profile=open:player_hp=4:enemy_hp=3:agent=mcts_small,0,10,4,0,3,13,11,3,11,0.09,1,0.9659090909090909,0.1111111111111111,3,5,2,5.0,7
griddly,mcts_small,50,10,1.4142135623730951,medium,baseline,medium_plus,many,open,medium_plus,many,low,4,3,enemy_hp,3,120,11,29,40,ofat_real,ofat:factor=enemy_hp:value=3:size=medium:map_type=baseline:enemy_profile=medium_plus:item_profile=many:wall_profile=open:player_hp=4:enemy_hp=3:agent=mcts_small,1,18,3,1,0,13,11,3,9,0.09,1,0.9555555555555556,0.09090909090909091,1,2,5,8.0,10
griddly,mcts_medium,200,30,1.4142135623730951,medium,baseline,medium_plus,many,open,medium_plus,many,low,4,3,enemy_hp,3,120,11,0,11,ofat_real,ofat:factor=enemy_hp:value=3:size=medium:map_type=baseline:enemy_profile=medium_plus:item_profile=many:wall_profile=open:player_hp=4:enemy_hp=3:agent=mcts_medium,1,52,3,1,0,13,11,3,16,0.09,1,0.963855421686747,0.16161616161616163,6,8,4,4.333333333333333,5
griddly,mcts_medium,200,30,1.4142135623730951,medium,baseline,medium_plus,many,open,medium_plus,many,low,4,3,enemy_hp,3,120,11,1,12,ofat_real,ofat:factor=enemy_hp:value=3:size=medium:map_type=baseline:enemy_profile=medium_plus:item_profile=many:wall_profile=open:player_hp=4:enemy_hp=3:agent=mcts_medium,0,11,4,0,2,13,11,3,7,0.09,1,0.967391304347826,0.0707070707070707,2,2,3,5.0,7
griddly,mcts_medium,200,30,1.4142135623730951,medium,baseline,medium_plus,many,open,medium_plus,many,low,4,3,enemy_hp,3,120,11,2,13,ofat_real,ofat:factor=enemy_hp:value=3:size=medium:map_type=baseline:enemy_profile=medium_plus:item_profile=many:wall_profile=open:player_hp=4:enemy_hp=3:agent=mcts_medium,0,9,4,0,3,13,11,3,8,0.09,1,0.967032967032967,0.08080808080808081,3,5,2,5.333333333333333,9
griddly,mcts_medium,200,30,1.4142135623730951,medium,baseline,medium_plus,many,open,medium_plus,many,low,4,3,enemy_hp,3,120,11,3,14,ofat_real,ofat:factor=enemy_hp:value=3:size=medium:map_type=baseline:enemy_profile=medium_plus:item_profile=many:wall_profile=open:player_hp=4:enemy_hp=3:agent=mcts_medium,0,12,4,0,2,13,11,3,6,0.09,1,0.967741935483871,0.06060606060606061,2,4,3,8.333333333333334,12
griddly,mcts_medium,200,30,1.4142135623730951,medium,baseline,medium_plus,many,open,medium_plus,many,low,4,3,enemy_hp,3,120,11,4,15,ofat_real,ofat:factor=enemy_hp:value=3:size=medium:map_type=baseline:enemy_profile=medium_plus:item_profile=many:wall_profile=open:player_hp=4:enemy_hp=3:agent=mcts_medium,0,11,4,0,2,13,11,3,8,0.09,1,0.967032967032967,0.08080808080808081,2,3,3,5.0,7
griddly,mcts_medium,200,30,1.4142135623730951,medium,baseline,medium_plus,many,open,medium_plus,many,low,4,3,enemy_hp,3,120,11,5,16,ofat_real,ofat:factor=enemy_hp:value=3:size=medium:map_type=baseline:enemy_profile=medium_plus:item_profile=many:wall_profile=open:player_hp=4:enemy_hp=3:agent=mcts_medium,0,15,4,0,3,13,11,3,10,0.09,1,0.9662921348314607,0.10101010101010101,5,10,7,8.666666666666666,10
griddly,mcts_medium,200,30,1.4142135623730951,medium,baseline,medium_plus,many,open,medium_plus,many,low,4,3,enemy_hp,3,120,11,6,17,ofat_real,ofat:factor=enemy_hp:value=3:size=medium:map_type=baseline:enemy_profile=medium_plus:item_profile=many:wall_profile=open:player_hp=4:enemy_hp=3:agent=mcts_medium,0,12,4,0,3,13,11,3,8,0.09,1,0.967032967032967,0.08080808080808081,2,4,6,10.0,13
griddly,mcts_medium,200,30,1.4142135623730951,medium,baseline,medium_plus,many,open,medium_plus,many,low,4,3,enemy_hp,3,120,11,7,18,ofat_real,ofat:factor=enemy_hp:value=3:size=medium:map_type=baseline:enemy_profile=medium_plus:item_profile=many:wall_profile=open:player_hp=4:enemy_hp=3:agent=mcts_medium,0,12,4,0,3,13,11,3,7,0.09,1,0.967391304347826,0.0707070707070707,1,1,7,7.666666666666667,8
griddly,mcts_medium,200,30,1.4142135623730951,medium,baseline,medium_plus,many,open,medium_plus,many,low,4,3,enemy_hp,3,120,11,8,19,ofat_real,ofat:factor=enemy_hp:value=3:size=medium:map_type=baseline:enemy_profile=medium_plus:item_profile=many:wall_profile=open:player_hp=4:enemy_hp=3:agent=mcts_medium,0,7,4,0,3,13,11,3,11,0.09,1,0.9659090909090909,0.1111111111111111,3,3,4,7.666666666666667,14
griddly,mcts_medium,200,30,1.4142135623730951,medium,baseline,medium_plus,many,open,medium_plus,many,low,4,3,enemy_hp,3,120,11,9,20,ofat_real,ofat:factor=enemy_hp:value=3:size=medium:map_type=baseline:enemy_profile=medium_plus:item_profile=many:wall_profile=open:player_hp=4:enemy_hp=3:agent=mcts_medium,0,14,4,0,3,13,11,3,11,0.09,1,0.9659090909090909,0.1111111111111111,2,3,6,8.333333333333334,11
griddly,mcts_medium,200,30,1.4142135623730951,medium,baseline,medium_plus,many,open,medium_plus,many,low,4,3,enemy_hp,3,120,11,10,21,ofat_real,ofat:factor=enemy_hp:value=3:size=medium:map_type=baseline:enemy_profile=medium_plus:item_profile=many:wall_profile=open:player_hp=4:enemy_hp=3:agent=mcts_medium,0,5,4,0,3,13,11,3,7,0.09,1,0.967391304347826,0.0707070707070707,2,2,3,5.333333333333333,9
griddly,mcts_medium,200,30,1.4142135623730951,medium,baseline,medium_plus,many,open,medium_plus,many,low,4,3,enemy_hp,3,120,11,11,22,ofat_real,ofat:factor=enemy_hp:value=3:size=medium:map_type=baseline:enemy_profile=medium_plus:item_profile=many:wall_profile=open:player_hp=4:enemy_hp=3:agent=mcts_medium,0,8,4,0,3,13,11,3,9,0.09,1,0.9666666666666667,0.09090909090909091,4,9,2,3.6666666666666665,7
griddly,mcts_medium,200,30,1.4142135623730951,medium,baseline,medium_plus,many,open,medium_plus,many,low,4,3,enemy_hp,3,120,11,12,23,ofat_real,ofat:factor=enemy_hp:value=3:size=medium:map_type=baseline:enemy_profile=medium_plus:item_profile=many:wall_profile=open:player_hp=4:enemy_hp=3:agent=mcts_medium,0,13,4,0,3,13,11,3,5,0.09,1,0.9680851063829787,0.050505050505050504,0,0,5,5.333333333333333,6
griddly,mcts_medium,200,30,1.4142135623730951,medium,baseline,medium_plus,many,open,medium_plus,many,low,4,3,enemy_hp,3,120,11,13,24,ofat_real,ofat:factor=enemy_hp:value=3:size=medium:map_type=baseline:enemy_profile=medium_plus:item_profile=many:wall_profile=open:player_hp=4:enemy_hp=3:agent=mcts_medium,0,9,4,0,3,13,11,3,8,0.09,1,0.967032967032967,0.08080808080808081,2,2,5,5.666666666666667,6
griddly,mcts_medium,200,30,1.4142135623730951,medium,baseline,medium_plus,many,open,medium_plus,many,low,4,3,enemy_hp,3,120,11,14,25,ofat_real,ofat:factor=enemy_hp:value=3:size=medium:map_type=baseline:enemy_profile=medium_plus:item_profile=many:wall_profile=open:player_hp=4:enemy_hp=3:agent=mcts_medium,0,26,4,0,1,13,11,3,14,0.09,1,0.9647058823529412,0.1414141414141414,2,3,6,7.333333333333333,8
griddly,mcts_medium,200,30,1.4142135623730951,medium,baseline,medium_plus,many,open,medium_plus,many,low,4,3,enemy_hp,3,120,11,15,26,ofat_real,ofat:factor=enemy_hp:value=3:size=medium:map_type=baseline:enemy_profile=medium_plus:item_profile=many:wall_profile=open:player_hp=4:enemy_hp=3:agent=mcts_medium,0,9,4,0,3,13,11,3,10,0.09,1,0.9662921348314607,0.10101010101010101,6,8,2,3.3333333333333335,6
griddly,mcts_medium,200,30,1.4142135623730951,medium,baseline,medium_plus,many,open,medium_plus,many,low,4,3,enemy_hp,3,120,11,16,27,ofat_real,ofat:factor=enemy_hp:value=3:size=medium:map_type=baseline:enemy_profile=medium_plus:item_profile=many:wall_profile=open:player_hp=4:enemy_hp=3:agent=mcts_medium,1,20,3,1,0,13,11,3,13,0.09,1,0.9534883720930233,0.13131313131313133,3,4,3,6.0,9
griddly,mcts_medium,200,30,1.4142135623730951,medium,baseline,medium_plus,many,open,medium_plus,many,low,4,3,enemy_hp,3,120,11,17,28,ofat_real,ofat:factor=enemy_hp:value=3:size=medium:map_type=baseline:enemy_profile=medium_plus:item_profile=many:wall_profile=open:player_hp=4:enemy_hp=3:agent=mcts_medium,0,9,4,0,3,13,11,3,12,0.09,1,0.9655172413793104,0.12121212121212122,5,5,6,7.0,8
griddly,mcts_medium,200,30,1.4142135623730951,medium,baseline,medium_plus,many,open,medium_plus,many,low,4,3,enemy_hp,3,120,11,18,29,ofat_real,ofat:factor=enemy_hp:value=3:size=medium:map_type=baseline:enemy_profile=medium_plus:item_profile=many:wall_profile=open:player_hp=4:enemy_hp=3:agent=mcts_medium,1,16,2,2,0,13,11,3,10,0.09,1,0.9662921348314607,0.10101010101010101,2,3,6,7.333333333333333,8
griddly,mcts_medium,200,30,1.4142135623730951,medium,baseline,medium_plus,many,open,medium_plus,many,low,4,3,enemy_hp,3,120,11,19,30,ofat_real,ofat:factor=enemy_hp:value=3:size=medium:map_type=baseline:enemy_profile=medium_plus:item_profile=many:wall_profile=open:player_hp=4:enemy_hp=3:agent=mcts_medium,1,26,3,1,0,13,11,3,7,0.09,1,0.967391304347826,0.0707070707070707,2,2,4,4.333333333333333,5
griddly,mcts_medium,200,30,1.4142135623730951,medium,baseline,medium_plus,many,open,medium_plus,many,low,4,3,enemy_hp,3,120,11,20,31,ofat_real,ofat:factor=enemy_hp:value=3:size=medium:map_type=baseline:enemy_profile=medium_plus:item_profile=many:wall_profile=open:player_hp=4:enemy_hp=3:agent=mcts_medium,0,11,4,0,3,13,11,3,6,0.09,1,0.967741935483871,0.06060606060606061,1,1,4,8.666666666666666,13
griddly,mcts_medium,200,30,1.4142135623730951,medium,baseline,medium_plus,many,open,medium_plus,many,low,4,3,enemy_hp,3,120,11,21,32,ofat_real,ofat:factor=enemy_hp:value=3:size=medium:map_type=baseline:enemy_profile=medium_plus:item_profile=many:wall_profile=open:player_hp=4:enemy_hp=3:agent=mcts_medium,1,13,2,2,0,13,11,3,12,0.09,1,0.9655172413793104,0.12121212121212122,3,3,4,7.333333333333333,10
griddly,mcts_medium,200,30,1.4142135623730951,medium,baseline,medium_plus,many,open,medium_plus,many,low,4,3,enemy_hp,3,120,11,22,33,ofat_real,ofat:factor=enemy_hp:value=3:size=medium:map_type=baseline:enemy_profile=medium_plus:item_profile=many:wall_profile=open:player_hp=4:enemy_hp=3:agent=mcts_medium,0,8,4,0,3,13,11,3,10,0.09,1,0.9662921348314607,0.10101010101010101,0,0,5,7.0,11
griddly,mcts_medium,200,30,1.4142135623730951,medium,baseline,medium_plus,many,open,medium_plus,many,low,4,3,enemy_hp,3,120,11,23,34,ofat_real,ofat:factor=enemy_hp:value=3:size=medium:map_type=baseline:enemy_profile=medium_plus:item_profile=many:wall_profile=open:player_hp=4:enemy_hp=3:agent=mcts_medium,1,17,3,1,0,13,11,3,7,0.09,1,0.967391304347826,0.0707070707070707,2,4,4,7.666666666666667,14
griddly,mcts_medium,200,30,1.4142135623730951,medium,baseline,medium_plus,many,open,medium_plus,many,low,4,3,enemy_hp,3,120,11,24,35,ofat_real,ofat:factor=enemy_hp:value=3:size=medium:map_type=baseline:enemy_profile=medium_plus:item_profile=many:wall_profile=open:player_hp=4:enemy_hp=3:agent=mcts_medium,0,8,4,0,3,13,11,3,8,0.09,1,0.9560439560439561,0.08080808080808081,2,3,2,3.3333333333333335,6
griddly,mcts_medium,200,30,1.4142135623730951,medium,baseline,medium_plus,many,open,medium_plus,many,low,4,3,enemy_hp,3,120,11,25,36,ofat_real,ofat:factor=enemy_hp:value=3:size=medium:map_type=baseline:enemy_profile=medium_plus:item_profile=many:wall_profile=open:player_hp=4:enemy_hp=3:agent=mcts_medium,0,12,4,0,2,13,11,3,12,0.09,1,0.9655172413793104,0.12121212121212122,1,1,4,6.333333333333333,10
griddly,mcts_medium,200,30,1.4142135623730951,medium,baseline,medium_plus,many,open,medium_plus,many,low,4,3,enemy_hp,3,120,11,26,37,ofat_real,ofat:factor=enemy_hp:value=3:size=medium:map_type=baseline:enemy_profile=medium_plus:item_profile=many:wall_profile=open:player_hp=4:enemy_hp=3:agent=mcts_medium,0,10,4,0,3,13,11,3,15,0.09,1,0.9523809523809523,0.15151515151515152,3,3,4,9.0,12
griddly,mcts_medium,200,30,1.4142135623730951,medium,baseline,medium_plus,many,open,medium_plus,many,low,4,3,enemy_hp,3,120,11,27,38,ofat_real,ofat:factor=enemy_hp:value=3:size=medium:map_type=baseline:enemy_profile=medium_plus:item_profile=many:wall_profile=open:player_hp=4:enemy_hp=3:agent=mcts_medium,0,10,4,0,3,13,11,3,5,0.09,1,0.9680851063829787,0.050505050505050504,1,1,5,5.333333333333333,6
griddly,mcts_medium,200,30,1.4142135623730951,medium,baseline,medium_plus,many,open,medium_plus,many,low,4,3,enemy_hp,3,120,11,28,39,ofat_real,ofat:factor=enemy_hp:value=3:size=medium:map_type=baseline:enemy_profile=medium_plus:item_profile=many:wall_profile=open:player_hp=4:enemy_hp=3:agent=mcts_medium,0,8,4,0,3,13,11,3,11,0.09,1,0.9659090909090909,0.1111111111111111,3,5,2,5.0,7
griddly,mcts_medium,200,30,1.4142135623730951,medium,baseline,medium_plus,many,open,medium_plus,many,low,4,3,enemy_hp,3,120,11,29,40,ofat_real,ofat:factor=enemy_hp:value=3:size=medium:map_type=baseline:enemy_profile=medium_plus:item_profile=many:wall_profile=open:player_hp=4:enemy_hp=3:agent=mcts_medium,1,24,3,1,0,13,11,3,9,0.09,1,0.9555555555555556,0.09090909090909091,1,2,5,8.0,10
